/*M!999999\- enable the sandbox mode */ 
-- MariaDB dump 10.19-11.8.3-MariaDB, for debian-linux-gnu (x86_64)
--
-- Host: localhost    Database: concesionarioKONRUEDAS
-- ------------------------------------------------------
-- Server version	11.8.3-MariaDB-1build1 from Ubuntu

/*!40101 SET @OLD_CHARACTER_SET_CLIENT=@@CHARACTER_SET_CLIENT */;
/*!40101 SET @OLD_CHARACTER_SET_RESULTS=@@CHARACTER_SET_RESULTS */;
/*!40101 SET @OLD_COLLATION_CONNECTION=@@COLLATION_CONNECTION */;
/*!40101 SET NAMES utf8mb4 */;
/*!40103 SET @OLD_TIME_ZONE=@@TIME_ZONE */;
/*!40103 SET TIME_ZONE='+00:00' */;
/*!40014 SET @OLD_UNIQUE_CHECKS=@@UNIQUE_CHECKS, UNIQUE_CHECKS=0 */;
/*!40014 SET @OLD_FOREIGN_KEY_CHECKS=@@FOREIGN_KEY_CHECKS, FOREIGN_KEY_CHECKS=0 */;
/*!40101 SET @OLD_SQL_MODE=@@SQL_MODE, SQL_MODE='NO_AUTO_VALUE_ON_ZERO' */;
/*M!100616 SET @OLD_NOTE_VERBOSITY=@@NOTE_VERBOSITY, NOTE_VERBOSITY=0 */;

--
-- Table structure for table `CARRO`
--

DROP TABLE IF EXISTS `CARRO`;
/*!40101 SET @saved_cs_client     = @@character_set_client */;
/*!40101 SET character_set_client = utf8mb4 */;
CREATE TABLE `CARRO` (
  `id_carro` int(11) NOT NULL AUTO_INCREMENT,
  `marca` varchar(50) NOT NULL,
  `modelo` varchar(50) NOT NULL,
  `color` varchar(30) DEFAULT NULL,
  `motor` varchar(50) DEFAULT NULL,
  `combustible` varchar(20) DEFAULT NULL,
  `traccion` varchar(20) DEFAULT NULL,
  `transmision` varchar(20) DEFAULT NULL,
  `anno` int(11) DEFAULT NULL,
  `tipo_carroceria` varchar(30) DEFAULT NULL,
  `hp` int(11) DEFAULT NULL,
  `puertas` int(11) DEFAULT NULL,
  `torque` int(11) DEFAULT NULL,
  `precio` decimal(10,2) NOT NULL,
  PRIMARY KEY (`id_carro`)
) ENGINE=InnoDB AUTO_INCREMENT=140 DEFAULT CHARSET=utf8mb4 COLLATE=utf8mb4_uca1400_ai_ci;
/*!40101 SET character_set_client = @saved_cs_client */;

--
-- Dumping data for table `CARRO`
--

LOCK TABLES `CARRO` WRITE;
/*!40000 ALTER TABLE `CARRO` DISABLE KEYS */;
set autocommit=0;
INSERT INTO `CARRO` VALUES
(1,'Toyota','Corolla','Blanco','Motor_1205cc','Gasolina','4x2',NULL,0,'2019',0,118,2,394.00),
(2,'Toyota','Corolla','Blanco','Motor_1360cc','Gasolina','4x4',NULL,0,'2020',0,104,5,458.00),
(3,'Toyota','Corolla','Gris','Motor_2942cc','Gasolina','4x4',NULL,0,'2019',0,341,2,146.00),
(4,'Toyota','Hilux','Gris','Motor_1448cc','Gasolina','4x4',NULL,0,'2009',0,193,2,274.00),
(5,'Toyota','Hilux','Rojo','Motor_1044cc','Gasolina','4x2',NULL,0,'2013',0,276,2,291.00),
(6,'Toyota','Hilux','Negro','Motor_1618cc','Diésel','4x2',NULL,0,'2020',0,339,5,262.00),
(7,'Toyota','Yaris','Blanco','Motor_2363cc','Híbrido','4x2',NULL,0,'2013',0,240,2,190.00),
(8,'Toyota','Yaris','Gris','Motor_1066cc','Gasolina','4x4',NULL,0,'2008',0,143,4,172.00),
(9,'Toyota','Yaris','Blanco','Motor_1710cc','Diésel','4x2',NULL,0,'2018',0,318,2,235.00),
(10,'Toyota','RAV4','Plata','Motor_1138cc','Diésel','4x4',NULL,0,'2014',0,114,4,324.00),
(11,'Toyota','RAV4','Azul','Motor_2009cc','Diésel','4x4',NULL,0,'2021',0,335,5,433.00),
(12,'Toyota','RAV4','Azul','Motor_1150cc','Gasolina','4x4',NULL,0,'2015',0,223,2,137.00),
(13,'Ford','Fiesta','Azul','Motor_1329cc','Híbrido','4x2',NULL,0,'2018',0,394,5,347.00),
(14,'Ford','Fiesta','Plata','Motor_1337cc','Híbrido','4x4',NULL,0,'2008',0,141,4,205.00),
(15,'Ford','Fiesta','Plata','Motor_2134cc','Híbrido','4x4',NULL,0,'2014',0,211,2,125.00),
(16,'Ford','Focus','Blanco','Motor_1111cc','Diésel','4x2',NULL,0,'2020',0,240,5,420.00),
(17,'Ford','Focus','Rojo','Motor_1052cc','Gasolina','4x2',NULL,0,'2023',0,332,2,257.00),
(18,'Ford','Focus','Azul','Motor_2832cc','Híbrido','4x4',NULL,0,'2020',0,288,2,289.00),
(19,'Ford','Ranger','Blanco','Motor_1912cc','Gasolina','4x4',NULL,0,'2020',0,224,2,237.00),
(20,'Ford','Ranger','Plata','Motor_2366cc','Gasolina','4x2',NULL,0,'2009',0,301,5,216.00),
(21,'Ford','Ranger','Azul','Motor_2676cc','Híbrido','4x4',NULL,0,'2025',0,210,4,253.00),
(22,'Ford','Escape','Plata','Motor_1071cc','Híbrido','4x2',NULL,0,'2010',0,178,2,208.00),
(23,'Ford','Escape','Rojo','Motor_1867cc','Gasolina','4x4',NULL,0,'2014',0,394,4,263.00),
(24,'Ford','Escape','Azul','Motor_2139cc','Diésel','4x4',NULL,0,'2010',0,324,2,458.00),
(25,'Renault','Logan','Rojo','Motor_1848cc','Gasolina','4x2',NULL,0,'2024',0,378,2,246.00),
(26,'Renault','Logan','Azul','Motor_1540cc','Diésel','4x4',NULL,0,'2025',0,178,4,306.00),
(27,'Renault','Logan','Rojo','Motor_1810cc','Diésel','4x2',NULL,0,'2012',0,227,4,110.00),
(28,'Renault','Sandero','Negro','Motor_1574cc','Diésel','4x2',NULL,0,'2018',0,243,5,326.00),
(29,'Renault','Sandero','Plata','Motor_1853cc','Híbrido','4x2',NULL,0,'2018',0,198,4,479.00),
(30,'Renault','Sandero','Rojo','Motor_2055cc','Gasolina','4x2',NULL,0,'2023',0,296,2,499.00),
(31,'Renault','Duster','Blanco','Motor_1394cc','Gasolina','4x2',NULL,0,'2024',0,323,2,284.00),
(32,'Renault','Duster','Negro','Motor_2686cc','Diésel','4x4',NULL,0,'2014',0,213,4,350.00),
(33,'Renault','Duster','Azul','Motor_2201cc','Híbrido','4x4',NULL,0,'2022',0,222,5,452.00),
(34,'Chevrolet','Spark','Rojo','Motor_1791cc','Gasolina','4x2',NULL,0,'2010',0,205,5,205.00),
(35,'Chevrolet','Spark','Gris','Motor_1041cc','Híbrido','4x2',NULL,0,'2016',0,178,5,104.00),
(36,'Chevrolet','Spark','Gris','Motor_2648cc','Diésel','4x4',NULL,0,'2015',0,268,4,229.00),
(37,'Chevrolet','Onix','Negro','Motor_2386cc','Híbrido','4x4',NULL,0,'2014',0,351,5,291.00),
(38,'Chevrolet','Onix','Negro','Motor_2401cc','Gasolina','4x4',NULL,0,'2025',0,231,5,266.00),
(39,'Chevrolet','Onix','Plata','Motor_2456cc','Híbrido','4x4',NULL,0,'2016',0,354,2,129.00),
(40,'Chevrolet','Tracker','Plata','Motor_1286cc','Híbrido','4x2',NULL,0,'2020',0,222,4,307.00),
(41,'Chevrolet','Tracker','Gris','Motor_2450cc','Híbrido','4x2',NULL,0,'2020',0,363,5,343.00),
(42,'Chevrolet','Tracker','Blanco','Motor_2721cc','Híbrido','4x2',NULL,0,'2019',0,331,2,479.00),
(43,'Chevrolet','Colorado','Plata','Motor_2842cc','Diésel','4x2',NULL,0,'2016',0,204,5,257.00),
(44,'Chevrolet','Colorado','Negro','Motor_1533cc','Híbrido','4x4',NULL,0,'2021',0,330,2,424.00),
(45,'Chevrolet','Colorado','Blanco','Motor_2024cc','Gasolina','4x4',NULL,0,'2010',0,117,2,170.00),
(46,'Mazda','Mazda 2','Azul','Motor_2166cc','Diésel','4x2',NULL,0,'2014',0,131,4,270.00),
(47,'Mazda','Mazda 2','Plata','Motor_1118cc','Gasolina','4x4',NULL,0,'2013',0,176,5,491.00),
(48,'Mazda','Mazda 2','Rojo','Motor_1265cc','Híbrido','4x4',NULL,0,'2013',0,309,4,296.00),
(49,'Mazda','Mazda 3','Gris','Motor_1408cc','Híbrido','4x4',NULL,0,'2008',0,361,2,109.00),
(50,'Mazda','Mazda 3','Blanco','Motor_2420cc','Diésel','4x4',NULL,0,'2008',0,286,5,401.00),
(51,'Mazda','Mazda 3','Rojo','Motor_2687cc','Gasolina','4x4',NULL,0,'2017',0,356,5,368.00),
(52,'Mazda','CX-5','Plata','Motor_1274cc','Diésel','4x4',NULL,0,'2018',0,174,4,109.00),
(53,'Mazda','CX-5','Plata','Motor_1268cc','Gasolina','4x2',NULL,0,'2015',0,277,5,433.00),
(54,'Mazda','CX-5','Plata','Motor_1523cc','Híbrido','4x2',NULL,0,'2009',0,100,2,453.00),
(55,'Kia','Rio','Azul','Motor_1778cc','Gasolina','4x4',NULL,0,'2011',0,195,5,451.00),
(56,'Kia','Rio','Azul','Motor_2355cc','Gasolina','4x4',NULL,0,'2008',0,143,5,468.00),
(57,'Kia','Rio','Rojo','Motor_2607cc','Gasolina','4x4',NULL,0,'2011',0,192,4,367.00),
(58,'Kia','Sportage','Plata','Motor_1839cc','Diésel','4x2',NULL,0,'2014',0,344,2,452.00),
(59,'Kia','Sportage','Blanco','Motor_1005cc','Gasolina','4x2',NULL,0,'2023',0,342,2,146.00),
(60,'Kia','Sportage','Plata','Motor_2481cc','Gasolina','4x4',NULL,0,'2024',0,241,4,337.00),
(61,'Kia','Picanto','Blanco','Motor_2790cc','Gasolina','4x4',NULL,0,'2009',0,308,5,159.00),
(62,'Kia','Picanto','Rojo','Motor_2744cc','Gasolina','4x2',NULL,0,'2011',0,314,5,237.00),
(63,'Kia','Picanto','Negro','Motor_1374cc','Gasolina','4x4',NULL,0,'2010',0,229,4,453.00),
(64,'Dodge','Journey','Plata','Motor_2814cc','Gasolina','4x2',NULL,0,'2023',0,171,2,313.00),
(65,'Dodge','Journey','Blanco','Motor_2251cc','Diésel','4x4',NULL,0,'2023',0,337,4,157.00),
(66,'Dodge','Journey','Rojo','Motor_1129cc','Diésel','4x4',NULL,0,'2021',0,385,5,389.00),
(67,'Dodge','Durango','Gris','Motor_2071cc','Híbrido','4x2',NULL,0,'2015',0,336,4,439.00),
(68,'Dodge','Durango','Gris','Motor_2826cc','Híbrido','4x2',NULL,0,'2020',0,348,4,353.00),
(69,'Dodge','Durango','Azul','Motor_1656cc','Gasolina','4x4',NULL,0,'2013',0,349,2,381.00),
(70,'Dodge','Charger','Blanco','Motor_1161cc','Diésel','4x4',NULL,0,'2020',0,345,4,261.00),
(71,'Dodge','Charger','Plata','Motor_2338cc','Gasolina','4x2',NULL,0,'2011',0,108,5,381.00),
(72,'Dodge','Charger','Gris','Motor_2972cc','Híbrido','4x4',NULL,0,'2008',0,264,4,127.00),
(73,'Citroen','C3','Negro','Motor_2147cc','Híbrido','4x4',NULL,0,'2015',0,148,2,488.00),
(74,'Citroen','C3','Negro','Motor_1727cc','Híbrido','4x4',NULL,0,'2015',0,113,2,352.00),
(75,'Citroen','C3','Rojo','Motor_1520cc','Híbrido','4x2',NULL,0,'2012',0,291,2,334.00),
(76,'Citroen','C4','Rojo','Motor_2550cc','Diésel','4x2',NULL,0,'2014',0,324,5,401.00),
(77,'Citroen','C4','Azul','Motor_1008cc','Híbrido','4x2',NULL,0,'2024',0,337,5,499.00),
(78,'Citroen','C4','Plata','Motor_2669cc','Gasolina','4x2',NULL,0,'2013',0,400,4,358.00),
(79,'Citroen','Berlingo','Gris','Motor_2875cc','Híbrido','4x2',NULL,0,'2020',0,265,4,331.00),
(80,'Citroen','Berlingo','Azul','Motor_2233cc','Híbrido','4x4',NULL,0,'2012',0,201,2,207.00),
(81,'Citroen','Berlingo','Plata','Motor_1271cc','Híbrido','4x2',NULL,0,'2017',0,270,5,345.00),
(82,'Peugeot','208','Azul','Motor_2655cc','Gasolina','4x2',NULL,0,'2021',0,164,2,443.00),
(83,'Peugeot','208','Negro','Motor_2536cc','Gasolina','4x4',NULL,0,'2009',0,121,5,251.00),
(84,'Peugeot','208','Negro','Motor_2667cc','Diésel','4x2',NULL,0,'2014',0,289,2,361.00),
(85,'Peugeot','308','Azul','Motor_1793cc','Diésel','4x4',NULL,0,'2017',0,218,2,417.00),
(86,'Peugeot','308','Plata','Motor_2443cc','Híbrido','4x4',NULL,0,'2022',0,240,4,190.00),
(87,'Peugeot','308','Blanco','Motor_2505cc','Híbrido','4x2',NULL,0,'2010',0,309,4,384.00),
(88,'Peugeot','3008','Blanco','Motor_2196cc','Diésel','4x2',NULL,0,'2016',0,169,2,178.00),
(89,'Peugeot','3008','Plata','Motor_2260cc','Híbrido','4x4',NULL,0,'2018',0,371,4,137.00),
(90,'Peugeot','3008','Blanco','Motor_2066cc','Gasolina','4x2',NULL,0,'2018',0,364,4,147.00),
(91,'Fiat','Uno','Blanco','Motor_2358cc','Diésel','4x4',NULL,0,'2019',0,201,5,371.00),
(92,'Fiat','Uno','Rojo','Motor_2369cc','Diésel','4x4',NULL,0,'2023',0,214,2,449.00),
(93,'Fiat','Uno','Rojo','Motor_1790cc','Diésel','4x4',NULL,0,'2018',0,281,5,360.00),
(94,'Fiat','Punto','Rojo','Motor_1607cc','Híbrido','4x2',NULL,0,'2022',0,132,2,185.00),
(95,'Fiat','Punto','Plata','Motor_1134cc','Gasolina','4x2',NULL,0,'2025',0,195,5,459.00),
(96,'Fiat','Punto','Plata','Motor_2405cc','Gasolina','4x2',NULL,0,'2021',0,109,2,137.00),
(97,'Fiat','500','Negro','Motor_2142cc','Gasolina','4x2',NULL,0,'2009',0,288,4,422.00),
(98,'Fiat','500','Negro','Motor_1034cc','Diésel','4x2',NULL,0,'2020',0,122,5,399.00),
(99,'Fiat','500','Negro','Motor_2900cc','Híbrido','4x2',NULL,0,'2009',0,400,2,244.00),
(100,'Subaru','Impreza','Azul','Motor_2683cc','Híbrido','4x2',NULL,0,'2022',0,363,2,169.00),
(101,'Subaru','Impreza','Plata','Motor_1295cc','Diésel','4x4',NULL,0,'2020',0,374,2,163.00),
(102,'Subaru','Impreza','Gris','Motor_2221cc','Diésel','4x2',NULL,0,'2009',0,266,2,311.00),
(103,'Subaru','Forester','Blanco','Motor_1376cc','Gasolina','4x4',NULL,0,'2024',0,182,5,390.00),
(104,'Subaru','Forester','Plata','Motor_2125cc','Gasolina','4x4',NULL,0,'2009',0,140,2,471.00),
(105,'Subaru','Forester','Negro','Motor_1262cc','Híbrido','4x2',NULL,0,'2023',0,125,2,262.00),
(106,'Mitsubishi','Lancer','Negro','Motor_2262cc','Híbrido','4x4',NULL,0,'2023',0,380,4,261.00),
(107,'Mitsubishi','Lancer','Rojo','Motor_1641cc','Gasolina','4x2',NULL,0,'2021',0,274,2,447.00),
(108,'Mitsubishi','Lancer','Azul','Motor_1912cc','Diésel','4x4',NULL,0,'2018',0,145,2,430.00),
(109,'Mitsubishi','Outlander','Blanco','Motor_2825cc','Híbrido','4x2',NULL,0,'2010',0,128,2,359.00),
(110,'Mitsubishi','Outlander','Gris','Motor_1435cc','Gasolina','4x4',NULL,0,'2008',0,277,4,214.00),
(111,'Mitsubishi','Outlander','Azul','Motor_2026cc','Híbrido','4x2',NULL,0,'2017',0,347,2,439.00),
(112,'Hyundai','Accent','Gris','Motor_1287cc','Diésel','4x2',NULL,0,'2015',0,379,5,174.00),
(113,'Hyundai','Accent','Rojo','Motor_1448cc','Diésel','4x2',NULL,0,'2023',0,279,2,121.00),
(114,'Hyundai','Accent','Azul','Motor_1961cc','Diésel','4x2',NULL,0,'2014',0,142,5,366.00),
(115,'Hyundai','Tucson','Gris','Motor_2114cc','Híbrido','4x2',NULL,0,'2016',0,277,5,434.00),
(116,'Hyundai','Tucson','Azul','Motor_2992cc','Gasolina','4x4',NULL,0,'2010',0,339,4,409.00),
(117,'Hyundai','Tucson','Azul','Motor_1339cc','Gasolina','4x2',NULL,0,'2008',0,166,2,180.00),
(118,'Hyundai','Elantra','Plata','Motor_1471cc','Diésel','4x4',NULL,0,'2019',0,335,4,207.00),
(119,'Hyundai','Elantra','Rojo','Motor_1499cc','Gasolina','4x2',NULL,0,'2013',0,352,2,393.00),
(120,'Hyundai','Elantra','Blanco','Motor_1528cc','Gasolina','4x4',NULL,0,'2012',0,133,2,329.00),
(121,'Jeep','Compass','Blanco','Motor_1449cc','Diésel','4x2',NULL,0,'2023',0,351,4,185.00),
(122,'Jeep','Compass','Gris','Motor_2209cc','Gasolina','4x2',NULL,0,'2018',0,157,2,108.00),
(123,'Jeep','Compass','Blanco','Motor_2240cc','Gasolina','4x2',NULL,0,'2014',0,397,2,372.00),
(124,'Jeep','Cherokee','Rojo','Motor_1987cc','Híbrido','4x2',NULL,0,'2024',0,357,4,289.00),
(125,'Jeep','Cherokee','Blanco','Motor_2921cc','Diésel','4x4',NULL,0,'2009',0,384,2,317.00),
(126,'Jeep','Cherokee','Azul','Motor_2568cc','Gasolina','4x2',NULL,0,'2012',0,368,4,231.00),
(127,'Jeep','Wrangler','Plata','Motor_2522cc','Gasolina','4x2',NULL,0,'2014',0,195,5,261.00),
(128,'Jeep','Wrangler','Rojo','Motor_1316cc','Diésel','4x4',NULL,0,'2021',0,306,5,287.00),
(129,'Jeep','Wrangler','Blanco','Motor_1846cc','Híbrido','4x4',NULL,0,'2016',0,376,5,347.00),
(130,'Nissan','Versa','Gris','Motor_1705cc','Híbrido','4x4',NULL,0,'2016',0,207,4,500.00),
(131,'Nissan','Versa','Blanco','Motor_2041cc','Diésel','4x4',NULL,0,'2013',0,289,5,102.00),
(132,'Nissan','Versa','Azul','Motor_2896cc','Híbrido','4x4',NULL,0,'2010',0,224,2,289.00),
(133,'Nissan','Sentra','Plata','Motor_1787cc','Diésel','4x4',NULL,0,'2010',0,343,4,105.00),
(134,'Nissan','Sentra','Blanco','Motor_1068cc','Híbrido','4x2',NULL,0,'2014',0,274,2,435.00),
(135,'Nissan','Sentra','Rojo','Motor_1565cc','Diésel','4x4',NULL,0,'2008',0,390,2,365.00),
(136,'Nissan','Frontier','Rojo','Motor_2125cc','Diésel','4x4',NULL,0,'2008',0,205,5,199.00),
(137,'Nissan','Frontier','Gris','Motor_1009cc','Diésel','4x2',NULL,0,'2022',0,144,5,137.00),
(138,'Nissan','Frontier','Negro','Motor_2939cc','Gasolina','4x4',NULL,0,'2024',0,283,5,347.00),
(139,'Toyota','Corolla',NULL,NULL,NULL,NULL,NULL,NULL,NULL,NULL,NULL,NULL,25000.00);
/*!40000 ALTER TABLE `CARRO` ENABLE KEYS */;
UNLOCK TABLES;
commit;

--
-- Table structure for table `CIUDAD`
--

DROP TABLE IF EXISTS `CIUDAD`;
/*!40101 SET @saved_cs_client     = @@character_set_client */;
/*!40101 SET character_set_client = utf8mb4 */;
CREATE TABLE `CIUDAD` (
  `id_ciudad` int(11) NOT NULL AUTO_INCREMENT,
  `nombre` varchar(100) NOT NULL,
  PRIMARY KEY (`id_ciudad`)
) ENGINE=InnoDB AUTO_INCREMENT=6 DEFAULT CHARSET=utf8mb4 COLLATE=utf8mb4_uca1400_ai_ci;
/*!40101 SET character_set_client = @saved_cs_client */;

--
-- Dumping data for table `CIUDAD`
--

LOCK TABLES `CIUDAD` WRITE;
/*!40000 ALTER TABLE `CIUDAD` DISABLE KEYS */;
set autocommit=0;
INSERT INTO `CIUDAD` VALUES
(1,'Bogotá'),
(2,'Medellín'),
(3,'Barranquilla'),
(4,'Cali'),
(5,'Cartagena');
/*!40000 ALTER TABLE `CIUDAD` ENABLE KEYS */;
UNLOCK TABLES;
commit;

--
-- Table structure for table `CLIENTE`
--

DROP TABLE IF EXISTS `CLIENTE`;
/*!40101 SET @saved_cs_client     = @@character_set_client */;
/*!40101 SET character_set_client = utf8mb4 */;
CREATE TABLE `CLIENTE` (
  `id_cliente` int(11) NOT NULL AUTO_INCREMENT,
  `nombre` varchar(100) NOT NULL,
  `fecha_de_nacimiento` date DEFAULT NULL,
  `cedula` varchar(20) NOT NULL,
  `telefono` varchar(20) DEFAULT NULL,
  `direccion` varchar(150) DEFAULT NULL,
  `correo` varchar(100) DEFAULT NULL,
  `historial_crediticio` text DEFAULT NULL,
  `capacidad_endeudamiento` decimal(10,2) DEFAULT NULL,
  PRIMARY KEY (`id_cliente`),
  UNIQUE KEY `cedula` (`cedula`),
  UNIQUE KEY `correo` (`correo`)
) ENGINE=InnoDB AUTO_INCREMENT=501 DEFAULT CHARSET=utf8mb4 COLLATE=utf8mb4_uca1400_ai_ci;
/*!40101 SET character_set_client = @saved_cs_client */;

--
-- Dumping data for table `CLIENTE`
--

LOCK TABLES `CLIENTE` WRITE;
/*!40000 ALTER TABLE `CLIENTE` DISABLE KEYS */;
set autocommit=0;
INSERT INTO `CLIENTE` VALUES
(1,'Cliente_1','2004-02-01','46632757','3576396216','Calle 97 #33-8','cliente1@email.com','Excelente',83301517.00),
(2,'Cliente_2','1978-09-05','68496914','3278632824','Calle 45 #28-8','cliente2@email.com','Bueno',99999999.99),
(3,'Cliente_3','2002-03-17','75181765','3845178074','Calle 37 #44-44','cliente3@email.com','Bueno',99999999.99),
(4,'Cliente_4','2000-11-09','13895645','3421549249','Calle 76 #32-34','cliente4@email.com','Regular',99999999.99),
(5,'Cliente_5','1993-09-24','62191530','3131081879','Calle 86 #20-3','cliente5@email.com','Bueno',99999999.99),
(6,'Cliente_6','1973-11-24','55114543','3149382425','Calle 29 #26-39','cliente6@email.com','Excelente',99999999.99),
(7,'Cliente_7','2011-03-21','99774697','3448294647','Calle 8 #1-14','cliente7@email.com','Bueno',99999999.99),
(8,'Cliente_8','2018-02-09','64266464','3954852540','Calle 39 #14-50','cliente8@email.com','Bueno',99999999.99),
(9,'Cliente_9','1981-03-14','32151928','3160257560','Calle 18 #49-17','cliente9@email.com','Excelente',99999999.99),
(10,'Cliente_10','2003-12-17','72732043','3415001254','Calle 38 #21-8','cliente10@email.com','Bueno',99999999.99),
(11,'Cliente_11','1977-01-26','27129912','3484897084','Calle 1 #32-48','cliente11@email.com','Bueno',99793533.00),
(12,'Cliente_12','1996-04-20','93517915','3502482554','Calle 56 #12-9','cliente12@email.com','Bueno',54383454.00),
(13,'Cliente_13','2002-06-12','81688860','3562446417','Calle 49 #35-46','cliente13@email.com','Excelente',26568214.00),
(14,'Cliente_14','1987-04-02','13619375','3256304376','Calle 30 #33-36','cliente14@email.com','Regular',99999999.99),
(15,'Cliente_15','1976-03-29','62884503','3362204999','Calle 86 #23-5','cliente15@email.com','Regular',99999999.99),
(16,'Cliente_16','1974-02-10','89442503','3670335494','Calle 51 #48-3','cliente16@email.com','Bueno',27553041.00),
(17,'Cliente_17','1990-06-12','85751409','3542437192','Calle 56 #2-30','cliente17@email.com','Excelente',99999999.99),
(18,'Cliente_18','1995-12-18','98986321','3707660630','Calle 10 #21-37','cliente18@email.com','Excelente',99999999.99),
(19,'Cliente_19','1977-02-27','13637575','3832077572','Calle 55 #37-26','cliente19@email.com','Excelente',99999999.99),
(20,'Cliente_20','1990-11-20','21267237','3950961305','Calle 91 #41-27','cliente20@email.com','Excelente',99999999.99),
(21,'Cliente_21','1979-01-23','96268397','3293334613','Calle 38 #8-26','cliente21@email.com','Regular',99999999.99),
(22,'Cliente_22','2004-02-07','67527432','3282518553','Calle 3 #21-11','cliente22@email.com','Excelente',99999999.99),
(23,'Cliente_23','1994-12-09','28213276','3287979290','Calle 80 #30-45','cliente23@email.com','Regular',99999999.99),
(24,'Cliente_24','2010-09-05','71968116','3184791618','Calle 47 #6-28','cliente24@email.com','Bueno',99999999.99),
(25,'Cliente_25','2002-09-24','34391257','3754436820','Calle 14 #16-28','cliente25@email.com','Bueno',70779691.00),
(26,'Cliente_26','1984-08-04','16749089','3510753814','Calle 76 #26-34','cliente26@email.com','Excelente',71314228.00),
(27,'Cliente_27','2003-03-19','44917589','3765408938','Calle 11 #26-20','cliente27@email.com','Excelente',99999999.99),
(28,'Cliente_28','2001-11-15','60882459','3833510170','Calle 96 #22-15','cliente28@email.com','Regular',99999999.99),
(29,'Cliente_29','1988-10-18','53936531','3358589021','Calle 43 #50-11','cliente29@email.com','Bueno',32339479.00),
(30,'Cliente_30','1993-12-14','38408562','3634366139','Calle 10 #33-41','cliente30@email.com','Bueno',99999999.99),
(31,'Cliente_31','1976-05-28','71028710','3726160204','Calle 15 #34-33','cliente31@email.com','Excelente',99999999.99),
(32,'Cliente_32','1985-05-09','53868501','3253671484','Calle 25 #50-23','cliente32@email.com','Excelente',99999999.99),
(33,'Cliente_33','2017-12-02','55298556','3349310440','Calle 45 #47-42','cliente33@email.com','Regular',64984407.00),
(34,'Cliente_34','1991-12-18','60885459','3595155950','Calle 19 #16-7','cliente34@email.com','Excelente',99999999.99),
(35,'Cliente_35','1984-08-29','47346970','3784944881','Calle 19 #17-13','cliente35@email.com','Regular',99999999.99),
(36,'Cliente_36','2011-06-22','66581473','3372706093','Calle 23 #39-10','cliente36@email.com','Bueno',27303563.00),
(37,'Cliente_37','2004-01-16','43859311','3593460064','Calle 98 #49-42','cliente37@email.com','Excelente',99999999.99),
(38,'Cliente_38','1994-03-21','20993268','3374154962','Calle 10 #12-50','cliente38@email.com','Excelente',99999999.99),
(39,'Cliente_39','1989-09-14','73123515','3816014770','Calle 81 #32-30','cliente39@email.com','Excelente',99999999.99),
(40,'Cliente_40','1999-02-04','12601580','3110090412','Calle 97 #37-49','cliente40@email.com','Regular',56698644.00),
(41,'Cliente_41','1975-01-07','82399599','3963968184','Calle 75 #29-44','cliente41@email.com','Bueno',99999999.99),
(42,'Cliente_42','1990-07-20','16990811','3599561877','Calle 73 #42-41','cliente42@email.com','Bueno',73021142.00),
(43,'Cliente_43','1972-11-17','56970882','3408842146','Calle 80 #21-41','cliente43@email.com','Bueno',99999999.99),
(44,'Cliente_44','1998-04-20','40094589','3827579147','Calle 41 #10-29','cliente44@email.com','Excelente',99999999.99),
(45,'Cliente_45','2005-12-28','97260863','3686905284','Calle 9 #31-29','cliente45@email.com','Bueno',99999999.99),
(46,'Cliente_46','1994-01-08','19209801','3269625036','Calle 81 #20-18','cliente46@email.com','Bueno',99999999.99),
(47,'Cliente_47','1975-12-09','97477029','3179308612','Calle 76 #4-23','cliente47@email.com','Bueno',99110703.00),
(48,'Cliente_48','1988-12-05','15403355','3574303740','Calle 65 #5-20','cliente48@email.com','Excelente',84751201.00),
(49,'Cliente_49','1998-03-26','14164775','3471048258','Calle 60 #29-3','cliente49@email.com','Excelente',99999999.99),
(50,'Cliente_50','1989-01-28','43189803','3730900313','Calle 8 #24-19','cliente50@email.com','Regular',99999999.99),
(51,'Cliente_51','2014-10-15','36757737','3421214426','Calle 10 #42-6','cliente51@email.com','Regular',41867494.00),
(52,'Cliente_52','2005-06-30','12735359','3786055206','Calle 79 #39-33','cliente52@email.com','Regular',99999999.99),
(53,'Cliente_53','2011-03-02','93394260','3555598254','Calle 50 #30-38','cliente53@email.com','Regular',99999999.99),
(54,'Cliente_54','1982-10-26','30452412','3841218491','Calle 71 #48-3','cliente54@email.com','Bueno',99999999.99),
(55,'Cliente_55','1993-10-06','42016960','3368540924','Calle 58 #37-42','cliente55@email.com','Regular',99999999.99),
(56,'Cliente_56','1982-07-12','26941092','3590523712','Calle 25 #21-39','cliente56@email.com','Regular',99999999.99),
(57,'Cliente_57','1992-02-16','73560289','3424400672','Calle 61 #33-10','cliente57@email.com','Regular',99999999.99),
(58,'Cliente_58','2018-05-10','99853245','3313907621','Calle 8 #29-7','cliente58@email.com','Excelente',99999999.99),
(59,'Cliente_59','1993-07-28','25353091','3513061224','Calle 44 #46-6','cliente59@email.com','Bueno',99999999.99),
(60,'Cliente_60','2008-06-08','85694715','3618840705','Calle 65 #42-12','cliente60@email.com','Excelente',99999999.99),
(61,'Cliente_61','2005-10-31','39254705','3214518079','Calle 6 #16-46','cliente61@email.com','Bueno',99999999.99),
(62,'Cliente_62','2002-06-23','72415804','3354697684','Calle 57 #29-34','cliente62@email.com','Regular',61123621.00),
(63,'Cliente_63','1989-09-04','44392446','3509486794','Calle 67 #40-11','cliente63@email.com','Excelente',82793738.00),
(64,'Cliente_64','1982-05-30','59512272','3714097318','Calle 47 #24-19','cliente64@email.com','Bueno',99999999.99),
(65,'Cliente_65','2015-09-18','32520277','3485429460','Calle 50 #27-50','cliente65@email.com','Excelente',41828866.00),
(66,'Cliente_66','2014-04-11','91321540','3717199615','Calle 44 #44-39','cliente66@email.com','Excelente',99999999.99),
(67,'Cliente_67','1978-02-26','91503378','3417690559','Calle 7 #41-42','cliente67@email.com','Bueno',78122564.00),
(68,'Cliente_68','1974-03-24','25372341','3850845198','Calle 43 #5-22','cliente68@email.com','Bueno',81237861.00),
(69,'Cliente_69','1979-11-02','31980274','3417001612','Calle 13 #36-44','cliente69@email.com','Regular',99999999.99),
(70,'Cliente_70','1983-09-18','51746937','3123557463','Calle 50 #19-17','cliente70@email.com','Regular',88513851.00),
(71,'Cliente_71','1984-05-09','24508768','3991246046','Calle 93 #43-39','cliente71@email.com','Regular',99999999.99),
(72,'Cliente_72','2007-11-16','87669750','3806768884','Calle 20 #22-6','cliente72@email.com','Excelente',99999999.99),
(73,'Cliente_73','1975-09-13','13446499','3524993183','Calle 75 #43-10','cliente73@email.com','Regular',99999999.99),
(74,'Cliente_74','2004-07-09','51870192','3394721069','Calle 45 #20-42','cliente74@email.com','Bueno',99999999.99),
(75,'Cliente_75','2004-03-27','87282128','3108695125','Calle 90 #43-26','cliente75@email.com','Excelente',86327815.00),
(76,'Cliente_76','2011-12-29','60372847','3707661655','Calle 17 #39-46','cliente76@email.com','Bueno',99999999.99),
(77,'Cliente_77','2017-06-21','63238057','3836371599','Calle 11 #20-36','cliente77@email.com','Excelente',99999999.99),
(78,'Cliente_78','1992-07-22','36619372','3935705734','Calle 49 #42-22','cliente78@email.com','Bueno',99999999.99),
(79,'Cliente_79','1971-01-12','20200074','3899582079','Calle 17 #43-45','cliente79@email.com','Bueno',99999999.99),
(80,'Cliente_80','1980-04-11','89470029','3152660856','Calle 95 #44-34','cliente80@email.com','Regular',50542490.00),
(81,'Cliente_81','2018-03-05','94187049','3751124015','Calle 12 #42-43','cliente81@email.com','Regular',59979883.00),
(82,'Cliente_82','1993-12-09','42594692','3900122509','Calle 55 #33-24','cliente82@email.com','Excelente',99999999.99),
(83,'Cliente_83','2000-07-08','23676961','3633356861','Calle 3 #24-20','cliente83@email.com','Regular',99999999.99),
(84,'Cliente_84','1980-01-04','50477742','3994253959','Calle 24 #14-22','cliente84@email.com','Excelente',99999999.99),
(85,'Cliente_85','1996-05-01','90585882','3407298630','Calle 99 #32-13','cliente85@email.com','Bueno',99999999.99),
(86,'Cliente_86','2009-01-02','26247735','3932945529','Calle 29 #9-10','cliente86@email.com','Excelente',99999999.99),
(87,'Cliente_87','1984-03-10','85958181','3957769526','Calle 10 #19-7','cliente87@email.com','Bueno',99999999.99),
(88,'Cliente_88','2010-09-15','15512205','3347087743','Calle 65 #50-35','cliente88@email.com','Bueno',99999999.99),
(89,'Cliente_89','1970-04-17','56600900','3751831074','Calle 95 #34-3','cliente89@email.com','Bueno',11327724.00),
(90,'Cliente_90','1993-08-18','81503856','3961067882','Calle 85 #22-50','cliente90@email.com','Excelente',60005047.00),
(91,'Cliente_91','2014-11-29','67495923','3478301747','Calle 80 #9-39','cliente91@email.com','Excelente',99999999.99),
(92,'Cliente_92','1986-01-11','98787891','3335154329','Calle 49 #10-11','cliente92@email.com','Regular',99999999.99),
(93,'Cliente_93','2015-07-19','59737181','3783563240','Calle 24 #45-50','cliente93@email.com','Regular',44000401.00),
(94,'Cliente_94','1979-07-19','19255216','3304152670','Calle 80 #11-47','cliente94@email.com','Bueno',99999999.99),
(95,'Cliente_95','1996-10-10','77908907','3766676815','Calle 57 #3-27','cliente95@email.com','Bueno',99999999.99),
(96,'Cliente_96','2015-07-19','96911784','3369108475','Calle 47 #44-47','cliente96@email.com','Excelente',99999999.99),
(97,'Cliente_97','1987-11-05','55799273','3827744047','Calle 31 #29-40','cliente97@email.com','Regular',99999999.99),
(98,'Cliente_98','1983-09-18','11698142','3911294971','Calle 37 #49-48','cliente98@email.com','Excelente',99999999.99),
(99,'Cliente_99','2003-07-19','66379329','3874090950','Calle 58 #15-35','cliente99@email.com','Excelente',99999999.99),
(100,'Cliente_100','1984-06-29','75793759','3924065468','Calle 31 #20-31','cliente100@email.com','Excelente',99999999.99),
(101,'Cliente_101','2018-05-23','24165187','3807790785','Calle 25 #24-44','cliente101@email.com','Bueno',99999999.99),
(102,'Cliente_102','2017-07-31','68186525','3831062591','Calle 74 #29-30','cliente102@email.com','Bueno',99999999.99),
(103,'Cliente_103','1970-01-19','58612055','3246865585','Calle 99 #19-50','cliente103@email.com','Regular',99999999.99),
(104,'Cliente_104','1999-01-30','95306788','3774576271','Calle 49 #33-34','cliente104@email.com','Bueno',80112252.00),
(105,'Cliente_105','2013-11-01','71705170','3204328975','Calle 54 #11-13','cliente105@email.com','Bueno',99999999.99),
(106,'Cliente_106','1971-10-01','30534124','3773728014','Calle 78 #9-17','cliente106@email.com','Excelente',99999999.99),
(107,'Cliente_107','1980-01-14','68450095','3794002948','Calle 7 #42-31','cliente107@email.com','Bueno',35989524.00),
(108,'Cliente_108','2002-07-26','33640702','3142329671','Calle 48 #36-7','cliente108@email.com','Excelente',34665422.00),
(109,'Cliente_109','1997-08-03','80027662','3431714152','Calle 92 #34-8','cliente109@email.com','Regular',63458780.00),
(110,'Cliente_110','1991-06-26','97302916','3946764061','Calle 37 #6-49','cliente110@email.com','Bueno',99999999.99),
(111,'Cliente_111','1975-03-14','46249845','3573330302','Calle 21 #18-29','cliente111@email.com','Regular',18740985.00),
(112,'Cliente_112','1991-08-11','92666356','3135824891','Calle 66 #10-28','cliente112@email.com','Bueno',76699324.00),
(113,'Cliente_113','1977-01-24','82232344','3722312633','Calle 12 #15-29','cliente113@email.com','Excelente',94816755.00),
(114,'Cliente_114','1977-09-07','74893936','3491766764','Calle 45 #2-27','cliente114@email.com','Bueno',99999999.99),
(115,'Cliente_115','2013-08-07','72394301','3886365312','Calle 7 #26-33','cliente115@email.com','Excelente',99999999.99),
(116,'Cliente_116','1976-03-17','68461818','3241102355','Calle 48 #16-25','cliente116@email.com','Regular',10362884.00),
(117,'Cliente_117','2017-10-16','89520597','3196779973','Calle 11 #24-15','cliente117@email.com','Excelente',99999999.99),
(118,'Cliente_118','1981-04-13','46023439','3416872439','Calle 4 #21-7','cliente118@email.com','Excelente',99999999.99),
(119,'Cliente_119','1981-07-09','53258988','3450811990','Calle 92 #42-22','cliente119@email.com','Regular',80820296.00),
(120,'Cliente_120','2012-08-22','42949803','3902601465','Calle 19 #9-3','cliente120@email.com','Regular',99999999.99),
(121,'Cliente_121','1984-10-24','21631697','3546143048','Calle 37 #31-45','cliente121@email.com','Excelente',95350372.00),
(122,'Cliente_122','1993-10-12','47437115','3288592093','Calle 18 #49-46','cliente122@email.com','Bueno',99999999.99),
(123,'Cliente_123','2017-05-04','70505620','3315601773','Calle 61 #29-40','cliente123@email.com','Excelente',60111522.00),
(124,'Cliente_124','2007-12-18','42730796','3241905500','Calle 1 #6-2','cliente124@email.com','Excelente',99999999.99),
(125,'Cliente_125','1989-01-01','72372114','3944511703','Calle 33 #14-10','cliente125@email.com','Bueno',99999999.99),
(126,'Cliente_126','2018-05-20','86483924','3679184667','Calle 71 #47-39','cliente126@email.com','Excelente',54249185.00),
(127,'Cliente_127','1988-01-18','91917334','3492836532','Calle 68 #28-8','cliente127@email.com','Excelente',99999999.99),
(128,'Cliente_128','1997-12-19','99682738','3669998399','Calle 100 #19-16','cliente128@email.com','Regular',98865603.00),
(129,'Cliente_129','2005-10-18','60867083','3638798023','Calle 39 #8-4','cliente129@email.com','Bueno',37803080.00),
(130,'Cliente_130','2003-07-03','55150390','3392624015','Calle 31 #27-41','cliente130@email.com','Bueno',99999999.99),
(131,'Cliente_131','2009-04-21','13852048','3991713190','Calle 80 #30-5','cliente131@email.com','Regular',99999999.99),
(132,'Cliente_132','2016-06-07','76344695','3276678230','Calle 15 #32-39','cliente132@email.com','Bueno',99999999.99),
(133,'Cliente_133','2010-07-04','53622663','3375919523','Calle 69 #2-41','cliente133@email.com','Bueno',99999999.99),
(134,'Cliente_134','1980-11-09','34406132','3985503942','Calle 66 #37-16','cliente134@email.com','Regular',58962191.00),
(135,'Cliente_135','1992-03-29','75437844','3617380166','Calle 92 #10-19','cliente135@email.com','Excelente',61101349.00),
(136,'Cliente_136','1990-02-27','38470244','3965960427','Calle 55 #1-40','cliente136@email.com','Excelente',10583207.00),
(137,'Cliente_137','1975-09-30','57623800','3416905717','Calle 46 #16-37','cliente137@email.com','Excelente',99999999.99),
(138,'Cliente_138','2000-05-01','44675473','3901611993','Calle 54 #12-43','cliente138@email.com','Regular',99999999.99),
(139,'Cliente_139','1971-11-21','55679506','3463692735','Calle 86 #6-34','cliente139@email.com','Regular',51843035.00),
(140,'Cliente_140','1990-08-24','47535126','3963538119','Calle 47 #5-34','cliente140@email.com','Bueno',81242656.00),
(141,'Cliente_141','1989-10-04','90014570','3223662532','Calle 70 #33-33','cliente141@email.com','Excelente',99999999.99),
(142,'Cliente_142','1970-08-24','47080140','3602866993','Calle 71 #2-25','cliente142@email.com','Regular',99999999.99),
(143,'Cliente_143','1976-05-15','84597009','3180852074','Calle 61 #3-41','cliente143@email.com','Regular',99999999.99),
(144,'Cliente_144','1975-04-14','11362459','3251136695','Calle 50 #24-17','cliente144@email.com','Regular',14985892.00),
(145,'Cliente_145','1990-07-16','79340535','3909763993','Calle 96 #2-23','cliente145@email.com','Bueno',14328558.00),
(146,'Cliente_146','1976-01-18','35643159','3342251928','Calle 9 #23-16','cliente146@email.com','Regular',99999999.99),
(147,'Cliente_147','1972-10-26','21490777','3826197069','Calle 94 #43-41','cliente147@email.com','Excelente',74743295.00),
(148,'Cliente_148','1999-08-24','42394260','3877621770','Calle 14 #50-38','cliente148@email.com','Regular',99999999.99),
(149,'Cliente_149','1976-05-10','64549859','3824138175','Calle 95 #49-22','cliente149@email.com','Regular',80960993.00),
(150,'Cliente_150','2016-02-16','75575808','3526717340','Calle 18 #3-23','cliente150@email.com','Bueno',99999999.99),
(151,'Cliente_151','1991-05-09','84514489','3963919401','Calle 70 #22-42','cliente151@email.com','Excelente',48025659.00),
(152,'Cliente_152','1994-12-26','42255732','3698409868','Calle 23 #50-44','cliente152@email.com','Excelente',99999999.99),
(153,'Cliente_153','2013-07-20','73900135','3492747974','Calle 60 #45-31','cliente153@email.com','Excelente',99999999.99),
(154,'Cliente_154','1989-03-22','96691619','3196961971','Calle 81 #12-9','cliente154@email.com','Regular',57959257.00),
(155,'Cliente_155','2018-05-18','75876924','3948988297','Calle 9 #46-50','cliente155@email.com','Bueno',64990170.00),
(156,'Cliente_156','1981-11-14','70152969','3523671208','Calle 59 #3-19','cliente156@email.com','Excelente',65405903.00),
(157,'Cliente_157','2012-05-28','12314351','3114945047','Calle 26 #3-13','cliente157@email.com','Regular',99999999.99),
(158,'Cliente_158','1991-10-20','22489409','3383960237','Calle 6 #21-20','cliente158@email.com','Bueno',99999999.99),
(159,'Cliente_159','2012-06-07','49491631','3676140134','Calle 66 #26-35','cliente159@email.com','Excelente',99999999.99),
(160,'Cliente_160','2006-07-09','39742165','3232702394','Calle 61 #17-3','cliente160@email.com','Bueno',83620728.00),
(161,'Cliente_161','1987-01-31','64277800','3588322781','Calle 97 #42-13','cliente161@email.com','Bueno',99999999.99),
(162,'Cliente_162','1978-06-18','42655866','3495765839','Calle 37 #23-50','cliente162@email.com','Regular',81482336.00),
(163,'Cliente_163','1978-09-12','51098277','3822443971','Calle 7 #42-22','cliente163@email.com','Bueno',86693656.00),
(164,'Cliente_164','2008-09-02','99115205','3904245086','Calle 35 #8-24','cliente164@email.com','Regular',46728201.00),
(165,'Cliente_165','2001-10-14','88055069','3821920438','Calle 56 #26-48','cliente165@email.com','Excelente',99999999.99),
(166,'Cliente_166','2008-01-01','59529086','3381493671','Calle 57 #25-22','cliente166@email.com','Excelente',14549840.00),
(167,'Cliente_167','2006-11-18','73519947','3727666622','Calle 24 #32-45','cliente167@email.com','Bueno',98109402.00),
(168,'Cliente_168','2011-11-25','84285882','3509123009','Calle 64 #24-34','cliente168@email.com','Excelente',99999999.99),
(169,'Cliente_169','1974-11-11','81259135','3983063850','Calle 35 #6-47','cliente169@email.com','Regular',99999999.99),
(170,'Cliente_170','1978-10-30','56138336','3785637052','Calle 55 #6-28','cliente170@email.com','Regular',99999999.99),
(171,'Cliente_171','1975-06-10','67110154','3498866784','Calle 78 #12-35','cliente171@email.com','Regular',91268367.00),
(172,'Cliente_172','2006-02-14','83871890','3216335741','Calle 38 #21-7','cliente172@email.com','Bueno',99999999.99),
(173,'Cliente_173','2000-06-10','54398056','3824600232','Calle 11 #21-43','cliente173@email.com','Bueno',99999999.99),
(174,'Cliente_174','1979-10-21','57219209','3351064359','Calle 38 #20-29','cliente174@email.com','Bueno',99999999.99),
(175,'Cliente_175','1992-04-22','70900658','3606244434','Calle 78 #46-28','cliente175@email.com','Regular',56540280.00),
(176,'Cliente_176','1987-03-11','46361787','3126870011','Calle 22 #45-29','cliente176@email.com','Regular',63936799.00),
(177,'Cliente_177','1987-01-24','51154241','3765233376','Calle 45 #29-3','cliente177@email.com','Regular',85168980.00),
(178,'Cliente_178','2018-02-11','43742830','3702806585','Calle 94 #23-40','cliente178@email.com','Regular',76119528.00),
(179,'Cliente_179','2010-04-01','40942292','3452194058','Calle 56 #18-41','cliente179@email.com','Bueno',99999999.99),
(180,'Cliente_180','1982-07-30','26194158','3755070775','Calle 8 #5-43','cliente180@email.com','Bueno',99999999.99),
(181,'Cliente_181','2007-11-07','35848226','3337691219','Calle 82 #26-24','cliente181@email.com','Bueno',99999999.99),
(182,'Cliente_182','1986-06-18','52352128','3795411453','Calle 66 #48-44','cliente182@email.com','Bueno',99999999.99),
(183,'Cliente_183','1994-12-28','26046365','3167878777','Calle 21 #2-10','cliente183@email.com','Regular',85070760.00),
(184,'Cliente_184','2011-07-04','81922443','3782259766','Calle 78 #44-29','cliente184@email.com','Regular',99999999.99),
(185,'Cliente_185','1992-05-30','34850391','3984607950','Calle 5 #9-5','cliente185@email.com','Excelente',99999999.99),
(186,'Cliente_186','1976-10-06','35708194','3598503464','Calle 31 #50-42','cliente186@email.com','Excelente',55230686.00),
(187,'Cliente_187','2009-10-03','39042654','3852775879','Calle 47 #24-25','cliente187@email.com','Excelente',99999999.99),
(188,'Cliente_188','1978-10-14','74988034','3424474225','Calle 73 #3-39','cliente188@email.com','Regular',99999999.99),
(189,'Cliente_189','1974-07-16','47111151','3797115550','Calle 20 #44-29','cliente189@email.com','Bueno',24401241.00),
(190,'Cliente_190','2018-07-01','89133014','3538404342','Calle 48 #24-29','cliente190@email.com','Bueno',99999999.99),
(191,'Cliente_191','1971-04-29','80415568','3225279834','Calle 98 #5-37','cliente191@email.com','Bueno',99999999.99),
(192,'Cliente_192','1978-05-15','90099897','3250084428','Calle 18 #34-24','cliente192@email.com','Regular',99999999.99),
(193,'Cliente_193','1991-03-17','47983442','3148690765','Calle 51 #21-42','cliente193@email.com','Excelente',99999999.99),
(194,'Cliente_194','1984-12-02','23492385','3139956218','Calle 36 #16-8','cliente194@email.com','Bueno',99999999.99),
(195,'Cliente_195','2006-06-18','36054020','3426808977','Calle 4 #48-12','cliente195@email.com','Excelente',99999999.99),
(196,'Cliente_196','2013-07-27','49761527','3628951656','Calle 64 #34-25','cliente196@email.com','Excelente',99999999.99),
(197,'Cliente_197','2013-03-09','40532273','3224683417','Calle 72 #8-17','cliente197@email.com','Regular',39296578.00),
(198,'Cliente_198','1989-03-06','58436637','3204359116','Calle 100 #17-46','cliente198@email.com','Regular',99999999.99),
(199,'Cliente_199','2005-12-24','34084236','3352114611','Calle 58 #14-40','cliente199@email.com','Bueno',99999999.99),
(200,'Cliente_200','1975-04-06','50569669','3677186272','Calle 37 #45-32','cliente200@email.com','Regular',99999999.99),
(201,'Cliente_201','1984-10-08','11898961','3245668163','Calle 26 #8-9','cliente201@email.com','Regular',70528792.00),
(202,'Cliente_202','2004-01-01','81690398','3517305280','Calle 10 #29-12','cliente202@email.com','Regular',99999999.99),
(203,'Cliente_203','1970-03-12','26989677','3587096273','Calle 92 #29-6','cliente203@email.com','Bueno',99999999.99),
(204,'Cliente_204','2005-01-10','46817443','3498370582','Calle 88 #21-43','cliente204@email.com','Excelente',48124279.00),
(205,'Cliente_205','1993-10-17','16109013','3819929088','Calle 45 #46-5','cliente205@email.com','Excelente',99999999.99),
(206,'Cliente_206','2010-10-27','17318358','3897940629','Calle 71 #35-19','cliente206@email.com','Bueno',16478426.00),
(207,'Cliente_207','1995-08-05','84270583','3847843987','Calle 39 #11-46','cliente207@email.com','Excelente',99999999.99),
(208,'Cliente_208','2007-12-14','49209916','3680027275','Calle 91 #45-41','cliente208@email.com','Excelente',99999999.99),
(209,'Cliente_209','2013-08-30','26948946','3550033924','Calle 23 #24-33','cliente209@email.com','Bueno',80857771.00),
(210,'Cliente_210','1983-11-21','95613415','3730651895','Calle 29 #8-13','cliente210@email.com','Excelente',99999999.99),
(211,'Cliente_211','1987-01-14','75884623','3897005281','Calle 18 #16-32','cliente211@email.com','Regular',99999999.99),
(212,'Cliente_212','1996-08-14','23769080','3880179899','Calle 4 #24-36','cliente212@email.com','Bueno',99999999.99),
(213,'Cliente_213','1989-07-13','11646234','3265917699','Calle 74 #24-30','cliente213@email.com','Bueno',99999999.99),
(214,'Cliente_214','1975-04-01','87049595','3545478870','Calle 71 #9-40','cliente214@email.com','Regular',99999999.99),
(215,'Cliente_215','2018-08-23','48163378','3803217037','Calle 12 #5-20','cliente215@email.com','Regular',49187196.00),
(216,'Cliente_216','1975-06-21','73001391','3206323670','Calle 51 #46-47','cliente216@email.com','Regular',18960053.00),
(217,'Cliente_217','1998-02-19','74251933','3995171130','Calle 62 #34-27','cliente217@email.com','Regular',46256274.00),
(218,'Cliente_218','1975-02-17','69118721','3625432379','Calle 99 #27-37','cliente218@email.com','Bueno',17405289.00),
(219,'Cliente_219','1974-07-02','55728776','3761051532','Calle 10 #9-21','cliente219@email.com','Bueno',99999999.99),
(220,'Cliente_220','2012-10-10','34744872','3538211092','Calle 83 #5-29','cliente220@email.com','Bueno',99999999.99),
(221,'Cliente_221','2015-02-11','16895666','3400368694','Calle 60 #44-34','cliente221@email.com','Regular',31381882.00),
(222,'Cliente_222','2017-08-25','43887075','3135128844','Calle 45 #9-50','cliente222@email.com','Regular',42463968.00),
(223,'Cliente_223','1984-02-15','74119726','3841183219','Calle 71 #41-38','cliente223@email.com','Regular',99999999.99),
(224,'Cliente_224','1975-02-07','25312516','3497853519','Calle 24 #50-9','cliente224@email.com','Regular',99999999.99),
(225,'Cliente_225','2015-07-24','18770247','3333291547','Calle 56 #33-4','cliente225@email.com','Regular',99999999.99),
(226,'Cliente_226','1977-03-10','63782042','3576078963','Calle 16 #34-10','cliente226@email.com','Bueno',99999999.99),
(227,'Cliente_227','1986-09-03','76001106','3577488537','Calle 39 #11-11','cliente227@email.com','Regular',99999999.99),
(228,'Cliente_228','1976-02-24','19943140','3353524015','Calle 42 #46-15','cliente228@email.com','Regular',99999999.99),
(229,'Cliente_229','1976-02-05','87446468','3489431174','Calle 45 #34-19','cliente229@email.com','Bueno',99999999.99),
(230,'Cliente_230','1991-02-07','94482772','3206681214','Calle 11 #17-13','cliente230@email.com','Excelente',54253095.00),
(231,'Cliente_231','2006-03-23','17195288','3836243579','Calle 82 #36-18','cliente231@email.com','Excelente',99999999.99),
(232,'Cliente_232','1980-10-03','30364454','3494422907','Calle 17 #41-20','cliente232@email.com','Regular',99999999.99),
(233,'Cliente_233','1992-02-02','30024960','3684615760','Calle 79 #35-6','cliente233@email.com','Excelente',91969688.00),
(234,'Cliente_234','1973-07-26','85543051','3792377512','Calle 65 #42-11','cliente234@email.com','Excelente',99999999.99),
(235,'Cliente_235','1977-05-10','50780112','3485123110','Calle 76 #38-10','cliente235@email.com','Bueno',54880838.00),
(236,'Cliente_236','2007-08-12','21432787','3165015165','Calle 22 #43-40','cliente236@email.com','Regular',99999999.99),
(237,'Cliente_237','2016-11-25','43311626','3527499187','Calle 93 #39-22','cliente237@email.com','Bueno',52424376.00),
(238,'Cliente_238','1998-05-20','25898299','3396225446','Calle 73 #3-2','cliente238@email.com','Bueno',99999999.99),
(239,'Cliente_239','1993-05-24','84903294','3303805386','Calle 11 #3-42','cliente239@email.com','Regular',99999999.99),
(240,'Cliente_240','1988-04-29','65857931','3231167999','Calle 99 #37-17','cliente240@email.com','Bueno',93417462.00),
(241,'Cliente_241','1998-03-10','91378577','3984968439','Calle 84 #14-50','cliente241@email.com','Regular',99999999.99),
(242,'Cliente_242','1991-06-01','90010790','3588249062','Calle 74 #27-40','cliente242@email.com','Regular',99999999.99),
(243,'Cliente_243','1993-10-30','93002706','3198433586','Calle 82 #2-32','cliente243@email.com','Excelente',99999999.99),
(244,'Cliente_244','2005-07-05','40291214','3811642514','Calle 81 #35-19','cliente244@email.com','Regular',45495267.00),
(245,'Cliente_245','1981-09-28','80138498','3327746886','Calle 83 #20-31','cliente245@email.com','Regular',99999999.99),
(246,'Cliente_246','1996-11-30','61053474','3789024924','Calle 32 #44-26','cliente246@email.com','Regular',99999999.99),
(247,'Cliente_247','2011-01-08','70467027','3786650291','Calle 39 #30-5','cliente247@email.com','Regular',99999999.99),
(248,'Cliente_248','1998-05-14','69421007','3741180590','Calle 89 #4-11','cliente248@email.com','Regular',41088019.00),
(249,'Cliente_249','1976-07-05','49910061','3122932394','Calle 57 #27-31','cliente249@email.com','Excelente',99999999.99),
(250,'Cliente_250','1970-11-02','88990506','3154308262','Calle 60 #14-22','cliente250@email.com','Excelente',56285140.00),
(251,'Cliente_251','2011-02-12','67556566','3944814262','Calle 78 #10-21','cliente251@email.com','Bueno',99999999.99),
(252,'Cliente_252','1978-12-21','50987442','3458102728','Calle 92 #21-47','cliente252@email.com','Regular',72269823.00),
(253,'Cliente_253','1976-07-28','86320155','3361530104','Calle 45 #26-9','cliente253@email.com','Regular',99999999.99),
(254,'Cliente_254','2018-03-27','93352876','3235209737','Calle 98 #24-33','cliente254@email.com','Excelente',39543266.00),
(255,'Cliente_255','1989-02-14','18083974','3945011302','Calle 72 #7-21','cliente255@email.com','Excelente',99999999.99),
(256,'Cliente_256','2015-05-21','91823275','3706210987','Calle 31 #30-8','cliente256@email.com','Bueno',99999999.99),
(257,'Cliente_257','1993-10-17','23318904','3320337809','Calle 35 #29-16','cliente257@email.com','Regular',74125476.00),
(258,'Cliente_258','1981-11-19','37888820','3173669588','Calle 19 #7-4','cliente258@email.com','Regular',16799454.00),
(259,'Cliente_259','2001-04-24','93955206','3991010113','Calle 38 #25-40','cliente259@email.com','Bueno',83665022.00),
(260,'Cliente_260','1976-03-04','38323322','3921581473','Calle 54 #16-11','cliente260@email.com','Regular',16093809.00),
(261,'Cliente_261','1991-12-01','45520201','3695076080','Calle 42 #37-47','cliente261@email.com','Regular',97956975.00),
(262,'Cliente_262','2003-02-25','98641164','3322433532','Calle 41 #13-49','cliente262@email.com','Regular',99999999.99),
(263,'Cliente_263','1995-07-27','20896797','3729624046','Calle 21 #32-33','cliente263@email.com','Excelente',99999999.99),
(264,'Cliente_264','1984-02-26','31079846','3331875999','Calle 60 #32-20','cliente264@email.com','Excelente',99999999.99),
(265,'Cliente_265','2009-04-24','42194159','3973008988','Calle 64 #2-6','cliente265@email.com','Excelente',99999999.99),
(266,'Cliente_266','2018-09-26','33328859','3350180427','Calle 51 #33-30','cliente266@email.com','Regular',99999999.99),
(267,'Cliente_267','1997-02-20','84087145','3452788129','Calle 31 #14-38','cliente267@email.com','Excelente',99637552.00),
(268,'Cliente_268','2017-06-15','20075036','3931471931','Calle 46 #4-4','cliente268@email.com','Bueno',99999999.99),
(269,'Cliente_269','1970-09-14','31009452','3258435089','Calle 37 #32-39','cliente269@email.com','Regular',78145351.00),
(270,'Cliente_270','1996-11-10','10359129','3946799779','Calle 84 #44-31','cliente270@email.com','Regular',99999999.99),
(271,'Cliente_271','1979-04-18','64830300','3739930411','Calle 37 #35-1','cliente271@email.com','Regular',73381218.00),
(272,'Cliente_272','1982-01-18','70465583','3103044648','Calle 14 #28-9','cliente272@email.com','Regular',25760519.00),
(273,'Cliente_273','1993-09-23','89699989','3397721596','Calle 34 #47-24','cliente273@email.com','Regular',99999999.99),
(274,'Cliente_274','1980-05-10','73070585','3255357534','Calle 98 #26-24','cliente274@email.com','Bueno',99999999.99),
(275,'Cliente_275','1979-08-09','49092160','3239577989','Calle 6 #26-4','cliente275@email.com','Excelente',99999999.99),
(276,'Cliente_276','1983-12-12','14380847','3680051935','Calle 73 #36-13','cliente276@email.com','Bueno',99999999.99),
(277,'Cliente_277','1994-06-08','41068214','3369137895','Calle 47 #36-19','cliente277@email.com','Excelente',44291013.00),
(278,'Cliente_278','1995-04-12','48668783','3957397689','Calle 10 #25-33','cliente278@email.com','Excelente',99999999.99),
(279,'Cliente_279','1988-11-23','47945817','3287364857','Calle 58 #49-36','cliente279@email.com','Bueno',51376658.00),
(280,'Cliente_280','2000-10-05','70939053','3218032515','Calle 36 #40-44','cliente280@email.com','Excelente',99999999.99),
(281,'Cliente_281','1988-04-07','19553585','3809805235','Calle 79 #8-9','cliente281@email.com','Excelente',99999999.99),
(282,'Cliente_282','1993-09-07','41329612','3127681228','Calle 13 #26-24','cliente282@email.com','Bueno',99999999.99),
(283,'Cliente_283','2015-05-06','45507920','3241522640','Calle 44 #36-24','cliente283@email.com','Excelente',99999999.99),
(284,'Cliente_284','2013-10-30','93893865','3115956152','Calle 97 #10-13','cliente284@email.com','Regular',39763645.00),
(285,'Cliente_285','1992-07-12','89160218','3484659715','Calle 78 #33-26','cliente285@email.com','Excelente',99999999.99),
(286,'Cliente_286','1974-07-23','98742485','3948239575','Calle 65 #3-3','cliente286@email.com','Bueno',99593766.00),
(287,'Cliente_287','1978-04-13','36550845','3946571918','Calle 5 #9-46','cliente287@email.com','Regular',99999999.99),
(288,'Cliente_288','2008-01-01','67061186','3355477113','Calle 43 #31-34','cliente288@email.com','Regular',94455152.00),
(289,'Cliente_289','1994-10-28','25405014','3732276010','Calle 59 #10-39','cliente289@email.com','Excelente',99999999.99),
(290,'Cliente_290','1973-12-15','83089925','3447646966','Calle 66 #9-21','cliente290@email.com','Bueno',65246652.00),
(291,'Cliente_291','1970-04-27','40173413','3116944811','Calle 79 #21-11','cliente291@email.com','Regular',71919257.00),
(292,'Cliente_292','1999-12-04','96924061','3287095435','Calle 51 #40-48','cliente292@email.com','Excelente',99999999.99),
(293,'Cliente_293','1981-09-26','29997018','3384936197','Calle 39 #38-22','cliente293@email.com','Regular',99999999.99),
(294,'Cliente_294','1993-07-02','45652586','3156263020','Calle 65 #33-35','cliente294@email.com','Bueno',11378958.00),
(295,'Cliente_295','1984-06-30','29090631','3236105947','Calle 63 #46-37','cliente295@email.com','Excelente',33642670.00),
(296,'Cliente_296','2009-08-22','19584466','3896413702','Calle 39 #31-2','cliente296@email.com','Regular',16597111.00),
(297,'Cliente_297','2008-05-15','18004482','3552002959','Calle 48 #22-44','cliente297@email.com','Bueno',99999999.99),
(298,'Cliente_298','1970-11-13','32269779','3664880035','Calle 15 #27-38','cliente298@email.com','Regular',34686144.00),
(299,'Cliente_299','1980-01-14','51286958','3222030010','Calle 40 #47-45','cliente299@email.com','Excelente',99999999.99),
(300,'Cliente_300','1976-10-01','89865458','3900651998','Calle 81 #2-39','cliente300@email.com','Bueno',99999999.99),
(301,'Cliente_301','1983-05-17','86397676','3168244921','Calle 61 #17-42','cliente301@email.com','Excelente',99999999.99),
(302,'Cliente_302','2018-12-12','48736657','3611365210','Calle 100 #38-37','cliente302@email.com','Regular',90576093.00),
(303,'Cliente_303','1973-03-26','68942178','3581331845','Calle 30 #47-4','cliente303@email.com','Regular',99999999.99),
(304,'Cliente_304','2003-02-15','26690465','3935389432','Calle 75 #31-11','cliente304@email.com','Bueno',28985674.00),
(305,'Cliente_305','1983-04-15','72907576','3488736388','Calle 68 #41-47','cliente305@email.com','Regular',99999999.99),
(306,'Cliente_306','2008-07-23','50814428','3651085057','Calle 80 #50-25','cliente306@email.com','Excelente',99999999.99),
(307,'Cliente_307','1981-06-08','64023778','3737444033','Calle 19 #44-16','cliente307@email.com','Regular',99999999.99),
(308,'Cliente_308','1973-10-02','46540265','3217095851','Calle 5 #37-45','cliente308@email.com','Excelente',99999999.99),
(309,'Cliente_309','1997-08-28','77172238','3585337126','Calle 15 #13-2','cliente309@email.com','Regular',99999999.99),
(310,'Cliente_310','2002-09-18','82475098','3640992677','Calle 57 #21-27','cliente310@email.com','Excelente',99999999.99),
(311,'Cliente_311','1973-07-31','76276072','3337887233','Calle 20 #27-45','cliente311@email.com','Excelente',99999999.99),
(312,'Cliente_312','2002-02-06','68755000','3760465943','Calle 27 #27-33','cliente312@email.com','Excelente',51815300.00),
(313,'Cliente_313','1988-11-05','20796722','3146562851','Calle 100 #40-31','cliente313@email.com','Regular',99999999.99),
(314,'Cliente_314','1992-05-21','90267122','3880871219','Calle 95 #47-4','cliente314@email.com','Excelente',74102886.00),
(315,'Cliente_315','1979-03-23','15350023','3940983577','Calle 91 #9-34','cliente315@email.com','Bueno',99999999.99),
(316,'Cliente_316','2001-09-24','67985905','3807491789','Calle 27 #36-21','cliente316@email.com','Regular',38278144.00),
(317,'Cliente_317','2006-06-17','53261270','3659903980','Calle 85 #31-34','cliente317@email.com','Excelente',99999999.99),
(318,'Cliente_318','1983-11-13','91029073','3423873102','Calle 49 #21-12','cliente318@email.com','Excelente',99999999.99),
(319,'Cliente_319','1991-03-29','43603811','3591819409','Calle 59 #35-22','cliente319@email.com','Excelente',99999999.99),
(320,'Cliente_320','1984-07-30','13471527','3790781796','Calle 70 #23-44','cliente320@email.com','Excelente',34657724.00),
(321,'Cliente_321','1985-11-19','22257687','3133447745','Calle 99 #47-44','cliente321@email.com','Bueno',99999999.99),
(322,'Cliente_322','2006-12-28','40725714','3165310776','Calle 83 #45-17','cliente322@email.com','Bueno',47004598.00),
(323,'Cliente_323','1972-03-23','87201917','3614302907','Calle 79 #31-13','cliente323@email.com','Bueno',99999999.99),
(324,'Cliente_324','1986-02-03','88802305','3531233244','Calle 32 #18-36','cliente324@email.com','Excelente',99999999.99),
(325,'Cliente_325','1999-10-21','12784407','3557707813','Calle 39 #15-20','cliente325@email.com','Excelente',99999999.99),
(326,'Cliente_326','2006-12-09','46173157','3836691577','Calle 99 #19-46','cliente326@email.com','Regular',99999999.99),
(327,'Cliente_327','1992-04-06','87342561','3215923129','Calle 27 #45-46','cliente327@email.com','Bueno',56377872.00),
(328,'Cliente_328','1993-12-08','15399803','3626422169','Calle 63 #21-31','cliente328@email.com','Excelente',99999999.99),
(329,'Cliente_329','1984-04-13','33513701','3864935082','Calle 45 #36-47','cliente329@email.com','Excelente',14278418.00),
(330,'Cliente_330','1979-09-13','73149551','3576271425','Calle 36 #19-8','cliente330@email.com','Bueno',99999999.99),
(331,'Cliente_331','2004-04-27','79654147','3178910051','Calle 74 #44-35','cliente331@email.com','Excelente',99999999.99),
(332,'Cliente_332','1973-06-22','97444123','3186748119','Calle 49 #26-23','cliente332@email.com','Excelente',99999999.99),
(333,'Cliente_333','2012-03-24','69355025','3445864933','Calle 99 #10-19','cliente333@email.com','Excelente',99999999.99),
(334,'Cliente_334','1989-12-15','47333543','3753154389','Calle 6 #19-46','cliente334@email.com','Excelente',99999999.99),
(335,'Cliente_335','1987-11-27','34359060','3259272239','Calle 11 #23-29','cliente335@email.com','Regular',99999999.99),
(336,'Cliente_336','2011-04-19','88561612','3170525764','Calle 84 #17-48','cliente336@email.com','Regular',99999999.99),
(337,'Cliente_337','2001-05-15','68503492','3235497187','Calle 62 #14-13','cliente337@email.com','Regular',99999999.99),
(338,'Cliente_338','1997-05-19','95199362','3395296179','Calle 69 #18-36','cliente338@email.com','Bueno',99999999.99),
(339,'Cliente_339','1990-06-02','75998319','3770355806','Calle 90 #18-9','cliente339@email.com','Bueno',99999999.99),
(340,'Cliente_340','1989-12-31','22246348','3779760958','Calle 14 #40-48','cliente340@email.com','Bueno',90834710.00),
(341,'Cliente_341','1972-02-15','73083727','3728530544','Calle 76 #16-16','cliente341@email.com','Regular',13424097.00),
(342,'Cliente_342','1987-04-30','56702542','3688793237','Calle 7 #43-34','cliente342@email.com','Bueno',99999999.99),
(343,'Cliente_343','2005-09-30','64807553','3864668242','Calle 29 #41-15','cliente343@email.com','Excelente',22836722.00),
(344,'Cliente_344','1999-06-14','54735895','3449165212','Calle 7 #7-27','cliente344@email.com','Excelente',99999999.99),
(345,'Cliente_345','1994-12-30','53091709','3508992977','Calle 43 #46-31','cliente345@email.com','Excelente',99999999.99),
(346,'Cliente_346','1976-03-24','99943797','3741444618','Calle 13 #44-50','cliente346@email.com','Excelente',15151176.00),
(347,'Cliente_347','1995-01-16','24039158','3669681065','Calle 18 #1-36','cliente347@email.com','Excelente',99999999.99),
(348,'Cliente_348','2001-07-03','31585546','3416644047','Calle 21 #27-42','cliente348@email.com','Excelente',10784924.00),
(349,'Cliente_349','2015-09-14','54265498','3587173220','Calle 61 #31-42','cliente349@email.com','Excelente',99999999.99),
(350,'Cliente_350','2005-11-09','65250068','3642831335','Calle 26 #49-19','cliente350@email.com','Bueno',99999999.99),
(351,'Cliente_351','2018-02-08','76500726','3750072069','Calle 42 #19-42','cliente351@email.com','Regular',65807205.00),
(352,'Cliente_352','1999-09-17','48683937','3561923010','Calle 8 #50-6','cliente352@email.com','Regular',99999999.99),
(353,'Cliente_353','1972-06-23','98930456','3206492059','Calle 84 #37-15','cliente353@email.com','Regular',99999999.99),
(354,'Cliente_354','1980-05-07','63747791','3951580447','Calle 69 #48-47','cliente354@email.com','Regular',99999999.99),
(355,'Cliente_355','1993-06-08','83832717','3853529912','Calle 5 #12-27','cliente355@email.com','Excelente',99999999.99),
(356,'Cliente_356','1986-01-08','14925405','3222851168','Calle 23 #3-26','cliente356@email.com','Excelente',99999999.99),
(357,'Cliente_357','1993-10-25','71045700','3802992685','Calle 64 #12-48','cliente357@email.com','Excelente',42155922.00),
(358,'Cliente_358','1973-06-07','21819185','3798916441','Calle 38 #3-1','cliente358@email.com','Excelente',86436180.00),
(359,'Cliente_359','1979-09-23','52213778','3925667446','Calle 39 #37-39','cliente359@email.com','Bueno',99999999.99),
(360,'Cliente_360','2008-12-26','43876400','3691991695','Calle 14 #22-19','cliente360@email.com','Regular',59943298.00),
(361,'Cliente_361','2001-01-05','53389073','3873995963','Calle 59 #42-35','cliente361@email.com','Bueno',33568774.00),
(362,'Cliente_362','1998-02-21','25558733','3330879256','Calle 68 #32-9','cliente362@email.com','Regular',99999999.99),
(363,'Cliente_363','2009-02-24','64247457','3561784080','Calle 65 #30-18','cliente363@email.com','Bueno',99999999.99),
(364,'Cliente_364','2015-11-19','79067939','3584853393','Calle 25 #8-22','cliente364@email.com','Regular',99999999.99),
(365,'Cliente_365','1980-05-17','10154493','3345343109','Calle 21 #47-30','cliente365@email.com','Regular',99999999.99),
(366,'Cliente_366','2004-07-23','98269682','3544328940','Calle 83 #17-46','cliente366@email.com','Bueno',99999999.99),
(367,'Cliente_367','1987-01-20','82825679','3463925049','Calle 24 #1-48','cliente367@email.com','Bueno',55581639.00),
(368,'Cliente_368','1992-11-07','72005415','3988434627','Calle 44 #19-37','cliente368@email.com','Excelente',61312512.00),
(369,'Cliente_369','1973-12-25','65465150','3586940738','Calle 87 #49-13','cliente369@email.com','Bueno',99999999.99),
(370,'Cliente_370','2009-02-13','17275149','3528133274','Calle 23 #40-41','cliente370@email.com','Regular',81679700.00),
(371,'Cliente_371','1970-02-25','35176902','3546665485','Calle 52 #28-33','cliente371@email.com','Regular',99999999.99),
(372,'Cliente_372','2016-08-23','79583757','3883415470','Calle 42 #6-26','cliente372@email.com','Regular',50174308.00),
(373,'Cliente_373','2018-04-22','58557203','3202097643','Calle 86 #7-12','cliente373@email.com','Regular',43437859.00),
(374,'Cliente_374','1987-09-05','93568503','3435596237','Calle 18 #31-21','cliente374@email.com','Bueno',99999999.99),
(375,'Cliente_375','2002-09-04','76906611','3558234365','Calle 32 #1-17','cliente375@email.com','Excelente',80173478.00),
(376,'Cliente_376','2008-09-10','93940940','3435569630','Calle 50 #16-29','cliente376@email.com','Regular',99999999.99),
(377,'Cliente_377','1976-04-11','69329732','3814154134','Calle 97 #18-22','cliente377@email.com','Regular',99999999.99),
(378,'Cliente_378','1999-08-16','16927215','3373685835','Calle 39 #38-47','cliente378@email.com','Regular',99999999.99),
(379,'Cliente_379','1998-03-01','37321124','3501902658','Calle 74 #1-17','cliente379@email.com','Bueno',99999999.99),
(380,'Cliente_380','1981-03-07','45843681','3263894795','Calle 84 #24-45','cliente380@email.com','Regular',99999999.99),
(381,'Cliente_381','1996-12-10','83715012','3837468465','Calle 31 #4-43','cliente381@email.com','Excelente',99999999.99),
(382,'Cliente_382','2015-07-01','27584297','3609241268','Calle 16 #30-20','cliente382@email.com','Excelente',99999999.99),
(383,'Cliente_383','1997-09-30','48658617','3172083844','Calle 21 #26-44','cliente383@email.com','Regular',99999999.99),
(384,'Cliente_384','2006-08-22','68802946','3197951867','Calle 65 #46-50','cliente384@email.com','Regular',99999999.99),
(385,'Cliente_385','1999-04-07','75056916','3993108266','Calle 40 #45-8','cliente385@email.com','Bueno',99999999.99),
(386,'Cliente_386','2006-02-06','26297533','3191659287','Calle 82 #19-24','cliente386@email.com','Regular',50097508.00),
(387,'Cliente_387','1996-07-11','13874790','3200105056','Calle 79 #15-15','cliente387@email.com','Bueno',99999999.99),
(388,'Cliente_388','1981-06-02','94560158','3563723880','Calle 18 #31-10','cliente388@email.com','Excelente',83074490.00),
(389,'Cliente_389','1987-03-19','91721371','3203685265','Calle 59 #48-39','cliente389@email.com','Bueno',68504344.00),
(390,'Cliente_390','2007-09-21','42117961','3899496315','Calle 48 #27-45','cliente390@email.com','Bueno',93435405.00),
(391,'Cliente_391','2004-01-06','31257157','3893276164','Calle 71 #31-49','cliente391@email.com','Regular',66724573.00),
(392,'Cliente_392','1985-08-12','51708177','3500126515','Calle 69 #43-14','cliente392@email.com','Excelente',98248146.00),
(393,'Cliente_393','1996-12-31','83932360','3971630639','Calle 98 #16-44','cliente393@email.com','Bueno',99999999.99),
(394,'Cliente_394','2006-06-07','11835355','3239710404','Calle 97 #39-6','cliente394@email.com','Excelente',99999999.99),
(395,'Cliente_395','2019-02-27','84121929','3697398528','Calle 68 #29-34','cliente395@email.com','Bueno',99999999.99),
(396,'Cliente_396','1970-01-14','64759583','3164404084','Calle 91 #24-5','cliente396@email.com','Excelente',99999999.99),
(397,'Cliente_397','1997-04-06','22510327','3729712082','Calle 73 #8-4','cliente397@email.com','Bueno',74820041.00),
(398,'Cliente_398','1995-09-28','40158811','3702998820','Calle 71 #33-13','cliente398@email.com','Excelente',99999999.99),
(399,'Cliente_399','1988-11-09','25228493','3703102938','Calle 74 #35-10','cliente399@email.com','Bueno',99999999.99),
(400,'Cliente_400','2008-07-26','71934487','3453954673','Calle 22 #21-34','cliente400@email.com','Excelente',99999999.99),
(401,'Cliente_401','1998-11-29','25766039','3819421270','Calle 57 #8-44','cliente401@email.com','Bueno',99999999.99),
(402,'Cliente_402','2011-09-19','96934122','3231244840','Calle 27 #46-38','cliente402@email.com','Regular',99999999.99),
(403,'Cliente_403','2009-08-20','30665654','3541102414','Calle 63 #6-33','cliente403@email.com','Excelente',99999999.99),
(404,'Cliente_404','2009-09-01','76890827','3479673044','Calle 58 #4-30','cliente404@email.com','Regular',99999999.99),
(405,'Cliente_405','1989-03-04','49172995','3814403943','Calle 17 #33-27','cliente405@email.com','Regular',74378103.00),
(406,'Cliente_406','2015-11-11','78299645','3905611583','Calle 59 #37-4','cliente406@email.com','Bueno',58544344.00),
(407,'Cliente_407','2012-06-14','46698468','3554124989','Calle 72 #30-44','cliente407@email.com','Regular',94619110.00),
(408,'Cliente_408','1985-03-23','65766169','3874233009','Calle 40 #47-2','cliente408@email.com','Excelente',99999999.99),
(409,'Cliente_409','1977-08-10','74759996','3155239803','Calle 51 #17-1','cliente409@email.com','Bueno',31651903.00),
(410,'Cliente_410','1995-06-18','73380266','3408839723','Calle 96 #14-38','cliente410@email.com','Bueno',99999999.99),
(411,'Cliente_411','2016-03-30','42713008','3744685429','Calle 10 #3-28','cliente411@email.com','Excelente',99999999.99),
(412,'Cliente_412','2000-01-27','71308842','3435489452','Calle 45 #45-5','cliente412@email.com','Excelente',89630734.00),
(413,'Cliente_413','1978-05-19','83989546','3477577220','Calle 70 #4-5','cliente413@email.com','Regular',58969554.00),
(414,'Cliente_414','1991-01-27','29413516','3211240259','Calle 61 #3-19','cliente414@email.com','Regular',99999999.99),
(415,'Cliente_415','1997-11-06','61484043','3720535283','Calle 53 #12-50','cliente415@email.com','Bueno',99999999.99),
(416,'Cliente_416','1990-02-26','35583290','3644830077','Calle 18 #50-42','cliente416@email.com','Excelente',99999999.99),
(417,'Cliente_417','1987-11-13','90447099','3328426553','Calle 94 #42-27','cliente417@email.com','Excelente',99999999.99),
(418,'Cliente_418','1983-03-22','78214937','3266140258','Calle 48 #25-29','cliente418@email.com','Bueno',36280162.00),
(419,'Cliente_419','1972-03-11','28321839','3805165232','Calle 49 #25-6','cliente419@email.com','Regular',99999999.99),
(420,'Cliente_420','1974-02-23','19369750','3617746926','Calle 88 #43-35','cliente420@email.com','Excelente',99999999.99),
(421,'Cliente_421','1991-12-20','47077298','3340781088','Calle 18 #42-23','cliente421@email.com','Regular',99999999.99),
(422,'Cliente_422','2012-08-17','65692629','3216198604','Calle 16 #12-35','cliente422@email.com','Regular',26687068.00),
(423,'Cliente_423','1976-07-14','55617282','3475932035','Calle 51 #34-9','cliente423@email.com','Bueno',99999999.99),
(424,'Cliente_424','2010-11-10','78147397','3697285504','Calle 94 #15-1','cliente424@email.com','Excelente',99999999.99),
(425,'Cliente_425','2007-03-08','45859307','3494665673','Calle 97 #2-20','cliente425@email.com','Bueno',99999999.99),
(426,'Cliente_426','1987-06-12','10344303','3223357166','Calle 60 #44-47','cliente426@email.com','Bueno',60855246.00),
(427,'Cliente_427','2004-06-13','47962005','3918841563','Calle 70 #28-35','cliente427@email.com','Regular',99999999.99),
(428,'Cliente_428','2014-05-09','50071487','3399110343','Calle 49 #15-16','cliente428@email.com','Excelente',64711089.00),
(429,'Cliente_429','2005-11-08','88777447','3716435189','Calle 59 #23-10','cliente429@email.com','Bueno',85050819.00),
(430,'Cliente_430','1991-11-21','87835998','3342836476','Calle 36 #13-47','cliente430@email.com','Excelente',75204722.00),
(431,'Cliente_431','1983-03-29','98575748','3966747347','Calle 98 #8-3','cliente431@email.com','Bueno',16419325.00),
(432,'Cliente_432','1970-07-01','75718414','3560755939','Calle 85 #27-40','cliente432@email.com','Excelente',43108389.00),
(433,'Cliente_433','1979-07-25','29944139','3702332331','Calle 99 #2-16','cliente433@email.com','Bueno',99999999.99),
(434,'Cliente_434','2008-02-22','69934576','3924024405','Calle 27 #5-7','cliente434@email.com','Regular',80177210.00),
(435,'Cliente_435','1989-08-19','82287061','3978779150','Calle 77 #3-29','cliente435@email.com','Regular',99999999.99),
(436,'Cliente_436','1985-10-12','75007200','3767570850','Calle 77 #44-46','cliente436@email.com','Bueno',99999999.99),
(437,'Cliente_437','2016-06-20','56321751','3758819288','Calle 7 #16-48','cliente437@email.com','Regular',99999999.99),
(438,'Cliente_438','2011-09-05','54619335','3824750726','Calle 6 #26-29','cliente438@email.com','Bueno',55118323.00),
(439,'Cliente_439','1974-07-04','84077101','3790092970','Calle 30 #35-14','cliente439@email.com','Regular',99999999.99),
(440,'Cliente_440','1992-05-10','82937948','3697794767','Calle 97 #50-4','cliente440@email.com','Excelente',50258438.00),
(441,'Cliente_441','1980-11-20','60628276','3128189836','Calle 18 #33-19','cliente441@email.com','Regular',21703881.00),
(442,'Cliente_442','2010-12-14','71115319','3753903309','Calle 30 #47-37','cliente442@email.com','Excelente',44613160.00),
(443,'Cliente_443','1981-12-18','53188224','3806340901','Calle 41 #37-39','cliente443@email.com','Excelente',99999999.99),
(444,'Cliente_444','2011-09-08','35320492','3990626742','Calle 99 #44-21','cliente444@email.com','Regular',99999999.99),
(445,'Cliente_445','2017-08-26','42051937','3844609017','Calle 31 #20-10','cliente445@email.com','Excelente',79144436.00),
(446,'Cliente_446','1998-06-20','86745380','3387169808','Calle 85 #34-15','cliente446@email.com','Regular',59380653.00),
(447,'Cliente_447','2009-09-15','61401477','3131088245','Calle 53 #20-18','cliente447@email.com','Excelente',99999999.99),
(448,'Cliente_448','2015-04-15','41348220','3293720285','Calle 8 #36-38','cliente448@email.com','Regular',75781538.00),
(449,'Cliente_449','2008-04-14','65133300','3393421844','Calle 95 #12-41','cliente449@email.com','Excelente',32922410.00),
(450,'Cliente_450','2019-02-25','15858241','3854517058','Calle 87 #28-36','cliente450@email.com','Bueno',99999999.99),
(451,'Cliente_451','2010-01-02','52704903','3918630985','Calle 64 #4-23','cliente451@email.com','Regular',37185908.00),
(452,'Cliente_452','1984-04-12','73481797','3431769776','Calle 83 #43-25','cliente452@email.com','Regular',99999999.99),
(453,'Cliente_453','2012-08-02','61167978','3464883950','Calle 68 #21-45','cliente453@email.com','Regular',99999999.99),
(454,'Cliente_454','2010-05-18','61818612','3476908532','Calle 54 #27-10','cliente454@email.com','Excelente',99999999.99),
(455,'Cliente_455','1993-04-03','99078806','3106556040','Calle 39 #25-12','cliente455@email.com','Bueno',99999999.99),
(456,'Cliente_456','1992-03-07','97512508','3294782734','Calle 97 #35-31','cliente456@email.com','Excelente',25828185.00),
(457,'Cliente_457','1994-11-17','30415230','3253815116','Calle 31 #15-20','cliente457@email.com','Excelente',99999999.99),
(458,'Cliente_458','2016-10-07','76481885','3708082645','Calle 91 #10-30','cliente458@email.com','Regular',99999999.99),
(459,'Cliente_459','2013-06-23','14968688','3805818425','Calle 8 #36-27','cliente459@email.com','Excelente',99999999.99),
(460,'Cliente_460','1991-06-19','26944487','3530338918','Calle 54 #36-34','cliente460@email.com','Excelente',99999999.99),
(461,'Cliente_461','1994-08-21','77416376','3174716780','Calle 18 #25-16','cliente461@email.com','Bueno',99999999.99),
(462,'Cliente_462','2009-06-18','89212676','3252336745','Calle 33 #14-22','cliente462@email.com','Excelente',99999999.99),
(463,'Cliente_463','1976-12-13','54559574','3895609471','Calle 83 #6-29','cliente463@email.com','Bueno',99999999.99),
(464,'Cliente_464','1995-08-20','23470708','3779863265','Calle 48 #6-35','cliente464@email.com','Regular',99999999.99),
(465,'Cliente_465','1991-01-14','69096899','3132917811','Calle 93 #13-4','cliente465@email.com','Bueno',99999999.99),
(466,'Cliente_466','1994-05-18','23383077','3198524063','Calle 35 #25-44','cliente466@email.com','Bueno',89795880.00),
(467,'Cliente_467','2000-02-18','80591959','3901131404','Calle 78 #39-3','cliente467@email.com','Regular',28602276.00),
(468,'Cliente_468','1998-09-07','71327848','3669601448','Calle 10 #13-49','cliente468@email.com','Bueno',99999999.99),
(469,'Cliente_469','2018-06-17','12059919','3330997172','Calle 76 #47-43','cliente469@email.com','Bueno',99999999.99),
(470,'Cliente_470','1977-03-25','29348212','3503935666','Calle 72 #14-31','cliente470@email.com','Regular',99999999.99),
(471,'Cliente_471','1982-06-01','65026398','3550791704','Calle 27 #22-20','cliente471@email.com','Excelente',99999999.99),
(472,'Cliente_472','1983-07-14','97883261','3587098457','Calle 2 #14-13','cliente472@email.com','Bueno',99999999.99),
(473,'Cliente_473','1990-09-30','30718012','3466034277','Calle 95 #8-48','cliente473@email.com','Excelente',42737888.00),
(474,'Cliente_474','2004-05-13','20043277','3269016920','Calle 97 #31-16','cliente474@email.com','Regular',57095148.00),
(475,'Cliente_475','1983-09-17','73013961','3497341481','Calle 90 #39-46','cliente475@email.com','Regular',99999999.99),
(476,'Cliente_476','1989-03-12','45570755','3434618074','Calle 27 #26-16','cliente476@email.com','Excelente',99999999.99),
(477,'Cliente_477','1975-10-06','55440919','3874807770','Calle 71 #21-50','cliente477@email.com','Bueno',83678025.00),
(478,'Cliente_478','2007-03-22','93652460','3448303473','Calle 37 #25-30','cliente478@email.com','Excelente',99999999.99),
(479,'Cliente_479','2006-07-27','63349308','3934120892','Calle 69 #42-23','cliente479@email.com','Regular',99999999.99),
(480,'Cliente_480','1999-09-08','97219599','3709448939','Calle 40 #17-24','cliente480@email.com','Regular',99999999.99),
(481,'Cliente_481','2018-09-06','20779739','3740190407','Calle 66 #32-30','cliente481@email.com','Bueno',99999999.99),
(482,'Cliente_482','2011-10-20','54099326','3191221925','Calle 13 #47-31','cliente482@email.com','Regular',20485078.00),
(483,'Cliente_483','2007-04-21','81621574','3156488296','Calle 98 #21-14','cliente483@email.com','Excelente',99999999.99),
(484,'Cliente_484','1975-08-03','61003997','3267052653','Calle 48 #21-27','cliente484@email.com','Excelente',99999999.99),
(485,'Cliente_485','1988-07-22','52501540','3269017588','Calle 6 #37-15','cliente485@email.com','Excelente',99999999.99),
(486,'Cliente_486','2007-09-11','94127561','3910069356','Calle 95 #10-2','cliente486@email.com','Excelente',99999999.99),
(487,'Cliente_487','2004-12-10','75491202','3763398699','Calle 34 #36-38','cliente487@email.com','Bueno',99999999.99),
(488,'Cliente_488','1971-10-03','82613940','3153432064','Calle 75 #47-27','cliente488@email.com','Excelente',99999999.99),
(489,'Cliente_489','2004-02-16','14818295','3823668399','Calle 38 #10-13','cliente489@email.com','Bueno',99999999.99),
(490,'Cliente_490','2012-10-16','92874006','3187597497','Calle 43 #15-25','cliente490@email.com','Regular',99999999.99),
(491,'Cliente_491','1970-07-13','19183277','3392168202','Calle 73 #16-32','cliente491@email.com','Regular',99999999.99),
(492,'Cliente_492','2001-07-23','41510328','3575788930','Calle 71 #42-44','cliente492@email.com','Bueno',99999999.99),
(493,'Cliente_493','1996-10-15','94712997','3810751262','Calle 44 #17-49','cliente493@email.com','Bueno',23992450.00),
(494,'Cliente_494','2004-12-27','48571356','3555282394','Calle 63 #47-42','cliente494@email.com','Regular',99999999.99),
(495,'Cliente_495','2007-08-05','40532691','3621475287','Calle 95 #32-30','cliente495@email.com','Regular',99999999.99),
(496,'Cliente_496','2018-04-15','22130508','3751842899','Calle 22 #47-23','cliente496@email.com','Excelente',25732174.00),
(497,'Cliente_497','2018-12-30','68246664','3574641329','Calle 22 #9-47','cliente497@email.com','Bueno',99999999.99),
(498,'Cliente_498','1989-10-14','23212812','3544726404','Calle 70 #32-12','cliente498@email.com','Regular',41455927.00),
(499,'Cliente_499','2013-10-20','95060193','3393310667','Calle 70 #42-4','cliente499@email.com','Bueno',99999999.99),
(500,'Cliente_500','1989-09-08','23489853','3331465414','Calle 68 #3-5','cliente500@email.com','Regular',99999999.99);
/*!40000 ALTER TABLE `CLIENTE` ENABLE KEYS */;
UNLOCK TABLES;
commit;

--
-- Table structure for table `CONCESIONARIO`
--

DROP TABLE IF EXISTS `CONCESIONARIO`;
/*!40101 SET @saved_cs_client     = @@character_set_client */;
/*!40101 SET character_set_client = utf8mb4 */;
CREATE TABLE `CONCESIONARIO` (
  `id_concesionario` int(11) NOT NULL AUTO_INCREMENT,
  `nombre` varchar(100) NOT NULL,
  `direccion` varchar(150) DEFAULT NULL,
  `telefono` varchar(20) DEFAULT NULL,
  `id_ciudad` int(11) NOT NULL,
  PRIMARY KEY (`id_concesionario`),
  KEY `id_ciudad` (`id_ciudad`),
  CONSTRAINT `CONCESIONARIO_ibfk_1` FOREIGN KEY (`id_ciudad`) REFERENCES `CIUDAD` (`id_ciudad`) ON DELETE CASCADE ON UPDATE CASCADE
) ENGINE=InnoDB AUTO_INCREMENT=9 DEFAULT CHARSET=utf8mb4 COLLATE=utf8mb4_uca1400_ai_ci;
/*!40101 SET character_set_client = @saved_cs_client */;

--
-- Dumping data for table `CONCESIONARIO`
--

LOCK TABLES `CONCESIONARIO` WRITE;
/*!40000 ALTER TABLE `CONCESIONARIO` DISABLE KEYS */;
set autocommit=0;
INSERT INTO `CONCESIONARIO` VALUES
(1,'KONRUEDAS Bogotá Norte','Calle 120 #7A-45','3101234567',1),
(2,'KONRUEDAS Bogotá Centro','Carrera 13 #45-20','3204567890',1),
(3,'KONRUEDAS Bogotá Sur','Av. Villavicencio #45-60','3009876543',1),
(4,'KONRUEDAS Medellín Poblado','Calle 10 #43-50','3112233445',2),
(5,'KONRUEDAS Medellín Laureles','Carrera 70 #35-80','3023344556',2),
(6,'KONRUEDAS Barranquilla','Calle 84 #53-40','3126677889',3),
(7,'KONRUEDAS Cali','Av. Pasoancho #50-30','3137788990',4),
(8,'KONRUEDAS Cartagena','Bocagrande Cra 1 #8-10','3148899001',5);
/*!40000 ALTER TABLE `CONCESIONARIO` ENABLE KEYS */;
UNLOCK TABLES;
commit;

--
-- Table structure for table `FACTURA`
--

DROP TABLE IF EXISTS `FACTURA`;
/*!40101 SET @saved_cs_client     = @@character_set_client */;
/*!40101 SET character_set_client = utf8mb4 */;
CREATE TABLE `FACTURA` (
  `id_factura` int(11) NOT NULL AUTO_INCREMENT,
  `fecha_emision` date NOT NULL,
  `hora_emision` time NOT NULL,
  `metodo_pago` varchar(20) DEFAULT NULL,
  `subtotal` decimal(10,2) NOT NULL,
  `iva` decimal(10,2) NOT NULL,
  `total` decimal(10,2) NOT NULL,
  `estado` varchar(15) DEFAULT 'PENDIENTE',
  `id_cliente` int(11) NOT NULL,
  `id_vendedor` int(11) NOT NULL,
  `id_carro` int(11) NOT NULL,
  PRIMARY KEY (`id_factura`),
  KEY `id_cliente` (`id_cliente`),
  KEY `id_vendedor` (`id_vendedor`),
  KEY `id_carro` (`id_carro`),
  CONSTRAINT `FACTURA_ibfk_1` FOREIGN KEY (`id_cliente`) REFERENCES `CLIENTE` (`id_cliente`) ON DELETE CASCADE ON UPDATE CASCADE,
  CONSTRAINT `FACTURA_ibfk_2` FOREIGN KEY (`id_vendedor`) REFERENCES `VENDEDOR` (`id_vendedor`) ON DELETE CASCADE ON UPDATE CASCADE,
  CONSTRAINT `FACTURA_ibfk_3` FOREIGN KEY (`id_carro`) REFERENCES `CARRO` (`id_carro`) ON DELETE CASCADE ON UPDATE CASCADE
) ENGINE=InnoDB AUTO_INCREMENT=3500 DEFAULT CHARSET=utf8mb4 COLLATE=utf8mb4_uca1400_ai_ci;
/*!40101 SET character_set_client = @saved_cs_client */;

--
-- Dumping data for table `FACTURA`
--

LOCK TABLES `FACTURA` WRITE;
/*!40000 ALTER TABLE `FACTURA` DISABLE KEYS */;
set autocommit=0;
INSERT INTO `FACTURA` VALUES
(3,'2024-12-27','00:00:00','1',99999999.99,0.00,99999999.99,'0.19',236,10,119),
(6,'2018-04-16','00:00:00','1',99999999.99,0.00,27688922.00,'0.19',168,41,29),
(7,'2023-04-15','00:00:00','1',99999999.99,0.00,96748094.00,'0.19',146,20,92),
(8,'2018-05-02','00:00:00','1',99999999.99,0.00,99999999.99,'0.19',189,40,36),
(9,'2021-02-28','00:00:00','1',99999999.99,0.00,38314835.00,'0.19',27,6,98),
(10,'2008-08-12','00:00:00','1',99999999.99,0.00,99999999.99,'0.19',411,4,58),
(11,'2018-10-23','00:00:00','1',20279166.00,0.00,99999999.99,'0.19',265,25,83),
(14,'2009-07-07','00:00:00','1',99999999.99,0.00,99999999.99,'0.19',453,6,95),
(15,'2016-07-31','00:00:00','1',99999999.99,0.00,99999999.99,'0.19',225,34,120),
(17,'2025-09-08','00:00:00','1',81504504.00,0.00,99999999.99,'0.19',250,27,46),
(18,'2012-12-10','00:00:00','1',99999999.99,0.00,99999999.99,'0.19',222,17,95),
(19,'2023-03-08','00:00:00','1',99999999.99,0.00,99999999.99,'0.19',391,32,90),
(21,'2013-02-26','00:00:00','1',99999999.99,0.00,99999999.99,'0.19',19,14,42),
(22,'2025-12-11','00:00:00','1',63800302.00,0.00,99999999.99,'0.19',342,46,136),
(23,'2015-01-30','00:00:00','1',99999999.99,0.00,99999999.99,'0.19',400,36,42),
(29,'2023-09-20','00:00:00','1',99999999.99,0.00,99999999.99,'0.19',35,50,61),
(31,'2013-07-26','00:00:00','1',99999999.99,0.00,99999999.99,'0.19',79,26,81),
(32,'2014-06-11','00:00:00','1',99999999.99,0.00,99999999.99,'0.19',478,34,75),
(33,'2010-01-31','00:00:00','1',99999999.99,0.00,99999999.99,'0.19',423,46,135),
(34,'2016-12-12','00:00:00','1',99999999.99,0.00,99999999.99,'0.19',194,6,86),
(35,'2023-02-09','00:00:00','1',99999999.99,0.00,83253662.00,'0.19',170,43,101),
(37,'2015-09-02','00:00:00','1',99999999.99,0.00,99999999.99,'0.19',366,12,73),
(38,'2009-09-14','00:00:00','1',99999999.99,0.00,99999999.99,'0.19',226,12,106),
(43,'2015-12-06','00:00:00','1',99999999.99,0.00,99999999.99,'0.19',74,17,68),
(45,'2020-11-12','00:00:00','1',61438545.00,0.00,99999999.99,'0.19',391,24,57),
(46,'2014-01-13','00:00:00','1',78565715.00,0.00,99999999.99,'0.19',469,36,79),
(47,'2012-02-06','00:00:00','1',99999999.99,0.00,99999999.99,'0.19',101,41,66),
(50,'2012-04-06','00:00:00','1',99999999.99,0.00,99999999.99,'0.19',197,9,32),
(51,'2019-03-11','00:00:00','1',99999999.99,0.00,99999999.99,'0.19',142,25,102),
(52,'2024-07-13','00:00:00','1',99999999.99,0.00,99999999.99,'0.19',202,10,63),
(53,'2012-06-23','00:00:00','1',99999999.99,0.00,99999999.99,'0.19',113,37,63),
(54,'2013-04-07','00:00:00','1',99999999.99,0.00,71809875.00,'0.19',22,3,67),
(56,'2013-06-05','00:00:00','1',99999999.99,0.00,99999999.99,'0.19',156,10,116),
(57,'2013-12-14','00:00:00','1',99999999.99,0.00,99999999.99,'0.19',7,40,73),
(58,'2012-08-20','00:00:00','1',99999999.99,0.00,99999999.99,'0.19',489,6,58),
(59,'2013-02-20','00:00:00','1',99999999.99,0.00,99999999.99,'0.19',69,33,70),
(60,'2012-07-19','00:00:00','1',99999999.99,0.00,99999999.99,'0.19',100,50,105),
(61,'2013-08-07','00:00:00','1',99999999.99,0.00,53886095.00,'0.19',215,43,68),
(64,'2011-07-01','00:00:00','1',78565715.00,0.00,99999999.99,'0.19',214,25,44),
(65,'2025-06-21','00:00:00','1',20279166.00,0.00,99999999.99,'0.19',410,43,38),
(66,'2010-05-23','00:00:00','1',99999999.99,0.00,33644029.00,'0.19',423,36,58),
(68,'2009-10-04','00:00:00','1',88508120.00,0.00,87768232.00,'0.19',78,47,85),
(69,'2023-02-27','00:00:00','1',99999999.99,0.00,70779140.00,'0.19',219,7,129),
(70,'2022-11-17','00:00:00','1',52029386.00,0.00,99999999.99,'0.19',281,26,108),
(71,'2019-01-18','00:00:00','1',99999999.99,0.00,99999999.99,'0.19',291,4,33),
(72,'2021-10-07','00:00:00','1',99999999.99,0.00,99999999.99,'0.19',131,36,123),
(73,'2008-02-24','00:00:00','1',99999999.99,0.00,79666204.00,'0.19',470,12,56),
(74,'2025-02-20','00:00:00','1',99999999.99,0.00,84573622.00,'0.19',108,46,137),
(75,'2020-02-22','00:00:00','1',99999999.99,0.00,99999999.99,'0.19',1,29,134),
(79,'2021-12-02','00:00:00','1',99999999.99,0.00,99999999.99,'0.19',20,12,41),
(80,'2015-01-27','00:00:00','1',99999999.99,0.00,99999999.99,'0.19',136,5,27),
(82,'2020-11-19','00:00:00','1',99999999.99,0.00,99999999.99,'0.19',248,44,115),
(83,'2014-02-28','00:00:00','1',54822142.00,0.00,99999999.99,'0.19',403,14,34),
(85,'2012-02-07','00:00:00','1',99999999.99,0.00,64542698.00,'0.19',113,29,45),
(86,'2025-02-20','00:00:00','1',99999999.99,0.00,99999999.99,'0.19',240,46,30),
(87,'2019-06-19','00:00:00','1',99999999.99,0.00,99999999.99,'0.19',469,47,123),
(88,'2014-04-14','00:00:00','1',79588311.00,0.00,99999999.99,'0.19',85,14,12),
(89,'2016-12-03','00:00:00','1',99999999.99,0.00,99999999.99,'0.19',474,37,123),
(91,'2024-10-28','00:00:00','1',99999999.99,0.00,99999999.99,'0.19',253,38,78),
(92,'2020-12-07','00:00:00','1',99999999.99,0.00,99999999.99,'0.19',59,12,133),
(95,'2019-10-16','00:00:00','1',99999999.99,0.00,99999999.99,'0.19',236,12,74),
(96,'2025-12-04','00:00:00','1',99999999.99,0.00,99999999.99,'0.19',416,12,106),
(97,'2017-06-28','00:00:00','1',99999999.99,0.00,99999999.99,'0.19',461,10,95),
(98,'2018-09-23','00:00:00','1',99999999.99,0.00,99999999.99,'0.19',176,37,87),
(99,'2020-02-16','00:00:00','1',99999999.99,0.00,28976075.00,'0.19',316,37,121),
(100,'2008-09-23','00:00:00','1',81504504.00,0.00,99999999.99,'0.19',373,40,34),
(101,'2019-04-09','00:00:00','1',19305707.00,0.00,99999999.99,'0.19',191,14,33),
(103,'2016-10-30','00:00:00','1',88508120.00,0.00,99999999.99,'0.19',241,27,63),
(105,'2025-05-27','00:00:00','1',99999999.99,0.00,99999999.99,'0.19',490,7,11),
(106,'2011-12-02','00:00:00','1',52991391.00,0.00,99999999.99,'0.19',133,47,78),
(109,'2023-08-30','00:00:00','1',99999999.99,0.00,99999999.99,'0.19',281,43,78),
(110,'2019-08-16','00:00:00','1',99999999.99,0.00,99999999.99,'0.19',456,38,98),
(111,'2018-04-26','00:00:00','1',81504504.00,0.00,99999999.99,'0.19',462,5,17),
(112,'2015-01-29','00:00:00','1',88508120.00,0.00,45230364.00,'0.19',417,41,38),
(113,'2023-06-17','00:00:00','1',99999999.99,0.00,99999999.99,'0.19',380,20,58),
(115,'2008-04-06','00:00:00','1',61684778.00,0.00,99999999.99,'0.19',324,36,8),
(116,'2023-02-13','00:00:00','1',99999999.99,0.00,99999999.99,'0.19',341,36,37),
(117,'2012-09-22','00:00:00','1',88508120.00,0.00,99999999.99,'0.19',168,10,92),
(122,'2016-02-10','00:00:00','1',99999999.99,0.00,99999999.99,'0.19',428,24,119),
(123,'2021-09-28','00:00:00','1',99999999.99,0.00,73761216.00,'0.19',367,45,86),
(125,'2012-03-13','00:00:00','1',99999999.99,0.00,99999999.99,'0.19',267,37,92),
(127,'2013-11-23','00:00:00','1',99999999.99,0.00,99999999.99,'0.19',143,14,101),
(129,'2014-01-15','00:00:00','1',99999999.99,0.00,99999999.99,'0.19',305,36,85),
(130,'2018-07-28','00:00:00','1',99999999.99,0.00,99999999.99,'0.19',399,20,87),
(132,'2015-09-11','00:00:00','1',99999999.99,0.00,99999999.99,'0.19',126,27,1),
(134,'2012-02-15','00:00:00','1',99999999.99,0.00,99999999.99,'0.19',418,32,21),
(135,'2019-03-09','00:00:00','1',99999999.99,0.00,99999999.99,'0.19',12,47,56),
(140,'2024-11-13','00:00:00','1',99999999.99,0.00,99999999.99,'0.19',482,32,49),
(141,'2016-05-07','00:00:00','1',30861158.00,0.00,46259527.00,'0.19',261,15,67),
(143,'2016-12-25','00:00:00','1',99999999.99,0.00,99999999.99,'0.19',256,26,102),
(147,'2020-10-24','00:00:00','1',99999999.99,0.00,99999999.99,'0.19',27,37,19),
(149,'2020-11-30','00:00:00','1',99999999.99,0.00,99999999.99,'0.19',303,17,95),
(150,'2023-05-21','00:00:00','1',99999999.99,0.00,99999999.99,'0.19',154,17,13),
(151,'2013-02-15','00:00:00','1',99999999.99,0.00,93078801.00,'0.19',411,37,53),
(152,'2010-03-29','00:00:00','1',99999999.99,0.00,99999999.99,'0.19',442,50,76),
(153,'2024-03-01','00:00:00','1',88508120.00,0.00,99999999.99,'0.19',132,32,47),
(154,'2014-01-20','00:00:00','1',99999999.99,0.00,20189844.00,'0.19',55,40,49),
(155,'2013-04-15','00:00:00','1',99999999.99,0.00,60195785.00,'0.19',422,46,105),
(156,'2020-06-15','00:00:00','1',99999999.99,0.00,99999999.99,'0.19',76,47,41),
(158,'2016-07-17','00:00:00','1',99999999.99,0.00,99999999.99,'0.19',115,12,9),
(159,'2012-05-25','00:00:00','1',99999999.99,0.00,99999999.99,'0.19',433,29,64),
(161,'2025-12-10','00:00:00','1',88508120.00,0.00,99999999.99,'0.19',113,38,80),
(162,'2024-07-25','00:00:00','1',99999999.99,0.00,99999999.99,'0.19',451,29,118),
(164,'2018-08-10','00:00:00','1',99999999.99,0.00,99999999.99,'0.19',128,12,47),
(165,'2008-03-20','00:00:00','1',99999999.99,0.00,55870926.00,'0.19',238,37,68),
(166,'2011-12-17','00:00:00','1',99999999.99,0.00,51794691.00,'0.19',464,12,105),
(167,'2017-06-15','00:00:00','1',99999999.99,0.00,99999999.99,'0.19',79,29,54),
(168,'2019-03-16','00:00:00','1',91619448.00,0.00,99999999.99,'0.19',475,5,28),
(170,'2022-02-22','00:00:00','1',88470798.00,0.00,97197509.00,'0.19',358,4,78),
(173,'2024-02-28','00:00:00','1',99999999.99,0.00,99999999.99,'0.19',186,43,107),
(176,'2018-11-30','00:00:00','1',99999999.99,0.00,99999999.99,'0.19',205,49,8),
(177,'2014-09-23','00:00:00','1',99999999.99,0.00,99999999.99,'0.19',215,34,9),
(178,'2013-08-17','00:00:00','1',99999999.99,0.00,99999999.99,'0.19',291,32,81),
(179,'2020-08-10','00:00:00','1',99999999.99,0.00,99999999.99,'0.19',170,47,37),
(181,'2009-01-25','00:00:00','1',99999999.99,0.00,99999999.99,'0.19',42,14,98),
(182,'2016-12-07','00:00:00','1',99999999.99,0.00,99999999.99,'0.19',125,32,13),
(183,'2010-03-21','00:00:00','1',44989397.00,0.00,99999999.99,'0.19',84,46,40),
(185,'2011-08-31','00:00:00','1',99999999.99,0.00,99999999.99,'0.19',247,9,125),
(186,'2009-05-06','00:00:00','1',99999999.99,0.00,99999999.99,'0.19',486,38,113),
(187,'2012-10-31','00:00:00','1',99999999.99,0.00,99999999.99,'0.19',476,36,74),
(188,'2013-09-14','00:00:00','1',99999999.99,0.00,57866384.00,'0.19',340,34,17),
(190,'2022-02-15','00:00:00','1',99999999.99,0.00,99999999.99,'0.19',397,9,68),
(191,'2010-02-27','00:00:00','1',99999999.99,0.00,95398328.00,'0.19',161,10,49),
(193,'2024-09-12','00:00:00','1',99999999.99,0.00,99999999.99,'0.19',456,44,78),
(194,'2015-07-04','00:00:00','1',99999999.99,0.00,86288214.00,'0.19',30,49,54),
(195,'2013-10-29','00:00:00','1',99999999.99,0.00,99999999.99,'0.19',224,7,82),
(196,'2016-02-05','00:00:00','1',99999999.99,0.00,99999999.99,'0.19',208,9,15),
(197,'2016-01-30','00:00:00','1',54822142.00,0.00,99999999.99,'0.19',418,24,40),
(198,'2020-07-26','00:00:00','1',99999999.99,0.00,99999999.99,'0.19',222,26,59),
(199,'2020-07-02','00:00:00','1',44470638.00,0.00,99999999.99,'0.19',79,47,138),
(200,'2013-10-12','00:00:00','1',99999999.99,0.00,99999999.99,'0.19',213,47,94),
(201,'2015-09-20','00:00:00','1',99999999.99,0.00,99999999.99,'0.19',243,4,13),
(202,'2008-06-11','00:00:00','1',99999999.99,0.00,96454945.00,'0.19',16,36,42),
(204,'2010-09-20','00:00:00','1',99999999.99,0.00,99999999.99,'0.19',481,12,72),
(205,'2015-11-16','00:00:00','1',99999999.99,0.00,99999999.99,'0.19',190,3,109),
(206,'2023-03-30','00:00:00','1',99999999.99,0.00,99999999.99,'0.19',61,3,101),
(207,'2021-07-31','00:00:00','1',99999999.99,0.00,25781581.00,'0.19',158,17,87),
(208,'2012-06-17','00:00:00','1',44989397.00,0.00,99999999.99,'0.19',121,49,47),
(209,'2020-12-08','00:00:00','1',99999999.99,0.00,82970669.00,'0.19',250,36,115),
(210,'2020-11-30','00:00:00','1',99999999.99,0.00,99999999.99,'0.19',451,32,87),
(212,'2022-07-23','00:00:00','1',99999999.99,0.00,99999999.99,'0.19',476,44,51),
(214,'2011-11-30','00:00:00','1',99999999.99,0.00,99999999.99,'0.19',203,34,35),
(215,'2025-07-02','00:00:00','1',99999999.99,0.00,99999999.99,'0.19',302,33,134),
(216,'2014-05-20','00:00:00','1',99999999.99,0.00,99999999.99,'0.19',110,33,40),
(217,'2015-12-19','00:00:00','1',99999999.99,0.00,99999999.99,'0.19',208,37,60),
(218,'2015-04-17','00:00:00','1',99999999.99,0.00,99999999.99,'0.19',221,29,3),
(220,'2019-06-13','00:00:00','1',99999999.99,0.00,99999999.99,'0.19',121,44,5),
(221,'2018-12-07','00:00:00','1',99999999.99,0.00,99999999.99,'0.19',147,14,35),
(222,'2025-05-17','00:00:00','1',99999999.99,0.00,99999999.99,'0.19',125,45,85),
(224,'2018-01-09','00:00:00','1',99999999.99,0.00,99999999.99,'0.19',412,47,28),
(225,'2009-10-04','00:00:00','1',99999999.99,0.00,99999999.99,'0.19',85,46,56),
(226,'2016-07-18','00:00:00','1',99999999.99,0.00,99999999.99,'0.19',173,24,53),
(227,'2021-10-06','00:00:00','1',99999999.99,0.00,99999999.99,'0.19',82,43,3),
(228,'2014-06-05','00:00:00','1',99999999.99,0.00,99999999.99,'0.19',307,33,59),
(230,'2022-03-02','00:00:00','1',99999999.99,0.00,99999999.99,'0.19',304,12,57),
(232,'2011-10-04','00:00:00','1',30861158.00,0.00,99999999.99,'0.19',437,41,65),
(234,'2015-07-26','00:00:00','1',52991391.00,0.00,99999999.99,'0.19',52,26,120),
(235,'2017-06-17','00:00:00','1',99999999.99,0.00,99999999.99,'0.19',43,4,113),
(236,'2022-02-27','00:00:00','1',99999999.99,0.00,41996476.00,'0.19',43,49,18),
(237,'2021-09-25','00:00:00','1',99999999.99,0.00,99999999.99,'0.19',408,50,32),
(238,'2020-10-26','00:00:00','1',99999999.99,0.00,99999999.99,'0.19',378,3,110),
(242,'2011-08-20','00:00:00','1',99999999.99,0.00,99999999.99,'0.19',220,20,113),
(244,'2013-02-12','00:00:00','1',78565715.00,0.00,99999999.99,'0.19',460,25,37),
(246,'2015-02-08','00:00:00','1',22512965.00,0.00,99999999.99,'0.19',479,6,89),
(247,'2022-08-24','00:00:00','1',99999999.99,0.00,99999999.99,'0.19',497,37,81),
(248,'2014-07-14','00:00:00','1',99999999.99,0.00,99999999.99,'0.19',407,37,64),
(252,'2022-06-16','00:00:00','1',99999999.99,0.00,99999999.99,'0.19',78,5,95),
(255,'2017-12-23','00:00:00','1',99999999.99,0.00,99999999.99,'0.19',242,14,21),
(256,'2025-07-07','00:00:00','1',99999999.99,0.00,99999999.99,'0.19',91,47,45),
(257,'2016-02-23','00:00:00','1',99999999.99,0.00,75324639.00,'0.19',17,37,60),
(258,'2024-10-09','00:00:00','1',99999999.99,0.00,67552241.00,'0.19',69,6,67),
(260,'2019-09-07','00:00:00','1',99999999.99,0.00,99999999.99,'0.19',432,50,44),
(261,'2018-02-05','00:00:00','1',88508120.00,0.00,99999999.99,'0.19',188,10,61),
(263,'2011-10-02','00:00:00','1',99999999.99,0.00,99999999.99,'0.19',352,37,56),
(265,'2008-07-08','00:00:00','1',99999999.99,0.00,99999999.99,'0.19',424,50,34),
(266,'2010-10-21','00:00:00','1',99999999.99,0.00,99999999.99,'0.19',359,47,12),
(267,'2024-04-27','00:00:00','1',99999999.99,0.00,99999999.99,'0.19',183,38,33),
(270,'2013-08-23','00:00:00','1',99999999.99,0.00,99999999.99,'0.19',45,43,18),
(272,'2023-09-19','00:00:00','1',99999999.99,0.00,99999999.99,'0.19',85,6,24),
(273,'2024-10-24','00:00:00','1',68633982.00,0.00,50415089.00,'0.19',458,20,117),
(279,'2010-02-21','00:00:00','1',99999999.99,0.00,99999999.99,'0.19',43,33,96),
(281,'2018-08-12','00:00:00','1',88508120.00,0.00,99999999.99,'0.19',315,4,113),
(282,'2020-04-19','00:00:00','1',99999999.99,0.00,99999999.99,'0.19',1,40,106),
(285,'2025-04-16','00:00:00','1',99999999.99,0.00,99999999.99,'0.19',99,37,27),
(286,'2016-11-26','00:00:00','1',99999999.99,0.00,99999999.99,'0.19',405,27,122),
(288,'2025-02-26','00:00:00','1',99999999.99,0.00,99999999.99,'0.19',460,6,83),
(289,'2009-11-12','00:00:00','1',99999999.99,0.00,99999999.99,'0.19',201,14,67),
(290,'2010-05-01','00:00:00','1',19305707.00,0.00,99999999.99,'0.19',422,44,106),
(291,'2013-11-20','00:00:00','1',30861158.00,0.00,99999999.99,'0.19',252,38,28),
(292,'2021-11-11','00:00:00','1',99999999.99,0.00,64610409.00,'0.19',56,32,47),
(293,'2011-06-26','00:00:00','1',99999999.99,0.00,26939653.00,'0.19',137,6,68),
(296,'2016-09-28','00:00:00','1',99999999.99,0.00,99999999.99,'0.19',316,10,93),
(297,'2014-12-09','00:00:00','1',99999999.99,0.00,99999999.99,'0.19',429,26,59),
(298,'2013-02-21','00:00:00','1',22512965.00,0.00,99999999.99,'0.19',270,4,138),
(299,'2013-07-19','00:00:00','1',99999999.99,0.00,99999999.99,'0.19',37,41,113),
(300,'2024-07-17','00:00:00','1',61438545.00,0.00,99999999.99,'0.19',426,10,40),
(301,'2014-05-16','00:00:00','1',99999999.99,0.00,99999999.99,'0.19',314,47,121),
(302,'2017-12-09','00:00:00','1',99999999.99,0.00,99999999.99,'0.19',146,10,38),
(304,'2010-11-01','00:00:00','1',63800302.00,0.00,99999999.99,'0.19',34,14,130),
(307,'2011-10-29','00:00:00','1',99999999.99,0.00,99999999.99,'0.19',437,44,40),
(308,'2008-08-22','00:00:00','1',99999999.99,0.00,99999999.99,'0.19',134,45,82),
(310,'2022-11-18','00:00:00','1',99999999.99,0.00,99999999.99,'0.19',330,27,88),
(312,'2015-04-18','00:00:00','1',99999999.99,0.00,99999999.99,'0.19',359,49,101),
(313,'2018-09-05','00:00:00','1',79588311.00,0.00,99999999.99,'0.19',264,43,137),
(314,'2018-06-24','00:00:00','1',99999999.99,0.00,99999999.99,'0.19',50,9,73),
(315,'2020-02-15','00:00:00','1',99999999.99,0.00,99999999.99,'0.19',255,4,66),
(318,'2017-12-23','00:00:00','1',99999999.99,0.00,99999999.99,'0.19',353,50,64),
(320,'2023-08-24','00:00:00','1',99999999.99,0.00,99999999.99,'0.19',17,44,64),
(321,'2020-02-04','00:00:00','1',99999999.99,0.00,42602925.00,'0.19',202,6,49),
(324,'2021-05-27','00:00:00','1',99999999.99,0.00,99999999.99,'0.19',341,25,48),
(325,'2018-03-29','00:00:00','1',99999999.99,0.00,99999999.99,'0.19',84,26,26),
(326,'2022-02-25','00:00:00','1',99999999.99,0.00,99999999.99,'0.19',356,7,34),
(327,'2024-10-18','00:00:00','1',99999999.99,0.00,99999999.99,'0.19',243,9,22),
(328,'2022-04-05','00:00:00','1',41908184.00,0.00,72922979.00,'0.19',415,12,23),
(329,'2020-08-25','00:00:00','1',99999999.99,0.00,99999999.99,'0.19',232,3,13),
(331,'2019-09-28','00:00:00','1',99999999.99,0.00,83068029.00,'0.19',488,40,136),
(332,'2022-05-08','00:00:00','1',99999999.99,0.00,99999999.99,'0.19',261,47,118),
(333,'2022-05-06','00:00:00','1',99999999.99,0.00,99999999.99,'0.19',157,3,132),
(334,'2019-12-21','00:00:00','1',99999999.99,0.00,99999999.99,'0.19',151,29,11),
(335,'2014-12-11','00:00:00','1',99999999.99,0.00,99999999.99,'0.19',335,9,61),
(336,'2015-10-15','00:00:00','1',99999999.99,0.00,99999999.99,'0.19',362,47,89),
(338,'2020-02-07','00:00:00','1',99999999.99,0.00,99999999.99,'0.19',206,43,13),
(340,'2010-01-03','00:00:00','1',22512965.00,0.00,99999999.99,'0.19',414,34,117),
(341,'2017-11-28','00:00:00','1',99999999.99,0.00,99999999.99,'0.19',477,49,13),
(342,'2014-11-27','00:00:00','1',99999999.99,0.00,99999999.99,'0.19',121,29,125),
(345,'2013-10-29','00:00:00','1',99999999.99,0.00,99999999.99,'0.19',159,40,58),
(347,'2014-10-22','00:00:00','1',99999999.99,0.00,99999999.99,'0.19',168,47,91),
(348,'2008-03-27','00:00:00','1',99999999.99,0.00,99999999.99,'0.19',108,14,27),
(349,'2008-01-01','00:00:00','1',99999999.99,0.00,99999999.99,'0.19',124,3,65),
(351,'2025-01-02','00:00:00','1',81504504.00,0.00,99999999.99,'0.19',77,37,46),
(354,'2014-06-07','00:00:00','1',99999999.99,0.00,40012526.00,'0.19',19,25,127),
(356,'2020-01-01','00:00:00','1',99304145.00,0.00,99999999.99,'0.19',31,14,45),
(359,'2019-01-12','00:00:00','1',99999999.99,0.00,99999999.99,'0.19',61,43,127),
(360,'2024-12-10','00:00:00','1',99999999.99,0.00,99999999.99,'0.19',76,12,100),
(363,'2008-03-15','00:00:00','1',99999999.99,0.00,33765677.00,'0.19',65,43,57),
(364,'2025-03-06','00:00:00','1',99999999.99,0.00,99999999.99,'0.19',77,20,117),
(365,'2017-08-27','00:00:00','1',99999999.99,0.00,99999999.99,'0.19',371,50,47),
(366,'2025-11-23','00:00:00','1',99999999.99,0.00,99999999.99,'0.19',38,34,42),
(367,'2014-07-27','00:00:00','1',61684778.00,0.00,32962436.00,'0.19',145,7,6),
(368,'2021-05-22','00:00:00','1',99999999.99,0.00,99999999.99,'0.19',395,10,93),
(369,'2013-03-09','00:00:00','1',99999999.99,0.00,99999999.99,'0.19',171,49,75),
(371,'2008-02-29','00:00:00','1',99999999.99,0.00,99999999.99,'0.19',164,12,37),
(372,'2020-04-17','00:00:00','1',92394484.00,0.00,99999999.99,'0.19',297,7,29),
(373,'2016-05-18','00:00:00','1',99999999.99,0.00,99999999.99,'0.19',123,6,97),
(376,'2020-07-28','00:00:00','1',99999999.99,0.00,99999999.99,'0.19',223,36,83),
(377,'2017-10-20','00:00:00','1',88470798.00,0.00,99999999.99,'0.19',210,44,67),
(378,'2016-11-07','00:00:00','1',99999999.99,0.00,99999999.99,'0.19',63,26,98),
(379,'2013-08-09','00:00:00','1',99999999.99,0.00,99999999.99,'0.19',477,41,50),
(380,'2011-08-30','00:00:00','1',99999999.99,0.00,99999999.99,'0.19',330,34,50),
(381,'2024-01-13','00:00:00','1',78565715.00,0.00,99999999.99,'0.19',343,9,1),
(384,'2016-09-27','00:00:00','1',99999999.99,0.00,99999999.99,'0.19',283,37,75),
(385,'2016-06-26','00:00:00','1',99999999.99,0.00,99999999.99,'0.19',374,43,76),
(387,'2013-11-24','00:00:00','1',99999999.99,0.00,99999999.99,'0.19',155,9,114),
(388,'2009-10-10','00:00:00','1',99999999.99,0.00,99999999.99,'0.19',480,10,5),
(391,'2013-05-16','00:00:00','1',99999999.99,0.00,99999999.99,'0.19',459,25,133),
(392,'2019-08-03','00:00:00','1',99999999.99,0.00,99999999.99,'0.19',243,9,128),
(394,'2025-12-10','00:00:00','1',99999999.99,0.00,99999999.99,'0.19',18,38,85),
(396,'2023-07-25','00:00:00','1',99999999.99,0.00,99999999.99,'0.19',81,45,70),
(397,'2023-05-10','00:00:00','1',99999999.99,0.00,99999999.99,'0.19',201,24,119),
(399,'2014-05-21','00:00:00','1',52029386.00,0.00,99999999.99,'0.19',177,47,43),
(400,'2022-07-18','00:00:00','1',99999999.99,0.00,99999999.99,'0.19',34,25,3),
(401,'2024-08-30','00:00:00','1',99999999.99,0.00,99999999.99,'0.19',26,5,96),
(406,'2009-07-14','00:00:00','1',99999999.99,0.00,99999999.99,'0.19',130,14,81),
(407,'2012-02-03','00:00:00','1',99999999.99,0.00,99999999.99,'0.19',200,46,49),
(408,'2011-01-24','00:00:00','1',99999999.99,0.00,99999999.99,'0.19',96,43,115),
(409,'2014-06-30','00:00:00','1',52991391.00,0.00,99999999.99,'0.19',417,37,128),
(412,'2018-03-19','00:00:00','1',99999999.99,0.00,99999999.99,'0.19',338,9,102),
(413,'2021-11-08','00:00:00','1',99999999.99,0.00,99999999.99,'0.19',495,50,110),
(414,'2018-02-26','00:00:00','1',99999999.99,0.00,99999999.99,'0.19',204,45,54),
(415,'2014-02-07','00:00:00','1',31145185.00,0.00,67711424.00,'0.19',402,38,41),
(416,'2023-09-17','00:00:00','1',99999999.99,0.00,99999999.99,'0.19',364,32,82),
(418,'2019-01-13','00:00:00','1',99999999.99,0.00,99999999.99,'0.19',166,50,60),
(419,'2012-03-18','00:00:00','1',99999999.99,0.00,99999999.99,'0.19',231,7,69),
(420,'2015-03-11','00:00:00','1',99999999.99,0.00,99999999.99,'0.19',69,15,48),
(423,'2009-02-10','00:00:00','1',99999999.99,0.00,99999999.99,'0.19',382,10,122),
(428,'2014-04-30','00:00:00','1',30861158.00,0.00,99999999.99,'0.19',162,36,40),
(431,'2024-01-15','00:00:00','1',99999999.99,0.00,99999999.99,'0.19',385,24,21),
(432,'2017-10-31','00:00:00','1',81504504.00,0.00,99999999.99,'0.19',291,25,103),
(433,'2024-04-22','00:00:00','1',99999999.99,0.00,99999999.99,'0.19',445,20,90),
(434,'2008-03-08','00:00:00','1',99999999.99,0.00,99999999.99,'0.19',359,49,22),
(435,'2013-03-22','00:00:00','1',99999999.99,0.00,99999999.99,'0.19',95,9,37),
(436,'2010-01-08','00:00:00','1',99999999.99,0.00,99999999.99,'0.19',4,14,35),
(438,'2008-04-30','00:00:00','1',99999999.99,0.00,99999999.99,'0.19',402,17,95),
(439,'2019-01-26','00:00:00','1',22512965.00,0.00,99999999.99,'0.19',85,5,41),
(441,'2015-09-01','00:00:00','1',99999999.99,0.00,99999999.99,'0.19',129,50,74),
(442,'2017-06-04','00:00:00','1',99999999.99,0.00,99999999.99,'0.19',213,10,30),
(444,'2025-08-15','00:00:00','1',61438545.00,0.00,99999999.99,'0.19',250,10,83),
(446,'2019-03-06','00:00:00','1',88470798.00,0.00,99999999.99,'0.19',172,4,56),
(449,'2023-08-19','00:00:00','1',99999999.99,0.00,99999999.99,'0.19',453,24,82),
(450,'2025-10-01','00:00:00','1',99999999.99,0.00,99999999.99,'0.19',72,40,81),
(453,'2009-10-19','00:00:00','1',99999999.99,0.00,28550921.00,'0.19',310,15,112),
(454,'2024-10-31','00:00:00','1',99999999.99,0.00,79850695.00,'0.19',254,36,63),
(455,'2011-04-11','00:00:00','1',99999999.99,0.00,99999999.99,'0.19',491,32,119),
(457,'2013-12-23','00:00:00','1',99999999.99,0.00,99999999.99,'0.19',465,4,105),
(460,'2009-08-07','00:00:00','1',99999999.99,0.00,99999999.99,'0.19',93,40,47),
(461,'2020-03-07','00:00:00','1',99304145.00,0.00,99999999.99,'0.19',214,4,11),
(462,'2018-07-18','00:00:00','1',99999999.99,0.00,99999999.99,'0.19',20,29,111),
(463,'2012-01-27','00:00:00','1',99999999.99,0.00,99999999.99,'0.19',395,47,97),
(464,'2012-04-23','00:00:00','1',99999999.99,0.00,99999999.99,'0.19',5,47,20),
(465,'2013-08-10','00:00:00','1',99999999.99,0.00,99999999.99,'0.19',324,6,86),
(468,'2010-09-26','00:00:00','1',99999999.99,0.00,99999999.99,'0.19',176,38,7),
(470,'2024-01-11','00:00:00','1',99999999.99,0.00,60767481.00,'0.19',315,27,25),
(471,'2013-08-01','00:00:00','1',99999999.99,0.00,99999999.99,'0.19',191,15,50),
(472,'2016-08-18','00:00:00','1',99999999.99,0.00,70124243.00,'0.19',173,9,53),
(473,'2025-04-18','00:00:00','1',99999999.99,0.00,68609480.00,'0.19',2,9,28),
(475,'2013-07-17','00:00:00','1',99999999.99,0.00,99999999.99,'0.19',248,34,138),
(477,'2008-10-01','00:00:00','1',99999999.99,0.00,99999999.99,'0.19',423,7,12),
(480,'2024-06-28','00:00:00','1',99999999.99,0.00,99999999.99,'0.19',104,17,58),
(482,'2010-02-08','00:00:00','1',99999999.99,0.00,99999999.99,'0.19',76,44,17),
(483,'2019-09-09','00:00:00','1',99999999.99,0.00,99999999.99,'0.19',171,41,22),
(486,'2018-08-09','00:00:00','1',99999999.99,0.00,99999999.99,'0.19',440,15,25),
(487,'2016-09-22','00:00:00','1',99999999.99,0.00,91421161.00,'0.19',378,45,45),
(488,'2023-04-14','00:00:00','1',99999999.99,0.00,99999999.99,'0.19',381,46,20),
(490,'2015-03-31','00:00:00','1',99999999.99,0.00,99999999.99,'0.19',141,3,76),
(492,'2022-02-10','00:00:00','1',99999999.99,0.00,99999999.99,'0.19',201,4,29),
(495,'2024-09-13','00:00:00','1',99999999.99,0.00,99999999.99,'0.19',303,40,40),
(496,'2020-04-29','00:00:00','1',19305707.00,0.00,99999999.99,'0.19',314,24,112),
(497,'2019-09-07','00:00:00','1',99999999.99,0.00,99999999.99,'0.19',475,26,107),
(498,'2010-09-27','00:00:00','1',99999999.99,0.00,99999999.99,'0.19',314,32,138),
(499,'2013-09-06','00:00:00','1',99999999.99,0.00,64137019.00,'0.19',101,37,128),
(500,'2018-10-17','00:00:00','1',99999999.99,0.00,99999999.99,'0.19',223,50,103),
(501,'2022-04-27','00:00:00','1',99999999.99,0.00,99999999.99,'0.19',395,41,77),
(502,'2014-09-13','00:00:00','1',99999999.99,0.00,99999999.99,'0.19',487,29,3),
(503,'2012-06-15','00:00:00','1',99999999.99,0.00,99999999.99,'0.19',375,24,27),
(505,'2009-03-02','00:00:00','1',99999999.99,0.00,99999999.99,'0.19',21,20,136),
(506,'2022-12-14','00:00:00','1',19305707.00,0.00,99999999.99,'0.19',233,40,84),
(507,'2012-11-19','00:00:00','1',99999999.99,0.00,99999999.99,'0.19',494,5,68),
(508,'2010-07-14','00:00:00','1',99999999.99,0.00,99999999.99,'0.19',369,24,138),
(509,'2013-04-17','00:00:00','1',99999999.99,0.00,99999999.99,'0.19',303,29,15),
(510,'2022-03-12','00:00:00','1',99999999.99,0.00,34151481.00,'0.19',281,38,100),
(511,'2017-09-26','00:00:00','1',99999999.99,0.00,99999999.99,'0.19',149,44,80),
(512,'2015-04-12','00:00:00','1',41908184.00,0.00,99999999.99,'0.19',276,50,79),
(514,'2011-10-03','00:00:00','1',99999999.99,0.00,99999999.99,'0.19',234,24,1),
(517,'2021-02-10','00:00:00','1',99999999.99,0.00,99999999.99,'0.19',171,12,46),
(519,'2016-11-16','00:00:00','1',99999999.99,0.00,99999999.99,'0.19',209,17,128),
(521,'2013-06-14','00:00:00','1',99999999.99,0.00,99999999.99,'0.19',322,7,135),
(522,'2008-03-14','00:00:00','1',99999999.99,0.00,99999999.99,'0.19',495,9,123),
(523,'2008-12-10','00:00:00','1',41908184.00,0.00,98048522.00,'0.19',406,17,63),
(528,'2023-06-10','00:00:00','1',99999999.99,0.00,99999999.99,'0.19',214,3,103),
(529,'2021-05-16','00:00:00','1',99999999.99,0.00,99999999.99,'0.19',476,36,73),
(530,'2011-06-23','00:00:00','1',99999999.99,0.00,99999999.99,'0.19',238,4,103),
(531,'2016-04-30','00:00:00','1',99999999.99,0.00,99999999.99,'0.19',469,50,80),
(533,'2010-01-03','00:00:00','1',99999999.99,0.00,99999999.99,'0.19',312,33,112),
(535,'2011-07-15','00:00:00','1',99999999.99,0.00,99999999.99,'0.19',119,3,56),
(536,'2019-03-19','00:00:00','1',99999999.99,0.00,99999999.99,'0.19',473,14,76),
(539,'2021-11-15','00:00:00','1',99999999.99,0.00,99999999.99,'0.19',303,27,37),
(540,'2015-08-04','00:00:00','1',99999999.99,0.00,99999999.99,'0.19',115,36,112),
(541,'2025-01-13','00:00:00','1',99999999.99,0.00,99999999.99,'0.19',231,15,38),
(542,'2022-01-08','00:00:00','1',99999999.99,0.00,99999999.99,'0.19',136,7,46),
(543,'2009-05-06','00:00:00','1',99999999.99,0.00,99999999.99,'0.19',154,29,20),
(544,'2009-05-04','00:00:00','1',99999999.99,0.00,99999999.99,'0.19',457,26,50),
(546,'2022-06-16','00:00:00','1',99999999.99,0.00,99999999.99,'0.19',437,49,5),
(547,'2011-06-14','00:00:00','1',99999999.99,0.00,99999999.99,'0.19',20,6,79),
(548,'2023-09-24','00:00:00','1',99999999.99,0.00,99999999.99,'0.19',419,32,17),
(551,'2010-05-29','00:00:00','1',99999999.99,0.00,99999999.99,'0.19',464,34,42),
(552,'2010-10-27','00:00:00','1',99999999.99,0.00,99999999.99,'0.19',297,3,65),
(555,'2015-02-07','00:00:00','1',99999999.99,0.00,99999999.99,'0.19',136,34,29),
(556,'2020-07-10','00:00:00','1',99999999.99,0.00,99999999.99,'0.19',3,7,73),
(557,'2025-09-07','00:00:00','1',99999999.99,0.00,99999999.99,'0.19',272,47,125),
(558,'2022-06-16','00:00:00','1',99999999.99,0.00,99999999.99,'0.19',118,43,131),
(559,'2024-12-20','00:00:00','1',63800302.00,0.00,99999999.99,'0.19',21,24,29),
(560,'2015-10-16','00:00:00','1',99999999.99,0.00,99999999.99,'0.19',114,29,24),
(561,'2017-11-02','00:00:00','1',99999999.99,0.00,99999999.99,'0.19',488,7,121),
(562,'2024-06-11','00:00:00','1',99999999.99,0.00,99999999.99,'0.19',421,10,115),
(563,'2012-04-29','00:00:00','1',99999999.99,0.00,61360774.00,'0.19',231,38,40),
(565,'2023-06-17','00:00:00','1',99999999.99,0.00,92205273.00,'0.19',204,47,72),
(566,'2016-06-21','00:00:00','1',99999999.99,0.00,99999999.99,'0.19',2,7,135),
(568,'2024-03-31','00:00:00','1',22512965.00,0.00,99999999.99,'0.19',25,46,42),
(569,'2011-01-08','00:00:00','1',66732227.00,0.00,99999999.99,'0.19',491,4,132),
(571,'2008-11-19','00:00:00','1',99999999.99,0.00,99999999.99,'0.19',411,6,29),
(573,'2023-11-06','00:00:00','1',99999999.99,0.00,99999999.99,'0.19',141,33,15),
(574,'2017-10-24','00:00:00','1',20279166.00,0.00,89130011.00,'0.19',275,3,57),
(575,'2020-07-15','00:00:00','1',99999999.99,0.00,71873223.00,'0.19',417,27,111),
(576,'2014-08-11','00:00:00','1',99999999.99,0.00,99999999.99,'0.19',461,29,109),
(577,'2020-03-04','00:00:00','1',66732227.00,0.00,99999999.99,'0.19',280,7,105),
(579,'2018-12-28','00:00:00','1',99999999.99,0.00,99999999.99,'0.19',214,4,44),
(581,'2020-09-16','00:00:00','1',99999999.99,0.00,99999999.99,'0.19',257,46,16),
(582,'2012-03-08','00:00:00','1',99999999.99,0.00,76268162.00,'0.19',445,15,2),
(584,'2015-10-19','00:00:00','1',99999999.99,0.00,99999999.99,'0.19',376,6,51),
(585,'2015-04-05','00:00:00','1',99999999.99,0.00,99999999.99,'0.19',407,4,42),
(587,'2018-07-04','00:00:00','1',99999999.99,0.00,99999999.99,'0.19',328,24,50),
(588,'2014-03-05','00:00:00','1',99999999.99,0.00,99999999.99,'0.19',404,34,102),
(590,'2020-06-08','00:00:00','1',99999999.99,0.00,99999999.99,'0.19',394,32,25),
(591,'2011-08-06','00:00:00','1',99999999.99,0.00,99999999.99,'0.19',308,20,1),
(593,'2019-11-30','00:00:00','1',99999999.99,0.00,99999999.99,'0.19',27,26,12),
(594,'2011-06-23','00:00:00','1',99999999.99,0.00,99999999.99,'0.19',255,12,84),
(596,'2014-08-19','00:00:00','1',99999999.99,0.00,99999999.99,'0.19',110,46,70),
(600,'2018-03-08','00:00:00','1',99999999.99,0.00,99999999.99,'0.19',148,37,1),
(602,'2025-05-27','00:00:00','1',22512965.00,0.00,99999999.99,'0.19',60,12,42),
(605,'2016-07-02','00:00:00','1',99999999.99,0.00,99999999.99,'0.19',474,34,16),
(606,'2024-06-15','00:00:00','1',99999999.99,0.00,54712869.00,'0.19',200,44,16),
(608,'2008-06-02','00:00:00','1',31145185.00,0.00,31872998.00,'0.19',372,29,102),
(610,'2016-03-01','00:00:00','1',31145185.00,0.00,99999999.99,'0.19',91,46,111),
(613,'2013-05-10','00:00:00','1',99999999.99,0.00,50894645.00,'0.19',103,17,112),
(614,'2015-03-12','00:00:00','1',91619448.00,0.00,99999999.99,'0.19',8,32,63),
(616,'2009-06-02','00:00:00','1',99999999.99,0.00,99999999.99,'0.19',220,14,46),
(618,'2020-02-02','00:00:00','1',99999999.99,0.00,99392538.00,'0.19',169,36,129),
(622,'2023-04-28','00:00:00','1',99999999.99,0.00,55118205.00,'0.19',246,43,124),
(623,'2019-02-27','00:00:00','1',99999999.99,0.00,99999999.99,'0.19',11,50,105),
(626,'2011-06-16','00:00:00','1',99999999.99,0.00,99999999.99,'0.19',477,26,87),
(628,'2014-05-08','00:00:00','1',99999999.99,0.00,34805272.00,'0.19',375,29,104),
(629,'2015-03-27','00:00:00','1',99999999.99,0.00,99999999.99,'0.19',133,17,46),
(631,'2022-05-17','00:00:00','1',99999999.99,0.00,99999999.99,'0.19',337,26,117),
(633,'2010-06-23','00:00:00','1',99999999.99,0.00,99999999.99,'0.19',344,10,64),
(634,'2010-02-27','00:00:00','1',99999999.99,0.00,99999999.99,'0.19',132,6,112),
(636,'2022-10-11','00:00:00','1',99999999.99,0.00,99999999.99,'0.19',83,38,28),
(637,'2009-06-30','00:00:00','1',99999999.99,0.00,99999999.99,'0.19',464,5,1),
(638,'2008-12-24','00:00:00','1',99999999.99,0.00,99999999.99,'0.19',219,34,20),
(640,'2012-01-03','00:00:00','1',99999999.99,0.00,99999999.99,'0.19',374,9,40),
(641,'2008-09-13','00:00:00','1',52991391.00,0.00,99999999.99,'0.19',84,45,130),
(644,'2018-11-20','00:00:00','1',54822142.00,0.00,99999999.99,'0.19',392,3,58),
(645,'2012-04-18','00:00:00','1',99999999.99,0.00,99999999.99,'0.19',478,4,40),
(647,'2008-09-17','00:00:00','1',99999999.99,0.00,99999999.99,'0.19',159,26,131),
(648,'2020-10-21','00:00:00','1',99999999.99,0.00,99999999.99,'0.19',278,27,58),
(650,'2016-09-18','00:00:00','1',99999999.99,0.00,99999999.99,'0.19',281,7,48),
(651,'2022-10-03','00:00:00','1',99999999.99,0.00,99999999.99,'0.19',328,20,119),
(653,'2019-10-17','00:00:00','1',99999999.99,0.00,99999999.99,'0.19',40,41,136),
(654,'2021-12-29','00:00:00','1',99999999.99,0.00,99999999.99,'0.19',80,38,123),
(656,'2021-03-28','00:00:00','1',99999999.99,0.00,99999999.99,'0.19',63,49,6),
(657,'2013-09-27','00:00:00','1',99999999.99,0.00,99999999.99,'0.19',437,5,104),
(659,'2016-03-20','00:00:00','1',99999999.99,0.00,23637483.00,'0.19',2,4,127),
(660,'2012-12-13','00:00:00','1',99999999.99,0.00,99999999.99,'0.19',489,29,99),
(661,'2021-08-03','00:00:00','1',99999999.99,0.00,48438545.00,'0.19',123,38,25),
(662,'2024-02-06','00:00:00','1',20279166.00,0.00,99999999.99,'0.19',34,32,12),
(663,'2009-08-03','00:00:00','1',99999999.99,0.00,99999999.99,'0.19',399,43,109),
(666,'2022-09-15','00:00:00','1',78565715.00,0.00,84254524.00,'0.19',389,17,2),
(667,'2019-01-08','00:00:00','1',92394484.00,0.00,99999999.99,'0.19',484,3,138),
(671,'2022-05-01','00:00:00','1',99999999.99,0.00,99999999.99,'0.19',59,17,64),
(672,'2009-05-12','00:00:00','1',63800302.00,0.00,99999999.99,'0.19',392,38,20),
(675,'2024-09-03','00:00:00','1',99999999.99,0.00,99999999.99,'0.19',63,50,114),
(676,'2017-04-30','00:00:00','1',99999999.99,0.00,99999999.99,'0.19',257,36,105),
(677,'2016-04-11','00:00:00','1',99999999.99,0.00,99999999.99,'0.19',393,5,30),
(678,'2025-10-24','00:00:00','1',99999999.99,0.00,99999999.99,'0.19',428,46,118),
(679,'2023-11-21','00:00:00','1',99999999.99,0.00,99999999.99,'0.19',400,37,129),
(680,'2009-04-22','00:00:00','1',44470638.00,0.00,99999999.99,'0.19',274,49,29),
(681,'2021-11-01','00:00:00','1',99999999.99,0.00,99999999.99,'0.19',239,45,91),
(682,'2013-12-17','00:00:00','1',99999999.99,0.00,99999999.99,'0.19',262,46,108),
(683,'2019-11-12','00:00:00','1',99999999.99,0.00,99999999.99,'0.19',63,41,137),
(684,'2008-11-29','00:00:00','1',99999999.99,0.00,35831011.00,'0.19',247,45,64),
(686,'2009-07-30','00:00:00','1',44470638.00,0.00,99999999.99,'0.19',315,37,90),
(690,'2019-08-26','00:00:00','1',99999999.99,0.00,67838274.00,'0.19',183,43,39),
(691,'2010-03-06','00:00:00','1',99999999.99,0.00,70552531.00,'0.19',404,46,101),
(692,'2010-04-09','00:00:00','1',99999999.99,0.00,99999999.99,'0.19',48,5,97),
(694,'2013-03-07','00:00:00','1',99999999.99,0.00,99999999.99,'0.19',91,12,103),
(695,'2019-12-04','00:00:00','1',99999999.99,0.00,99999999.99,'0.19',199,3,137),
(696,'2016-08-22','00:00:00','1',99999999.99,0.00,99999999.99,'0.19',413,17,99),
(697,'2012-04-01','00:00:00','1',99999999.99,0.00,99999999.99,'0.19',97,40,44),
(699,'2019-10-20','00:00:00','1',99999999.99,0.00,99999999.99,'0.19',484,33,25),
(700,'2022-09-25','00:00:00','1',99999999.99,0.00,99999999.99,'0.19',129,3,36),
(701,'2013-07-30','00:00:00','1',99999999.99,0.00,99999999.99,'0.19',372,38,83),
(702,'2020-10-13','00:00:00','1',99999999.99,0.00,94361721.00,'0.19',10,20,115),
(705,'2020-07-10','00:00:00','1',66732227.00,0.00,99999999.99,'0.19',318,32,130),
(706,'2024-10-20','00:00:00','1',99999999.99,0.00,71466218.00,'0.19',412,26,42),
(708,'2017-04-24','00:00:00','1',63800302.00,0.00,99999999.99,'0.19',407,34,84),
(709,'2024-09-25','00:00:00','1',99999999.99,0.00,99999999.99,'0.19',393,32,58),
(710,'2010-05-14','00:00:00','1',99999999.99,0.00,99999999.99,'0.19',45,41,70),
(711,'2025-03-09','00:00:00','1',99999999.99,0.00,99999999.99,'0.19',33,15,112),
(713,'2020-12-06','00:00:00','1',99999999.99,0.00,99999999.99,'0.19',75,5,114),
(716,'2018-04-15','00:00:00','1',99999999.99,0.00,99999999.99,'0.19',268,38,6),
(717,'2023-10-04','00:00:00','1',99999999.99,0.00,99999999.99,'0.19',418,29,114),
(718,'2022-12-02','00:00:00','1',99999999.99,0.00,99999999.99,'0.19',354,44,69),
(720,'2010-05-02','00:00:00','1',99999999.99,0.00,99999999.99,'0.19',100,27,37),
(721,'2011-09-28','00:00:00','1',99999999.99,0.00,99999999.99,'0.19',246,25,106),
(723,'2012-01-17','00:00:00','1',99999999.99,0.00,99999999.99,'0.19',388,36,78),
(726,'2019-04-27','00:00:00','1',99999999.99,0.00,99999999.99,'0.19',16,7,102),
(727,'2015-07-27','00:00:00','1',81504504.00,0.00,99999999.99,'0.19',175,27,125),
(728,'2022-09-30','00:00:00','1',99304145.00,0.00,70480837.00,'0.19',437,25,6),
(729,'2011-07-19','00:00:00','1',99999999.99,0.00,99999999.99,'0.19',200,7,1),
(730,'2019-12-22','00:00:00','1',99999999.99,0.00,99999999.99,'0.19',406,10,118),
(731,'2021-06-15','00:00:00','1',99999999.99,0.00,30952575.00,'0.19',388,14,79),
(732,'2017-12-08','00:00:00','1',54822142.00,0.00,99999999.99,'0.19',222,32,128),
(734,'2015-01-25','00:00:00','1',99999999.99,0.00,52695912.00,'0.19',414,4,91),
(735,'2020-05-03','00:00:00','1',99999999.99,0.00,99999999.99,'0.19',263,32,73),
(737,'2016-05-03','00:00:00','1',99999999.99,0.00,99999999.99,'0.19',416,37,71),
(740,'2022-03-15','00:00:00','1',99999999.99,0.00,99999999.99,'0.19',86,15,50),
(741,'2017-08-28','00:00:00','1',99999999.99,0.00,20928193.00,'0.19',98,12,130),
(742,'2024-04-12','00:00:00','1',92394484.00,0.00,99999999.99,'0.19',318,49,78),
(745,'2013-05-25','00:00:00','1',99999999.99,0.00,99999999.99,'0.19',397,12,119),
(746,'2020-08-18','00:00:00','1',99999999.99,0.00,99999999.99,'0.19',301,14,63),
(748,'2012-10-18','00:00:00','1',99999999.99,0.00,34846389.00,'0.19',358,45,118),
(749,'2016-05-30','00:00:00','1',99999999.99,0.00,99999999.99,'0.19',35,33,133),
(750,'2025-03-04','00:00:00','1',99999999.99,0.00,99999999.99,'0.19',500,43,88),
(751,'2020-05-04','00:00:00','1',99999999.99,0.00,99999999.99,'0.19',382,38,53),
(754,'2016-01-28','00:00:00','1',88508120.00,0.00,57253059.00,'0.19',337,38,137),
(755,'2018-02-23','00:00:00','1',99999999.99,0.00,99999999.99,'0.19',479,37,28),
(757,'2016-11-26','00:00:00','1',99999999.99,0.00,99999999.99,'0.19',400,40,75),
(758,'2008-01-02','00:00:00','1',99999999.99,0.00,99999999.99,'0.19',254,29,137),
(760,'2008-10-10','00:00:00','1',99999999.99,0.00,99999999.99,'0.19',395,5,68),
(761,'2014-05-19','00:00:00','1',99999999.99,0.00,99999999.99,'0.19',235,46,75),
(762,'2021-05-12','00:00:00','1',99999999.99,0.00,99999999.99,'0.19',199,17,81),
(765,'2011-01-11','00:00:00','1',44989397.00,0.00,99999999.99,'0.19',189,43,132),
(766,'2014-10-08','00:00:00','1',44470638.00,0.00,99999999.99,'0.19',102,9,101),
(768,'2014-09-26','00:00:00','1',99999999.99,0.00,99999999.99,'0.19',22,14,84),
(770,'2012-10-25','00:00:00','1',99999999.99,0.00,99999999.99,'0.19',232,4,31),
(771,'2015-01-23','00:00:00','1',99999999.99,0.00,99999999.99,'0.19',97,33,9),
(775,'2014-03-10','00:00:00','1',81504504.00,0.00,99999999.99,'0.19',9,7,118),
(776,'2020-06-01','00:00:00','1',99999999.99,0.00,99999999.99,'0.19',341,6,11),
(777,'2019-06-20','00:00:00','1',99999999.99,0.00,99999999.99,'0.19',479,27,102),
(778,'2020-06-23','00:00:00','1',99999999.99,0.00,99999999.99,'0.19',191,4,103),
(780,'2020-10-26','00:00:00','1',99999999.99,0.00,99913103.00,'0.19',174,43,16),
(781,'2011-06-21','00:00:00','1',99999999.99,0.00,99999999.99,'0.19',213,43,5),
(782,'2010-02-11','00:00:00','1',99999999.99,0.00,99999999.99,'0.19',384,43,46),
(784,'2018-04-29','00:00:00','1',99999999.99,0.00,36289559.00,'0.19',4,41,137),
(785,'2015-12-23','00:00:00','1',99999999.99,0.00,99999999.99,'0.19',497,43,65),
(786,'2011-07-02','00:00:00','1',44470638.00,0.00,40816783.00,'0.19',162,41,92),
(787,'2011-02-07','00:00:00','1',19305707.00,0.00,99999999.99,'0.19',442,17,134),
(788,'2013-12-10','00:00:00','1',99999999.99,0.00,99999999.99,'0.19',238,7,27),
(790,'2021-01-21','00:00:00','1',99999999.99,0.00,84576484.00,'0.19',69,6,1),
(792,'2013-03-23','00:00:00','1',99999999.99,0.00,99999999.99,'0.19',50,24,11),
(793,'2013-09-30','00:00:00','1',99999999.99,0.00,99999999.99,'0.19',305,44,85),
(794,'2014-09-26','00:00:00','1',99999999.99,0.00,77861222.00,'0.19',267,45,124),
(795,'2010-01-22','00:00:00','1',99999999.99,0.00,99999999.99,'0.19',288,49,79),
(796,'2020-10-17','00:00:00','1',99999999.99,0.00,99999999.99,'0.19',393,40,61),
(797,'2016-12-19','00:00:00','1',99999999.99,0.00,99999999.99,'0.19',60,37,122),
(798,'2020-10-05','00:00:00','1',99999999.99,0.00,99999999.99,'0.19',304,33,68),
(800,'2024-06-20','00:00:00','1',99999999.99,0.00,99999999.99,'0.19',243,33,89),
(801,'2009-09-24','00:00:00','1',99999999.99,0.00,73537608.00,'0.19',254,50,107),
(802,'2024-03-24','00:00:00','1',63800302.00,0.00,99999999.99,'0.19',284,38,61),
(803,'2015-04-13','00:00:00','1',52991391.00,0.00,99999999.99,'0.19',283,29,4),
(804,'2025-10-13','00:00:00','1',99999999.99,0.00,99999999.99,'0.19',372,10,39),
(806,'2011-11-17','00:00:00','1',99999999.99,0.00,99999999.99,'0.19',175,6,95),
(807,'2018-12-13','00:00:00','1',91619448.00,0.00,99999999.99,'0.19',62,29,4),
(809,'2023-10-06','00:00:00','1',30861158.00,0.00,99999999.99,'0.19',416,47,1),
(811,'2010-02-20','00:00:00','1',99999999.99,0.00,99999999.99,'0.19',403,33,12),
(812,'2021-05-08','00:00:00','1',99999999.99,0.00,99999999.99,'0.19',428,41,89),
(813,'2022-05-28','00:00:00','1',52991391.00,0.00,99999999.99,'0.19',327,38,100),
(815,'2008-11-02','00:00:00','1',99999999.99,0.00,82481911.00,'0.19',126,43,27),
(816,'2024-05-22','00:00:00','1',99999999.99,0.00,99999999.99,'0.19',160,33,92),
(818,'2016-07-22','00:00:00','1',99999999.99,0.00,55145495.00,'0.19',421,5,5),
(820,'2025-06-30','00:00:00','1',92394484.00,0.00,99999999.99,'0.19',151,26,100),
(821,'2009-04-03','00:00:00','1',99999999.99,0.00,99999999.99,'0.19',20,17,75),
(822,'2025-04-16','00:00:00','1',92394484.00,0.00,95903549.00,'0.19',440,20,25),
(824,'2015-10-21','00:00:00','1',99999999.99,0.00,99999999.99,'0.19',29,9,50),
(826,'2017-05-05','00:00:00','1',99999999.99,0.00,99999999.99,'0.19',154,49,76),
(828,'2025-04-12','00:00:00','1',99999999.99,0.00,99999999.99,'0.19',494,29,115),
(830,'2024-10-07','00:00:00','1',99999999.99,0.00,99999999.99,'0.19',357,34,129),
(831,'2022-08-22','00:00:00','1',99999999.99,0.00,51473616.00,'0.19',133,33,123),
(833,'2008-04-03','00:00:00','1',99999999.99,0.00,99999999.99,'0.19',195,15,31),
(834,'2022-03-20','00:00:00','1',99999999.99,0.00,99999999.99,'0.19',79,37,136),
(835,'2025-06-08','00:00:00','1',99999999.99,0.00,99999999.99,'0.19',144,29,121),
(836,'2022-03-06','00:00:00','1',99999999.99,0.00,99999999.99,'0.19',175,33,42),
(837,'2016-07-30','00:00:00','1',99999999.99,0.00,99999999.99,'0.19',436,24,107),
(838,'2009-03-19','00:00:00','1',99999999.99,0.00,99999999.99,'0.19',211,29,9),
(841,'2008-12-03','00:00:00','1',99999999.99,0.00,99999999.99,'0.19',272,12,53),
(842,'2015-02-28','00:00:00','1',99999999.99,0.00,99999999.99,'0.19',187,4,110),
(844,'2020-09-01','00:00:00','1',99999999.99,0.00,99999999.99,'0.19',256,17,32),
(846,'2015-05-01','00:00:00','1',99999999.99,0.00,99999999.99,'0.19',379,3,60),
(847,'2019-04-08','00:00:00','1',99999999.99,0.00,99999999.99,'0.19',154,27,70),
(851,'2009-02-17','00:00:00','1',99999999.99,0.00,99999999.99,'0.19',146,43,34),
(852,'2023-02-09','00:00:00','1',99999999.99,0.00,99999999.99,'0.19',168,6,12),
(853,'2024-05-29','00:00:00','1',99999999.99,0.00,99999999.99,'0.19',95,12,101),
(855,'2017-12-29','00:00:00','1',44989397.00,0.00,99999999.99,'0.19',48,25,71),
(856,'2024-11-19','00:00:00','1',99999999.99,0.00,99999999.99,'0.19',446,37,88),
(857,'2021-05-07','00:00:00','1',99999999.99,0.00,99999999.99,'0.19',71,6,109),
(858,'2020-11-25','00:00:00','1',99999999.99,0.00,99999999.99,'0.19',477,20,103),
(860,'2010-01-07','00:00:00','1',19305707.00,0.00,92732945.00,'0.19',309,26,43),
(861,'2012-12-24','00:00:00','1',99999999.99,0.00,99999999.99,'0.19',307,6,78),
(862,'2017-09-08','00:00:00','1',99999999.99,0.00,99999999.99,'0.19',437,49,10),
(864,'2025-08-20','00:00:00','1',79588311.00,0.00,99999999.99,'0.19',186,43,37),
(865,'2016-11-04','00:00:00','1',99999999.99,0.00,99999999.99,'0.19',59,6,33),
(867,'2010-12-18','00:00:00','1',99999999.99,0.00,99999999.99,'0.19',500,33,83),
(868,'2015-07-16','00:00:00','1',99999999.99,0.00,99999999.99,'0.19',136,32,89),
(869,'2009-11-07','00:00:00','1',99999999.99,0.00,99999999.99,'0.19',394,44,112),
(870,'2018-09-03','00:00:00','1',99999999.99,0.00,64232199.00,'0.19',171,38,123),
(874,'2020-04-17','00:00:00','1',41908184.00,0.00,76005568.00,'0.19',94,43,46),
(876,'2013-11-20','00:00:00','1',99999999.99,0.00,99999999.99,'0.19',109,36,47),
(877,'2009-11-27','00:00:00','1',99999999.99,0.00,99999999.99,'0.19',299,33,32),
(878,'2016-12-08','00:00:00','1',52991391.00,0.00,99999999.99,'0.19',410,10,3),
(880,'2017-09-29','00:00:00','1',99999999.99,0.00,99999999.99,'0.19',119,47,61),
(881,'2025-05-10','00:00:00','1',99999999.99,0.00,99999999.99,'0.19',26,49,56),
(882,'2023-08-26','00:00:00','1',99999999.99,0.00,99999999.99,'0.19',142,26,76),
(883,'2010-12-04','00:00:00','1',99999999.99,0.00,99999999.99,'0.19',160,38,113),
(884,'2025-02-02','00:00:00','1',99999999.99,0.00,99999999.99,'0.19',431,43,8),
(886,'2018-10-14','00:00:00','1',99999999.99,0.00,99999999.99,'0.19',282,43,128),
(887,'2020-07-17','00:00:00','1',99999999.99,0.00,99999999.99,'0.19',387,41,79),
(888,'2012-06-10','00:00:00','1',99999999.99,0.00,49589929.00,'0.19',278,4,123),
(890,'2016-11-12','00:00:00','1',99999999.99,0.00,99999999.99,'0.19',440,3,78),
(891,'2022-08-18','00:00:00','1',99999999.99,0.00,42351302.00,'0.19',41,38,74),
(893,'2012-05-25','00:00:00','1',99999999.99,0.00,67882175.00,'0.19',365,15,96),
(894,'2020-08-02','00:00:00','1',99999999.99,0.00,99999999.99,'0.19',282,46,58),
(896,'2024-07-01','00:00:00','1',99999999.99,0.00,99999999.99,'0.19',296,17,84),
(897,'2019-10-04','00:00:00','1',99999999.99,0.00,99999999.99,'0.19',446,6,44),
(898,'2013-07-10','00:00:00','1',63800302.00,0.00,99999999.99,'0.19',354,38,25),
(903,'2017-08-24','00:00:00','1',99999999.99,0.00,99999999.99,'0.19',337,3,2),
(904,'2015-04-03','00:00:00','1',99999999.99,0.00,45746199.00,'0.19',153,32,126),
(905,'2023-05-11','00:00:00','1',99999999.99,0.00,99999999.99,'0.19',52,36,21),
(908,'2010-07-10','00:00:00','1',99999999.99,0.00,99999999.99,'0.19',386,12,86),
(909,'2023-01-24','00:00:00','1',99999999.99,0.00,99999999.99,'0.19',477,32,90),
(911,'2017-07-01','00:00:00','1',99999999.99,0.00,99999999.99,'0.19',160,44,27),
(912,'2016-03-11','00:00:00','1',99999999.99,0.00,99999999.99,'0.19',471,45,43),
(913,'2015-10-24','00:00:00','1',99999999.99,0.00,48150963.00,'0.19',450,36,15),
(914,'2012-04-09','00:00:00','1',99999999.99,0.00,99999999.99,'0.19',216,36,1),
(915,'2015-03-12','00:00:00','1',99999999.99,0.00,99999999.99,'0.19',48,15,64),
(917,'2021-04-27','00:00:00','1',99999999.99,0.00,99999999.99,'0.19',171,47,33),
(918,'2022-09-13','00:00:00','1',99999999.99,0.00,99999999.99,'0.19',138,25,48),
(920,'2025-04-06','00:00:00','1',99999999.99,0.00,99999999.99,'0.19',27,7,18),
(921,'2014-11-02','00:00:00','1',99999999.99,0.00,99999999.99,'0.19',71,50,121),
(923,'2015-11-04','00:00:00','1',99999999.99,0.00,99999999.99,'0.19',49,38,37),
(924,'2021-10-27','00:00:00','1',99999999.99,0.00,99999999.99,'0.19',486,43,119),
(925,'2017-12-01','00:00:00','1',99999999.99,0.00,99999999.99,'0.19',484,43,127),
(927,'2011-04-09','00:00:00','1',99999999.99,0.00,99999999.99,'0.19',3,26,109),
(928,'2017-11-17','00:00:00','1',99999999.99,0.00,44009245.00,'0.19',55,12,70),
(930,'2013-03-27','00:00:00','1',99999999.99,0.00,72962709.00,'0.19',245,41,64),
(931,'2012-06-23','00:00:00','1',99999999.99,0.00,99999999.99,'0.19',22,3,89),
(933,'2016-05-20','00:00:00','1',88508120.00,0.00,99999999.99,'0.19',415,27,83),
(934,'2011-07-01','00:00:00','1',22512965.00,0.00,99999999.99,'0.19',185,45,84),
(935,'2024-12-29','00:00:00','1',99304145.00,0.00,99999999.99,'0.19',208,41,44),
(937,'2009-12-03','00:00:00','1',68633982.00,0.00,59171971.00,'0.19',55,40,79),
(938,'2010-07-09','00:00:00','1',99999999.99,0.00,99999999.99,'0.19',136,25,44),
(939,'2024-08-02','00:00:00','1',78565715.00,0.00,99999999.99,'0.19',82,25,89),
(942,'2021-12-05','00:00:00','1',99999999.99,0.00,99999999.99,'0.19',288,47,26),
(943,'2011-04-24','00:00:00','1',99999999.99,0.00,99999999.99,'0.19',459,17,104),
(944,'2014-06-14','00:00:00','1',99999999.99,0.00,99999999.99,'0.19',407,40,30),
(948,'2010-06-30','00:00:00','1',99999999.99,0.00,99999999.99,'0.19',87,29,95),
(949,'2014-11-04','00:00:00','1',99999999.99,0.00,99999999.99,'0.19',95,33,22),
(950,'2018-02-03','00:00:00','1',78565715.00,0.00,82454741.00,'0.19',333,20,115),
(951,'2018-07-26','00:00:00','1',99999999.99,0.00,99999999.99,'0.19',471,10,18),
(952,'2008-07-05','00:00:00','1',99999999.99,0.00,22544115.00,'0.19',292,5,15),
(953,'2015-06-11','00:00:00','1',99999999.99,0.00,99999999.99,'0.19',359,29,87),
(955,'2024-08-06','00:00:00','1',99999999.99,0.00,99999999.99,'0.19',54,10,136),
(956,'2020-01-25','00:00:00','1',99999999.99,0.00,99999999.99,'0.19',323,36,13),
(958,'2012-07-27','00:00:00','1',99999999.99,0.00,99999999.99,'0.19',9,7,79),
(959,'2020-04-03','00:00:00','1',99999999.99,0.00,99999999.99,'0.19',241,25,24),
(960,'2019-09-26','00:00:00','1',99999999.99,0.00,99999999.99,'0.19',112,10,67),
(963,'2020-04-22','00:00:00','1',99999999.99,0.00,99999999.99,'0.19',65,38,79),
(964,'2018-10-31','00:00:00','1',99999999.99,0.00,99999999.99,'0.19',87,49,69),
(966,'2024-05-15','00:00:00','1',99999999.99,0.00,99999999.99,'0.19',491,41,59),
(967,'2011-03-03','00:00:00','1',99999999.99,0.00,96058190.00,'0.19',421,27,94),
(971,'2008-05-30','00:00:00','1',99999999.99,0.00,99999999.99,'0.19',123,9,77),
(973,'2021-01-27','00:00:00','1',99999999.99,0.00,99999999.99,'0.19',3,33,136),
(974,'2022-11-18','00:00:00','1',99999999.99,0.00,99999999.99,'0.19',349,37,76),
(975,'2019-10-25','00:00:00','1',99999999.99,0.00,99999999.99,'0.19',268,50,29),
(976,'2008-12-22','00:00:00','1',99999999.99,0.00,99999999.99,'0.19',449,15,119),
(979,'2009-05-07','00:00:00','1',99999999.99,0.00,99999999.99,'0.19',407,26,77),
(981,'2012-07-02','00:00:00','1',99999999.99,0.00,99999999.99,'0.19',398,45,52),
(982,'2025-09-13','00:00:00','1',99999999.99,0.00,99999999.99,'0.19',432,33,67),
(983,'2023-08-15','00:00:00','1',99999999.99,0.00,99999999.99,'0.19',97,15,75),
(984,'2021-11-10','00:00:00','1',99999999.99,0.00,99999999.99,'0.19',253,40,53),
(985,'2014-01-31','00:00:00','1',99999999.99,0.00,99999999.99,'0.19',281,3,10),
(987,'2018-06-05','00:00:00','1',99999999.99,0.00,99999999.99,'0.19',31,9,60),
(988,'2022-09-07','00:00:00','1',19305707.00,0.00,25490795.00,'0.19',221,17,126),
(989,'2008-03-09','00:00:00','1',99999999.99,0.00,99999999.99,'0.19',109,26,131),
(991,'2016-09-18','00:00:00','1',79588311.00,0.00,99999999.99,'0.19',342,10,8),
(992,'2022-10-23','00:00:00','1',99999999.99,0.00,99999999.99,'0.19',199,49,57),
(993,'2014-01-31','00:00:00','1',99999999.99,0.00,99999999.99,'0.19',99,34,50),
(994,'2022-11-14','00:00:00','1',99999999.99,0.00,99999999.99,'0.19',423,29,32),
(996,'2016-01-29','00:00:00','1',99999999.99,0.00,99999999.99,'0.19',150,37,56),
(997,'2010-06-02','00:00:00','1',99999999.99,0.00,99999999.99,'0.19',177,5,108),
(1000,'2022-07-25','00:00:00','1',99999999.99,0.00,99999999.99,'0.19',499,40,52),
(1001,'2016-09-01','00:00:00','1',99999999.99,0.00,25599404.00,'0.19',303,5,62),
(1002,'2013-03-08','00:00:00','1',99999999.99,0.00,99999999.99,'0.19',211,6,134),
(1003,'2016-07-15','00:00:00','1',99999999.99,0.00,99999999.99,'0.19',467,20,47),
(1004,'2019-05-28','00:00:00','1',99999999.99,0.00,99999999.99,'0.19',297,5,110),
(1005,'2023-12-01','00:00:00','1',61684778.00,0.00,42440854.00,'0.19',148,14,10),
(1007,'2015-01-28','00:00:00','1',99999999.99,0.00,99999999.99,'0.19',128,38,122),
(1008,'2018-11-14','00:00:00','1',99999999.99,0.00,99999999.99,'0.19',316,49,130),
(1009,'2021-05-23','00:00:00','1',99999999.99,0.00,89196350.00,'0.19',439,47,137),
(1012,'2012-03-07','00:00:00','1',99999999.99,0.00,99999999.99,'0.19',362,43,91),
(1013,'2012-06-17','00:00:00','1',99999999.99,0.00,57862473.00,'0.19',216,49,45),
(1015,'2018-04-09','00:00:00','1',99999999.99,0.00,81407496.00,'0.19',332,41,122),
(1017,'2023-12-24','00:00:00','1',88470798.00,0.00,99999999.99,'0.19',255,14,3),
(1018,'2008-06-25','00:00:00','1',99999999.99,0.00,99999999.99,'0.19',1,46,74),
(1019,'2008-11-21','00:00:00','1',99999999.99,0.00,99999999.99,'0.19',59,27,112),
(1020,'2013-07-19','00:00:00','1',99999999.99,0.00,55702086.00,'0.19',208,7,48),
(1021,'2019-11-15','00:00:00','1',99999999.99,0.00,99999999.99,'0.19',303,15,81),
(1022,'2014-11-02','00:00:00','1',99999999.99,0.00,99999999.99,'0.19',98,14,17),
(1024,'2018-12-27','00:00:00','1',99999999.99,0.00,99999999.99,'0.19',130,47,47),
(1025,'2016-10-27','00:00:00','1',31145185.00,0.00,99999999.99,'0.19',354,27,32),
(1028,'2008-05-30','00:00:00','1',99999999.99,0.00,99999999.99,'0.19',95,12,105),
(1030,'2023-05-07','00:00:00','1',99999999.99,0.00,99999999.99,'0.19',329,3,55),
(1031,'2015-11-22','00:00:00','1',30861158.00,0.00,99999999.99,'0.19',298,17,84),
(1033,'2022-01-08','00:00:00','1',99999999.99,0.00,99999999.99,'0.19',496,36,124),
(1034,'2014-10-12','00:00:00','1',99999999.99,0.00,99999999.99,'0.19',344,33,132),
(1035,'2013-04-18','00:00:00','1',99999999.99,0.00,99999999.99,'0.19',128,7,13),
(1036,'2019-03-30','00:00:00','1',99999999.99,0.00,99999999.99,'0.19',68,26,26),
(1038,'2009-05-22','00:00:00','1',31145185.00,0.00,78246227.00,'0.19',21,50,28),
(1039,'2022-01-13','00:00:00','1',99999999.99,0.00,99999999.99,'0.19',119,45,92),
(1042,'2008-08-29','00:00:00','1',99999999.99,0.00,99999999.99,'0.19',24,24,49),
(1044,'2014-04-14','00:00:00','1',22512965.00,0.00,99999999.99,'0.19',37,49,72),
(1045,'2013-01-21','00:00:00','1',99999999.99,0.00,99999999.99,'0.19',351,20,98),
(1046,'2011-05-27','00:00:00','1',99999999.99,0.00,66440977.00,'0.19',203,32,128),
(1047,'2015-08-31','00:00:00','1',79588311.00,0.00,99999999.99,'0.19',69,10,23),
(1048,'2016-10-23','00:00:00','1',22512965.00,0.00,99999999.99,'0.19',495,17,123),
(1050,'2011-01-29','00:00:00','1',99999999.99,0.00,99999999.99,'0.19',142,40,97),
(1051,'2009-12-20','00:00:00','1',99999999.99,0.00,88244361.00,'0.19',492,7,42),
(1055,'2023-03-17','00:00:00','1',99999999.99,0.00,99999999.99,'0.19',334,3,58),
(1057,'2022-01-11','00:00:00','1',99999999.99,0.00,79810978.00,'0.19',368,45,102),
(1061,'2013-05-23','00:00:00','1',99999999.99,0.00,99999999.99,'0.19',8,37,111),
(1062,'2020-11-06','00:00:00','1',99999999.99,0.00,99999999.99,'0.19',212,27,68),
(1063,'2011-06-05','00:00:00','1',99999999.99,0.00,64886718.00,'0.19',55,26,88),
(1064,'2017-07-25','00:00:00','1',99999999.99,0.00,99999999.99,'0.19',175,5,14),
(1066,'2021-07-30','00:00:00','1',99999999.99,0.00,99999999.99,'0.19',229,49,10),
(1070,'2010-12-15','00:00:00','1',99999999.99,0.00,99999999.99,'0.19',332,5,88),
(1071,'2012-08-20','00:00:00','1',99999999.99,0.00,99999999.99,'0.19',403,50,123),
(1072,'2022-08-20','00:00:00','1',99999999.99,0.00,99999999.99,'0.19',64,34,59),
(1073,'2011-02-09','00:00:00','1',99999999.99,0.00,99999999.99,'0.19',445,9,5),
(1074,'2021-01-11','00:00:00','1',99999999.99,0.00,96642997.00,'0.19',189,45,137),
(1075,'2020-02-21','00:00:00','1',99999999.99,0.00,99999999.99,'0.19',167,17,60),
(1078,'2012-07-15','00:00:00','1',99999999.99,0.00,42039574.00,'0.19',338,37,25),
(1079,'2011-02-05','00:00:00','1',99999999.99,0.00,99999999.99,'0.19',266,49,22),
(1081,'2023-06-11','00:00:00','1',44470638.00,0.00,99999999.99,'0.19',141,41,134),
(1082,'2023-10-25','00:00:00','1',61438545.00,0.00,99999999.99,'0.19',228,3,75),
(1085,'2017-08-24','00:00:00','1',44470638.00,0.00,99999999.99,'0.19',440,47,76),
(1087,'2011-04-04','00:00:00','1',99999999.99,0.00,43492340.00,'0.19',75,26,71),
(1089,'2020-09-01','00:00:00','1',79588311.00,0.00,27629545.00,'0.19',200,36,133),
(1090,'2011-07-18','00:00:00','1',99999999.99,0.00,99999999.99,'0.19',181,10,77),
(1091,'2015-02-13','00:00:00','1',99999999.99,0.00,99999999.99,'0.19',97,7,118),
(1093,'2020-07-01','00:00:00','1',99999999.99,0.00,99999999.99,'0.19',341,6,113),
(1094,'2019-12-15','00:00:00','1',99999999.99,0.00,99999999.99,'0.19',440,29,44),
(1096,'2010-08-27','00:00:00','1',99999999.99,0.00,99999999.99,'0.19',340,27,126),
(1097,'2012-02-17','00:00:00','1',99999999.99,0.00,99999999.99,'0.19',125,34,85),
(1098,'2015-02-14','00:00:00','1',88470798.00,0.00,99999999.99,'0.19',251,7,90),
(1099,'2011-04-07','00:00:00','1',99999999.99,0.00,50294636.00,'0.19',251,15,134),
(1101,'2008-08-29','00:00:00','1',99999999.99,0.00,99999999.99,'0.19',141,40,133),
(1102,'2025-03-02','00:00:00','1',99999999.99,0.00,99999999.99,'0.19',224,12,29),
(1103,'2015-02-23','00:00:00','1',99999999.99,0.00,99999999.99,'0.19',26,26,14),
(1104,'2017-04-14','00:00:00','1',99999999.99,0.00,99999999.99,'0.19',130,41,46),
(1105,'2017-03-22','00:00:00','1',99999999.99,0.00,54171502.00,'0.19',2,25,37),
(1106,'2014-10-21','00:00:00','1',61684778.00,0.00,99999999.99,'0.19',222,17,19),
(1109,'2022-04-14','00:00:00','1',99999999.99,0.00,99999999.99,'0.19',32,40,138),
(1110,'2024-07-23','00:00:00','1',99999999.99,0.00,99999999.99,'0.19',401,43,19),
(1112,'2011-05-29','00:00:00','1',99999999.99,0.00,99999999.99,'0.19',427,40,77),
(1114,'2012-03-19','00:00:00','1',99999999.99,0.00,33588026.00,'0.19',384,45,49),
(1115,'2010-05-24','00:00:00','1',99999999.99,0.00,99999999.99,'0.19',235,38,116),
(1116,'2010-12-13','00:00:00','1',99999999.99,0.00,99999999.99,'0.19',269,26,21),
(1117,'2012-02-22','00:00:00','1',99999999.99,0.00,57249649.00,'0.19',149,45,119),
(1118,'2008-08-02','00:00:00','1',99999999.99,0.00,99999999.99,'0.19',105,40,4),
(1119,'2025-02-05','00:00:00','1',52029386.00,0.00,99999999.99,'0.19',212,36,85),
(1120,'2021-09-22','00:00:00','1',99999999.99,0.00,99999999.99,'0.19',57,29,136),
(1121,'2021-11-02','00:00:00','1',99999999.99,0.00,99999999.99,'0.19',452,20,77),
(1122,'2013-12-26','00:00:00','1',99999999.99,0.00,99999999.99,'0.19',148,33,68),
(1123,'2021-08-01','00:00:00','1',99999999.99,0.00,99999999.99,'0.19',73,25,85),
(1124,'2020-09-19','00:00:00','1',88508120.00,0.00,99999999.99,'0.19',146,37,26),
(1125,'2021-09-25','00:00:00','1',99999999.99,0.00,96967666.00,'0.19',144,20,69),
(1126,'2013-03-06','00:00:00','1',99999999.99,0.00,99999999.99,'0.19',91,45,53),
(1127,'2021-05-17','00:00:00','1',99999999.99,0.00,99999999.99,'0.19',219,6,109),
(1130,'2023-06-01','00:00:00','1',99999999.99,0.00,99999999.99,'0.19',243,38,134),
(1131,'2008-08-01','00:00:00','1',99999999.99,0.00,54967127.00,'0.19',403,17,101),
(1133,'2009-10-13','00:00:00','1',99999999.99,0.00,99999999.99,'0.19',272,43,27),
(1134,'2023-06-08','00:00:00','1',99999999.99,0.00,99999999.99,'0.19',34,4,22),
(1137,'2011-01-03','00:00:00','1',99999999.99,0.00,99999999.99,'0.19',179,40,8),
(1138,'2019-04-08','00:00:00','1',99999999.99,0.00,99999999.99,'0.19',156,9,54),
(1139,'2021-07-24','00:00:00','1',99999999.99,0.00,99999999.99,'0.19',330,47,136),
(1141,'2023-12-20','00:00:00','1',99999999.99,0.00,99999999.99,'0.19',231,44,88),
(1142,'2022-07-27','00:00:00','1',99999999.99,0.00,40631963.00,'0.19',103,12,112),
(1143,'2016-05-21','00:00:00','1',99999999.99,0.00,97033714.00,'0.19',353,4,138),
(1144,'2012-02-16','00:00:00','1',99999999.99,0.00,75723226.00,'0.19',443,44,30),
(1145,'2016-09-09','00:00:00','1',99999999.99,0.00,99999999.99,'0.19',142,50,21),
(1147,'2018-08-17','00:00:00','1',99999999.99,0.00,23168400.00,'0.19',245,24,126),
(1149,'2011-09-03','00:00:00','1',99999999.99,0.00,21836608.00,'0.19',200,45,21),
(1150,'2012-05-02','00:00:00','1',99999999.99,0.00,99999999.99,'0.19',139,25,71),
(1151,'2013-01-27','00:00:00','1',99999999.99,0.00,51362676.00,'0.19',83,45,87),
(1152,'2008-09-21','00:00:00','1',99999999.99,0.00,99999999.99,'0.19',246,3,3),
(1155,'2008-05-02','00:00:00','1',99999999.99,0.00,99999999.99,'0.19',464,5,27),
(1157,'2017-04-06','00:00:00','1',99999999.99,0.00,99999999.99,'0.19',9,6,120),
(1159,'2024-08-25','00:00:00','1',99999999.99,0.00,99999999.99,'0.19',121,44,95),
(1160,'2023-01-21','00:00:00','1',99999999.99,0.00,99999999.99,'0.19',331,47,81),
(1161,'2012-07-19','00:00:00','1',44470638.00,0.00,38895290.00,'0.19',249,4,38),
(1162,'2024-12-29','00:00:00','1',61684778.00,0.00,99999999.99,'0.19',197,15,109),
(1165,'2011-12-21','00:00:00','1',99999999.99,0.00,30626479.00,'0.19',283,49,57),
(1166,'2017-11-07','00:00:00','1',99999999.99,0.00,99999999.99,'0.19',261,50,96),
(1167,'2021-11-02','00:00:00','1',99999999.99,0.00,99999999.99,'0.19',329,36,23),
(1168,'2018-12-27','00:00:00','1',99999999.99,0.00,99999999.99,'0.19',479,26,81),
(1169,'2023-06-05','00:00:00','1',99999999.99,0.00,99999999.99,'0.19',75,14,130),
(1170,'2015-04-15','00:00:00','1',99304145.00,0.00,99999999.99,'0.19',57,27,138),
(1173,'2017-08-03','00:00:00','1',99999999.99,0.00,99999999.99,'0.19',190,27,4),
(1174,'2017-01-29','00:00:00','1',99999999.99,0.00,99999999.99,'0.19',268,46,82),
(1176,'2008-12-08','00:00:00','1',99999999.99,0.00,99999999.99,'0.19',354,9,33),
(1177,'2021-08-20','00:00:00','1',99999999.99,0.00,99999999.99,'0.19',51,7,102),
(1178,'2024-06-28','00:00:00','1',99999999.99,0.00,99999999.99,'0.19',140,33,6),
(1179,'2016-07-13','00:00:00','1',99999999.99,0.00,99999999.99,'0.19',442,38,32),
(1180,'2024-02-25','00:00:00','1',99999999.99,0.00,99999999.99,'0.19',338,17,32),
(1182,'2016-11-02','00:00:00','1',99999999.99,0.00,99999999.99,'0.19',410,24,21),
(1184,'2024-08-26','00:00:00','1',99999999.99,0.00,99999999.99,'0.19',383,4,64),
(1185,'2020-10-29','00:00:00','1',31145185.00,0.00,99999999.99,'0.19',207,25,137),
(1186,'2021-04-26','00:00:00','1',99999999.99,0.00,99999999.99,'0.19',11,32,33),
(1188,'2019-10-12','00:00:00','1',99999999.99,0.00,99999999.99,'0.19',291,4,79),
(1193,'2019-09-05','00:00:00','1',30861158.00,0.00,97528135.00,'0.19',461,37,63),
(1194,'2010-06-14','00:00:00','1',99999999.99,0.00,99999999.99,'0.19',145,20,110),
(1195,'2018-02-16','00:00:00','1',44470638.00,0.00,99999999.99,'0.19',130,9,11),
(1196,'2018-03-31','00:00:00','1',99999999.99,0.00,99999999.99,'0.19',415,20,16),
(1197,'2008-12-13','00:00:00','1',99999999.99,0.00,99999999.99,'0.19',126,34,136),
(1198,'2013-07-05','00:00:00','1',88508120.00,0.00,99999999.99,'0.19',388,38,84),
(1199,'2019-08-20','00:00:00','1',99999999.99,0.00,99999999.99,'0.19',491,17,137),
(1200,'2020-01-24','00:00:00','1',99999999.99,0.00,99999999.99,'0.19',343,12,26),
(1201,'2016-11-14','00:00:00','1',99999999.99,0.00,99999999.99,'0.19',477,4,129),
(1203,'2008-11-17','00:00:00','1',99999999.99,0.00,99999999.99,'0.19',439,25,11),
(1204,'2020-07-04','00:00:00','1',99999999.99,0.00,31240533.00,'0.19',315,25,73),
(1205,'2016-09-08','00:00:00','1',99999999.99,0.00,99999999.99,'0.19',295,44,84),
(1208,'2022-02-22','00:00:00','1',41908184.00,0.00,97300700.00,'0.19',272,36,77),
(1209,'2009-02-07','00:00:00','1',99999999.99,0.00,42846482.00,'0.19',472,40,55),
(1212,'2017-11-09','00:00:00','1',99999999.99,0.00,99999999.99,'0.19',255,32,103),
(1213,'2016-12-04','00:00:00','1',99999999.99,0.00,99999999.99,'0.19',271,27,18),
(1214,'2014-10-30','00:00:00','1',99999999.99,0.00,99999999.99,'0.19',2,4,88),
(1217,'2018-05-07','00:00:00','1',99999999.99,0.00,99999999.99,'0.19',11,17,53),
(1220,'2014-08-08','00:00:00','1',22512965.00,0.00,99999999.99,'0.19',354,20,36),
(1223,'2023-06-23','00:00:00','1',99999999.99,0.00,99999999.99,'0.19',215,24,56),
(1224,'2019-08-06','00:00:00','1',99999999.99,0.00,99999999.99,'0.19',291,32,90),
(1225,'2011-03-11','00:00:00','1',61438545.00,0.00,99999999.99,'0.19',175,49,131),
(1226,'2018-05-25','00:00:00','1',99999999.99,0.00,99999999.99,'0.19',1,29,103),
(1230,'2024-03-16','00:00:00','1',99999999.99,0.00,99999999.99,'0.19',56,37,62),
(1231,'2019-03-25','00:00:00','1',99999999.99,0.00,99999999.99,'0.19',376,29,16),
(1232,'2010-07-16','00:00:00','1',99999999.99,0.00,99999999.99,'0.19',157,20,2),
(1233,'2012-01-12','00:00:00','1',99999999.99,0.00,99999999.99,'0.19',370,50,86),
(1235,'2021-02-16','00:00:00','1',99999999.99,0.00,99999999.99,'0.19',218,15,111),
(1237,'2020-04-03','00:00:00','1',99999999.99,0.00,99999999.99,'0.19',357,33,94),
(1241,'2015-04-03','00:00:00','1',99999999.99,0.00,99999999.99,'0.19',103,9,23),
(1243,'2008-07-23','00:00:00','1',99999999.99,0.00,99999999.99,'0.19',206,24,99),
(1244,'2012-01-05','00:00:00','1',99999999.99,0.00,99999999.99,'0.19',343,17,97),
(1245,'2018-03-05','00:00:00','1',99999999.99,0.00,99999999.99,'0.19',432,26,62),
(1246,'2021-03-28','00:00:00','1',99999999.99,0.00,99999999.99,'0.19',492,25,125),
(1247,'2023-12-25','00:00:00','1',99999999.99,0.00,99999999.99,'0.19',309,9,48),
(1248,'2012-07-12','00:00:00','1',99999999.99,0.00,99999999.99,'0.19',290,41,92),
(1249,'2018-03-13','00:00:00','1',99999999.99,0.00,99999999.99,'0.19',289,12,89),
(1250,'2010-01-08','00:00:00','1',99999999.99,0.00,99999999.99,'0.19',183,50,30),
(1251,'2013-08-10','00:00:00','1',99999999.99,0.00,99999999.99,'0.19',50,27,26),
(1253,'2023-07-07','00:00:00','1',99999999.99,0.00,99999999.99,'0.19',242,45,75),
(1255,'2023-12-16','00:00:00','1',99999999.99,0.00,99999999.99,'0.19',101,4,101),
(1256,'2025-11-11','00:00:00','1',99999999.99,0.00,99999999.99,'0.19',456,7,11),
(1257,'2011-09-05','00:00:00','1',99999999.99,0.00,99999999.99,'0.19',126,26,35),
(1258,'2024-02-10','00:00:00','1',99999999.99,0.00,99999999.99,'0.19',167,41,131),
(1263,'2023-11-03','00:00:00','1',99999999.99,0.00,99999999.99,'0.19',242,15,117),
(1264,'2018-01-29','00:00:00','1',99999999.99,0.00,99999999.99,'0.19',389,4,8),
(1266,'2016-02-21','00:00:00','1',99999999.99,0.00,99999999.99,'0.19',273,45,108),
(1267,'2009-11-29','00:00:00','1',99999999.99,0.00,78331123.00,'0.19',171,44,97),
(1270,'2016-08-12','00:00:00','1',99999999.99,0.00,99999999.99,'0.19',221,12,88),
(1272,'2025-09-28','00:00:00','1',30861158.00,0.00,99999999.99,'0.19',288,12,76),
(1273,'2019-06-23','00:00:00','1',92394484.00,0.00,99999999.99,'0.19',9,10,46),
(1275,'2011-08-02','00:00:00','1',99999999.99,0.00,99999999.99,'0.19',40,12,22),
(1276,'2016-06-29','00:00:00','1',99999999.99,0.00,99999999.99,'0.19',53,49,97),
(1277,'2020-05-05','00:00:00','1',99999999.99,0.00,47319058.00,'0.19',290,29,66),
(1280,'2025-03-25','00:00:00','1',99999999.99,0.00,99999999.99,'0.19',119,45,106),
(1281,'2011-10-31','00:00:00','1',41908184.00,0.00,99999999.99,'0.19',211,43,20),
(1283,'2020-09-06','00:00:00','1',99999999.99,0.00,99999999.99,'0.19',23,20,27),
(1284,'2022-10-16','00:00:00','1',99999999.99,0.00,99999999.99,'0.19',105,26,119),
(1285,'2011-05-14','00:00:00','1',92394484.00,0.00,99999999.99,'0.19',240,9,83),
(1286,'2011-08-21','00:00:00','1',99999999.99,0.00,99999999.99,'0.19',212,49,53),
(1288,'2012-01-05','00:00:00','1',99999999.99,0.00,99999999.99,'0.19',379,40,138),
(1289,'2025-04-01','00:00:00','1',99999999.99,0.00,99999999.99,'0.19',38,5,77),
(1290,'2023-12-21','00:00:00','1',41908184.00,0.00,32796530.00,'0.19',53,25,105),
(1292,'2017-05-30','00:00:00','1',99999999.99,0.00,99999999.99,'0.19',500,7,11),
(1293,'2014-11-28','00:00:00','1',99999999.99,0.00,99999999.99,'0.19',281,6,96),
(1294,'2014-12-10','00:00:00','1',44989397.00,0.00,99999999.99,'0.19',226,12,32),
(1296,'2025-03-28','00:00:00','1',99999999.99,0.00,99999999.99,'0.19',70,46,49),
(1297,'2018-01-03','00:00:00','1',79588311.00,0.00,99999999.99,'0.19',114,7,1),
(1298,'2014-06-23','00:00:00','1',99999999.99,0.00,99999999.99,'0.19',378,6,35),
(1299,'2022-01-18','00:00:00','1',99304145.00,0.00,99999999.99,'0.19',110,24,126),
(1300,'2012-01-20','00:00:00','1',99999999.99,0.00,99999999.99,'0.19',112,33,55),
(1301,'2010-08-21','00:00:00','1',99999999.99,0.00,99999999.99,'0.19',190,17,3),
(1303,'2012-07-19','00:00:00','1',99999999.99,0.00,99999999.99,'0.19',19,34,37),
(1304,'2008-01-29','00:00:00','1',99999999.99,0.00,99999999.99,'0.19',132,41,125),
(1305,'2021-12-18','00:00:00','1',99999999.99,0.00,99999999.99,'0.19',6,25,108),
(1306,'2025-03-02','00:00:00','1',99304145.00,0.00,99999999.99,'0.19',471,4,54),
(1308,'2008-04-10','00:00:00','1',99304145.00,0.00,99999999.99,'0.19',210,49,35),
(1311,'2019-03-08','00:00:00','1',44470638.00,0.00,99999999.99,'0.19',330,7,68),
(1313,'2008-02-17','00:00:00','1',99999999.99,0.00,99999999.99,'0.19',456,38,70),
(1314,'2021-08-20','00:00:00','1',99999999.99,0.00,99999999.99,'0.19',231,34,117),
(1315,'2019-01-25','00:00:00','1',92394484.00,0.00,99999999.99,'0.19',458,26,30),
(1317,'2012-11-11','00:00:00','1',99999999.99,0.00,99999999.99,'0.19',48,46,59),
(1318,'2021-03-16','00:00:00','1',22512965.00,0.00,99999999.99,'0.19',175,32,82),
(1319,'2022-10-16','00:00:00','1',99999999.99,0.00,99999999.99,'0.19',473,36,55),
(1320,'2018-09-02','00:00:00','1',78565715.00,0.00,99999999.99,'0.19',122,9,6),
(1322,'2017-03-13','00:00:00','1',99999999.99,0.00,99999999.99,'0.19',61,6,12),
(1323,'2017-11-28','00:00:00','1',99999999.99,0.00,99999999.99,'0.19',48,12,108),
(1324,'2009-10-12','00:00:00','1',99999999.99,0.00,99999999.99,'0.19',413,37,127),
(1327,'2008-02-23','00:00:00','1',88508120.00,0.00,38952416.00,'0.19',307,29,1),
(1330,'2014-03-28','00:00:00','1',99999999.99,0.00,99999999.99,'0.19',323,29,130),
(1331,'2021-11-25','00:00:00','1',99999999.99,0.00,55089370.00,'0.19',481,9,138),
(1332,'2022-02-05','00:00:00','1',99999999.99,0.00,66036712.00,'0.19',390,46,72),
(1333,'2020-07-03','00:00:00','1',54822142.00,0.00,31524511.00,'0.19',124,27,131),
(1334,'2012-08-27','00:00:00','1',92394484.00,0.00,24653961.00,'0.19',23,17,117),
(1336,'2012-02-23','00:00:00','1',99999999.99,0.00,99999999.99,'0.19',353,41,82),
(1338,'2009-03-27','00:00:00','1',99999999.99,0.00,99999999.99,'0.19',278,5,29),
(1339,'2022-08-26','00:00:00','1',99999999.99,0.00,99999999.99,'0.19',86,10,61),
(1340,'2015-10-30','00:00:00','1',99999999.99,0.00,68289913.00,'0.19',337,47,85),
(1343,'2008-09-22','00:00:00','1',99999999.99,0.00,99999999.99,'0.19',374,4,35),
(1344,'2022-12-17','00:00:00','1',99999999.99,0.00,99999999.99,'0.19',4,14,126),
(1345,'2020-12-18','00:00:00','1',61438545.00,0.00,99999999.99,'0.19',475,34,32),
(1346,'2021-07-13','00:00:00','1',99999999.99,0.00,99999999.99,'0.19',432,17,117),
(1347,'2014-09-10','00:00:00','1',99999999.99,0.00,99999999.99,'0.19',251,15,69),
(1349,'2009-12-19','00:00:00','1',99999999.99,0.00,55445872.00,'0.19',111,49,6),
(1352,'2017-05-08','00:00:00','1',99999999.99,0.00,99999999.99,'0.19',455,15,28),
(1355,'2023-01-27','00:00:00','1',99999999.99,0.00,99999999.99,'0.19',46,45,9),
(1356,'2014-05-18','00:00:00','1',99999999.99,0.00,99999999.99,'0.19',258,38,52),
(1357,'2021-09-15','00:00:00','1',99999999.99,0.00,99999999.99,'0.19',299,47,79),
(1358,'2022-10-28','00:00:00','1',99999999.99,0.00,99999999.99,'0.19',118,25,54),
(1359,'2023-07-05','00:00:00','1',99999999.99,0.00,99999999.99,'0.19',474,49,129),
(1361,'2021-05-05','00:00:00','1',99999999.99,0.00,99999999.99,'0.19',143,4,17),
(1363,'2025-08-28','00:00:00','1',99999999.99,0.00,99999999.99,'0.19',219,36,127),
(1365,'2011-12-24','00:00:00','1',99999999.99,0.00,99999999.99,'0.19',179,41,121),
(1367,'2024-10-21','00:00:00','1',99999999.99,0.00,99999999.99,'0.19',183,24,92),
(1368,'2020-12-25','00:00:00','1',99999999.99,0.00,99999999.99,'0.19',386,17,132),
(1369,'2016-01-29','00:00:00','1',88470798.00,0.00,99999999.99,'0.19',232,33,57),
(1370,'2008-10-20','00:00:00','1',99999999.99,0.00,83587241.00,'0.19',285,12,60),
(1371,'2010-02-01','00:00:00','1',99999999.99,0.00,99999999.99,'0.19',357,20,55),
(1372,'2025-03-27','00:00:00','1',99999999.99,0.00,99999999.99,'0.19',85,9,104),
(1374,'2015-03-29','00:00:00','1',99999999.99,0.00,99999999.99,'0.19',379,43,122),
(1375,'2016-04-07','00:00:00','1',99999999.99,0.00,99999999.99,'0.19',50,36,116),
(1376,'2016-07-01','00:00:00','1',99999999.99,0.00,99999999.99,'0.19',322,45,4),
(1377,'2009-07-08','00:00:00','1',99999999.99,0.00,99999999.99,'0.19',293,49,65),
(1378,'2025-01-04','00:00:00','1',99999999.99,0.00,99999999.99,'0.19',11,15,25),
(1379,'2017-08-01','00:00:00','1',99999999.99,0.00,99999999.99,'0.19',342,33,60),
(1381,'2009-06-15','00:00:00','1',99999999.99,0.00,99999999.99,'0.19',99,17,4),
(1382,'2014-07-26','00:00:00','1',99999999.99,0.00,99999999.99,'0.19',89,24,29),
(1383,'2018-07-23','00:00:00','1',99999999.99,0.00,99999999.99,'0.19',422,49,90),
(1385,'2010-09-26','00:00:00','1',99999999.99,0.00,99999999.99,'0.19',120,4,132),
(1386,'2023-07-31','00:00:00','1',99999999.99,0.00,98730125.00,'0.19',378,3,108),
(1387,'2014-02-26','00:00:00','1',99999999.99,0.00,99999999.99,'0.19',24,44,6),
(1389,'2019-10-27','00:00:00','1',99999999.99,0.00,99999999.99,'0.19',92,17,33),
(1390,'2017-04-12','00:00:00','1',66732227.00,0.00,41141089.00,'0.19',101,20,102),
(1392,'2012-09-15','00:00:00','1',99999999.99,0.00,99999999.99,'0.19',108,24,90),
(1398,'2020-10-24','00:00:00','1',99999999.99,0.00,99999999.99,'0.19',339,10,44),
(1400,'2022-02-08','00:00:00','1',99999999.99,0.00,99999999.99,'0.19',116,5,22),
(1402,'2009-12-19','00:00:00','1',99999999.99,0.00,99999999.99,'0.19',69,9,92),
(1404,'2024-03-28','00:00:00','1',61438545.00,0.00,99999999.99,'0.19',61,10,119),
(1405,'2023-06-12','00:00:00','1',99999999.99,0.00,99999999.99,'0.19',372,46,35),
(1406,'2021-07-25','00:00:00','1',99999999.99,0.00,99999999.99,'0.19',468,29,2),
(1408,'2023-11-08','00:00:00','1',99999999.99,0.00,99999999.99,'0.19',105,50,72),
(1410,'2017-07-30','00:00:00','1',99999999.99,0.00,30660464.00,'0.19',322,40,6),
(1411,'2021-08-27','00:00:00','1',99999999.99,0.00,99999999.99,'0.19',388,49,15),
(1413,'2013-10-28','00:00:00','1',99999999.99,0.00,99999999.99,'0.19',390,47,70),
(1414,'2019-10-14','00:00:00','1',99999999.99,0.00,99999999.99,'0.19',154,32,26),
(1415,'2020-11-24','00:00:00','1',99999999.99,0.00,99999999.99,'0.19',428,44,56),
(1416,'2021-12-23','00:00:00','1',92394484.00,0.00,99999999.99,'0.19',352,40,41),
(1417,'2015-12-08','00:00:00','1',99999999.99,0.00,65639669.00,'0.19',222,47,70),
(1418,'2010-11-28','00:00:00','1',99999999.99,0.00,99999999.99,'0.19',79,6,96),
(1419,'2021-10-11','00:00:00','1',99999999.99,0.00,99999999.99,'0.19',353,29,62),
(1420,'2020-08-14','00:00:00','1',99999999.99,0.00,56985033.00,'0.19',33,29,20),
(1421,'2019-02-18','00:00:00','1',99999999.99,0.00,99999999.99,'0.19',427,50,16),
(1422,'2019-08-28','00:00:00','1',99999999.99,0.00,92447185.00,'0.19',462,26,124),
(1423,'2024-05-09','00:00:00','1',99999999.99,0.00,99999999.99,'0.19',82,49,80),
(1424,'2022-03-04','00:00:00','1',99999999.99,0.00,99999999.99,'0.19',243,14,26),
(1426,'2019-01-17','00:00:00','1',99999999.99,0.00,99999999.99,'0.19',4,43,37),
(1430,'2023-11-22','00:00:00','1',44989397.00,0.00,99999999.99,'0.19',273,44,122),
(1433,'2008-01-13','00:00:00','1',99999999.99,0.00,99999999.99,'0.19',432,32,66),
(1437,'2022-01-10','00:00:00','1',99999999.99,0.00,99999999.99,'0.19',44,36,46),
(1439,'2010-08-24','00:00:00','1',99999999.99,0.00,99999999.99,'0.19',81,25,21),
(1440,'2024-07-16','00:00:00','1',99999999.99,0.00,99999999.99,'0.19',109,44,127),
(1442,'2025-12-07','00:00:00','1',68633982.00,0.00,99999999.99,'0.19',79,5,37),
(1445,'2017-04-14','00:00:00','1',99999999.99,0.00,99999999.99,'0.19',223,46,4),
(1449,'2020-07-26','00:00:00','1',81504504.00,0.00,99999999.99,'0.19',86,4,108),
(1450,'2022-04-19','00:00:00','1',99999999.99,0.00,99999999.99,'0.19',137,5,26),
(1452,'2008-04-02','00:00:00','1',99999999.99,0.00,99999999.99,'0.19',267,25,137),
(1454,'2012-07-06','00:00:00','1',99999999.99,0.00,99999999.99,'0.19',285,3,10),
(1455,'2023-06-23','00:00:00','1',99999999.99,0.00,99999999.99,'0.19',453,17,50),
(1457,'2013-09-15','00:00:00','1',99999999.99,0.00,99999999.99,'0.19',272,46,98),
(1458,'2025-09-21','00:00:00','1',99999999.99,0.00,99999999.99,'0.19',487,41,135),
(1460,'2014-11-26','00:00:00','1',99999999.99,0.00,47923231.00,'0.19',478,3,26),
(1461,'2014-09-25','00:00:00','1',99999999.99,0.00,99999999.99,'0.19',303,25,98),
(1463,'2020-05-02','00:00:00','1',99999999.99,0.00,99999999.99,'0.19',493,15,13),
(1465,'2025-03-15','00:00:00','1',99999999.99,0.00,99999999.99,'0.19',300,47,4),
(1467,'2010-07-21','00:00:00','1',99999999.99,0.00,99999999.99,'0.19',454,33,103),
(1468,'2023-05-20','00:00:00','1',30861158.00,0.00,99999999.99,'0.19',232,10,115),
(1470,'2015-08-28','00:00:00','1',99999999.99,0.00,99999999.99,'0.19',425,40,15),
(1471,'2016-11-18','00:00:00','1',99999999.99,0.00,99999999.99,'0.19',305,15,39),
(1473,'2020-10-04','00:00:00','1',99999999.99,0.00,99999999.99,'0.19',339,15,9),
(1474,'2021-10-25','00:00:00','1',99999999.99,0.00,99999999.99,'0.19',291,20,86),
(1476,'2011-12-09','00:00:00','1',99999999.99,0.00,63080768.00,'0.19',489,3,101),
(1477,'2012-05-08','00:00:00','1',99999999.99,0.00,99999999.99,'0.19',230,45,107),
(1478,'2015-05-31','00:00:00','1',99999999.99,0.00,99999999.99,'0.19',218,41,35),
(1480,'2023-01-30','00:00:00','1',99999999.99,0.00,90142105.00,'0.19',313,7,93),
(1481,'2018-09-29','00:00:00','1',99999999.99,0.00,99999999.99,'0.19',429,33,51),
(1482,'2018-08-23','00:00:00','1',99999999.99,0.00,99999999.99,'0.19',407,5,105),
(1483,'2025-11-18','00:00:00','1',99999999.99,0.00,25732642.00,'0.19',228,46,8),
(1484,'2008-10-18','00:00:00','1',99999999.99,0.00,99999999.99,'0.19',143,26,3),
(1485,'2022-06-25','00:00:00','1',99999999.99,0.00,99999999.99,'0.19',162,29,87),
(1487,'2018-10-19','00:00:00','1',99999999.99,0.00,99999999.99,'0.19',311,33,122),
(1489,'2022-01-25','00:00:00','1',54822142.00,0.00,99999999.99,'0.19',475,33,8),
(1490,'2018-05-01','00:00:00','1',99999999.99,0.00,99999999.99,'0.19',376,5,16),
(1493,'2018-05-16','00:00:00','1',99999999.99,0.00,39318309.00,'0.19',428,12,63),
(1495,'2017-04-14','00:00:00','1',99999999.99,0.00,99999999.99,'0.19',101,17,86),
(1496,'2024-08-27','00:00:00','1',99999999.99,0.00,99999999.99,'0.19',208,17,4),
(1497,'2009-04-03','00:00:00','1',99999999.99,0.00,99999999.99,'0.19',152,43,7),
(1498,'2019-09-08','00:00:00','1',99999999.99,0.00,99999999.99,'0.19',193,24,119),
(1499,'2014-09-18','00:00:00','1',99999999.99,0.00,99999999.99,'0.19',396,17,56),
(1500,'2020-09-02','00:00:00','1',99999999.99,0.00,99999999.99,'0.19',275,17,119),
(1502,'2023-03-18','00:00:00','1',99999999.99,0.00,99999999.99,'0.19',475,4,49),
(1504,'2020-06-14','00:00:00','1',99999999.99,0.00,99999999.99,'0.19',448,14,116),
(1506,'2008-06-02','00:00:00','1',99999999.99,0.00,99999999.99,'0.19',60,24,42),
(1507,'2012-09-02','00:00:00','1',99999999.99,0.00,99999999.99,'0.19',408,45,24),
(1508,'2020-12-13','00:00:00','1',81504504.00,0.00,99999999.99,'0.19',356,5,28),
(1511,'2025-12-06','00:00:00','1',66732227.00,0.00,99999999.99,'0.19',28,40,11),
(1512,'2025-11-06','00:00:00','1',99999999.99,0.00,99999999.99,'0.19',118,14,131),
(1513,'2015-12-06','00:00:00','1',99999999.99,0.00,99999999.99,'0.19',378,29,121),
(1514,'2009-06-26','00:00:00','1',99999999.99,0.00,99999999.99,'0.19',359,46,20),
(1515,'2011-05-08','00:00:00','1',99999999.99,0.00,99999999.99,'0.19',274,36,100),
(1516,'2014-04-16','00:00:00','1',99999999.99,0.00,99999999.99,'0.19',487,7,127),
(1519,'2016-05-31','00:00:00','1',99999999.99,0.00,99999999.99,'0.19',287,44,31),
(1521,'2019-12-25','00:00:00','1',99999999.99,0.00,65524130.00,'0.19',203,49,65),
(1522,'2011-09-21','00:00:00','1',99999999.99,0.00,99999999.99,'0.19',466,47,81),
(1523,'2020-10-21','00:00:00','1',99999999.99,0.00,99999999.99,'0.19',333,43,72),
(1529,'2025-07-18','00:00:00','1',99999999.99,0.00,99999999.99,'0.19',28,10,18),
(1532,'2023-10-26','00:00:00','1',22512965.00,0.00,99999999.99,'0.19',276,33,117),
(1533,'2015-01-20','00:00:00','1',99999999.99,0.00,77471820.00,'0.19',449,33,66),
(1534,'2023-12-03','00:00:00','1',99999999.99,0.00,99999999.99,'0.19',119,43,79),
(1535,'2008-09-16','00:00:00','1',30861158.00,0.00,59951051.00,'0.19',410,17,63),
(1538,'2009-12-12','00:00:00','1',99999999.99,0.00,54874689.00,'0.19',465,25,38),
(1539,'2019-02-23','00:00:00','1',44989397.00,0.00,99999999.99,'0.19',26,40,58),
(1540,'2013-04-30','00:00:00','1',99999999.99,0.00,99999999.99,'0.19',261,37,78),
(1541,'2016-05-02','00:00:00','1',99999999.99,0.00,99999999.99,'0.19',440,38,76),
(1543,'2014-10-15','00:00:00','1',99999999.99,0.00,99999999.99,'0.19',279,38,48),
(1544,'2012-11-05','00:00:00','1',99999999.99,0.00,66915578.00,'0.19',453,34,93),
(1545,'2019-10-11','00:00:00','1',99999999.99,0.00,99999999.99,'0.19',38,33,37),
(1546,'2014-10-12','00:00:00','1',99999999.99,0.00,60486267.00,'0.19',124,50,24),
(1547,'2011-12-04','00:00:00','1',99999999.99,0.00,25178248.00,'0.19',276,10,102),
(1548,'2010-07-08','00:00:00','1',99999999.99,0.00,99999999.99,'0.19',283,49,4),
(1549,'2016-05-23','00:00:00','1',99999999.99,0.00,27219422.00,'0.19',43,45,37),
(1551,'2008-11-02','00:00:00','1',99999999.99,0.00,99999999.99,'0.19',269,4,47),
(1552,'2025-06-11','00:00:00','1',99999999.99,0.00,99999999.99,'0.19',276,20,55),
(1555,'2017-12-14','00:00:00','1',19305707.00,0.00,57786465.00,'0.19',134,38,37),
(1556,'2019-05-08','00:00:00','1',99999999.99,0.00,99999999.99,'0.19',171,45,5),
(1557,'2008-07-23','00:00:00','1',99999999.99,0.00,99999999.99,'0.19',282,9,70),
(1559,'2018-10-28','00:00:00','1',99999999.99,0.00,99999999.99,'0.19',424,7,115),
(1561,'2011-06-16','00:00:00','1',44989397.00,0.00,99999999.99,'0.19',23,29,47),
(1562,'2012-04-07','00:00:00','1',99999999.99,0.00,99999999.99,'0.19',219,44,97),
(1563,'2015-08-18','00:00:00','1',99999999.99,0.00,99999999.99,'0.19',252,9,6),
(1564,'2018-11-04','00:00:00','1',99999999.99,0.00,99999999.99,'0.19',436,17,54),
(1565,'2024-06-05','00:00:00','1',99999999.99,0.00,99999999.99,'0.19',430,25,47),
(1566,'2019-09-29','00:00:00','1',99999999.99,0.00,76818519.00,'0.19',106,15,108),
(1567,'2014-12-17','00:00:00','1',99999999.99,0.00,99999999.99,'0.19',72,3,91),
(1568,'2025-05-24','00:00:00','1',99999999.99,0.00,85486655.00,'0.19',412,6,81),
(1569,'2015-05-05','00:00:00','1',99999999.99,0.00,50154114.00,'0.19',405,47,25),
(1573,'2019-07-30','00:00:00','1',99999999.99,0.00,99999999.99,'0.19',46,25,105),
(1574,'2023-03-06','00:00:00','1',99999999.99,0.00,63570083.00,'0.19',266,46,21),
(1575,'2010-12-23','00:00:00','1',99999999.99,0.00,99999999.99,'0.19',76,17,120),
(1576,'2012-08-07','00:00:00','1',99999999.99,0.00,69233146.00,'0.19',320,12,77),
(1578,'2008-10-26','00:00:00','1',99999999.99,0.00,69169822.00,'0.19',37,9,35),
(1579,'2018-04-21','00:00:00','1',99999999.99,0.00,22062194.00,'0.19',217,14,70),
(1580,'2016-09-10','00:00:00','1',99999999.99,0.00,99999999.99,'0.19',370,36,89),
(1582,'2019-09-19','00:00:00','1',99999999.99,0.00,99999999.99,'0.19',280,15,90),
(1583,'2010-08-06','00:00:00','1',99999999.99,0.00,99999999.99,'0.19',42,38,29),
(1584,'2008-02-03','00:00:00','1',99999999.99,0.00,99999999.99,'0.19',378,29,98),
(1586,'2008-12-26','00:00:00','1',99999999.99,0.00,99999999.99,'0.19',165,34,34),
(1589,'2009-12-14','00:00:00','1',99999999.99,0.00,99999999.99,'0.19',349,37,29),
(1590,'2015-06-23','00:00:00','1',91619448.00,0.00,99999999.99,'0.19',142,7,82),
(1591,'2018-06-21','00:00:00','1',99999999.99,0.00,99999999.99,'0.19',434,10,138),
(1594,'2019-09-04','00:00:00','1',99999999.99,0.00,99999999.99,'0.19',17,43,111),
(1595,'2025-03-08','00:00:00','1',99999999.99,0.00,99999999.99,'0.19',392,36,104),
(1596,'2022-10-12','00:00:00','1',99999999.99,0.00,99999999.99,'0.19',6,32,74),
(1598,'2015-01-03','00:00:00','1',99999999.99,0.00,99999999.99,'0.19',14,26,106),
(1600,'2020-12-14','00:00:00','1',99999999.99,0.00,99999999.99,'0.19',341,37,123),
(1601,'2025-01-04','00:00:00','1',99999999.99,0.00,99999999.99,'0.19',354,14,110),
(1602,'2015-01-01','00:00:00','1',99999999.99,0.00,99999999.99,'0.19',13,12,132),
(1603,'2022-04-30','00:00:00','1',99999999.99,0.00,99999999.99,'0.19',442,34,108),
(1604,'2012-09-15','00:00:00','1',99999999.99,0.00,99999999.99,'0.19',415,33,33),
(1605,'2015-03-13','00:00:00','1',99999999.99,0.00,99999999.99,'0.19',371,4,55),
(1606,'2012-06-30','00:00:00','1',92394484.00,0.00,99999999.99,'0.19',16,46,119),
(1607,'2012-04-26','00:00:00','1',52029386.00,0.00,99999999.99,'0.19',43,37,98),
(1608,'2014-06-05','00:00:00','1',99999999.99,0.00,52892118.00,'0.19',166,36,16),
(1609,'2014-03-16','00:00:00','1',81504504.00,0.00,99999999.99,'0.19',85,14,3),
(1611,'2015-02-27','00:00:00','1',99999999.99,0.00,99999999.99,'0.19',381,10,135),
(1613,'2017-11-22','00:00:00','1',99999999.99,0.00,62712536.00,'0.19',327,3,80),
(1616,'2014-02-11','00:00:00','1',99999999.99,0.00,99999999.99,'0.19',43,12,7),
(1617,'2011-05-08','00:00:00','1',99999999.99,0.00,97251843.00,'0.19',353,15,131),
(1618,'2011-07-14','00:00:00','1',99999999.99,0.00,99999999.99,'0.19',98,12,60),
(1621,'2008-05-04','00:00:00','1',99999999.99,0.00,99999999.99,'0.19',413,5,29),
(1622,'2021-12-21','00:00:00','1',99999999.99,0.00,99999999.99,'0.19',51,45,9),
(1623,'2020-07-20','00:00:00','1',99999999.99,0.00,86577527.00,'0.19',225,34,126),
(1624,'2019-07-13','00:00:00','1',99999999.99,0.00,99999999.99,'0.19',402,25,75),
(1627,'2020-03-02','00:00:00','1',41908184.00,0.00,99999999.99,'0.19',332,25,112),
(1629,'2020-04-27','00:00:00','1',19305707.00,0.00,99999999.99,'0.19',30,3,12),
(1631,'2014-01-29','00:00:00','1',52991391.00,0.00,99999999.99,'0.19',323,33,104),
(1632,'2011-03-05','00:00:00','1',99999999.99,0.00,99999999.99,'0.19',384,41,136),
(1634,'2014-05-09','00:00:00','1',99999999.99,0.00,99999999.99,'0.19',310,43,101),
(1635,'2020-11-15','00:00:00','1',31145185.00,0.00,99999999.99,'0.19',14,36,33),
(1636,'2013-06-28','00:00:00','1',99999999.99,0.00,99999999.99,'0.19',369,44,51),
(1638,'2009-08-06','00:00:00','1',99999999.99,0.00,99999999.99,'0.19',181,46,59),
(1639,'2014-12-25','00:00:00','1',99999999.99,0.00,99999999.99,'0.19',161,25,72),
(1642,'2020-02-15','00:00:00','1',99999999.99,0.00,99999999.99,'0.19',59,36,112),
(1643,'2017-12-13','00:00:00','1',99999999.99,0.00,99999999.99,'0.19',407,6,70),
(1646,'2008-08-25','00:00:00','1',99999999.99,0.00,99999999.99,'0.19',331,24,130),
(1647,'2018-07-23','00:00:00','1',79588311.00,0.00,99999999.99,'0.19',149,25,41),
(1648,'2023-02-24','00:00:00','1',30861158.00,0.00,99999999.99,'0.19',386,6,31),
(1650,'2010-05-17','00:00:00','1',99999999.99,0.00,99999999.99,'0.19',134,4,136),
(1651,'2016-08-08','00:00:00','1',99999999.99,0.00,99999999.99,'0.19',82,47,106),
(1653,'2009-12-06','00:00:00','1',99999999.99,0.00,99999999.99,'0.19',280,36,71),
(1659,'2021-04-17','00:00:00','1',99999999.99,0.00,99999999.99,'0.19',277,6,17),
(1660,'2022-02-12','00:00:00','1',44989397.00,0.00,54710496.00,'0.19',245,38,43),
(1661,'2023-06-24','00:00:00','1',99999999.99,0.00,53081758.00,'0.19',148,33,52),
(1662,'2023-09-08','00:00:00','1',99999999.99,0.00,53706354.00,'0.19',252,49,126),
(1663,'2017-12-31','00:00:00','1',99999999.99,0.00,99999999.99,'0.19',268,4,38),
(1666,'2015-01-03','00:00:00','1',99999999.99,0.00,52429136.00,'0.19',40,27,85),
(1667,'2015-06-15','00:00:00','1',99999999.99,0.00,99999999.99,'0.19',78,49,1),
(1668,'2012-06-11','00:00:00','1',99999999.99,0.00,99999999.99,'0.19',90,50,54),
(1669,'2023-12-28','00:00:00','1',99999999.99,0.00,99999999.99,'0.19',423,36,56),
(1671,'2023-01-17','00:00:00','1',99999999.99,0.00,62923693.00,'0.19',148,9,16),
(1674,'2024-12-13','00:00:00','1',99999999.99,0.00,99999999.99,'0.19',404,20,133),
(1675,'2025-02-22','00:00:00','1',99999999.99,0.00,99999999.99,'0.19',22,27,97),
(1676,'2018-06-11','00:00:00','1',99999999.99,0.00,26441883.00,'0.19',161,38,64),
(1678,'2010-12-15','00:00:00','1',99999999.99,0.00,99999999.99,'0.19',241,44,104),
(1679,'2010-01-31','00:00:00','1',99999999.99,0.00,67369026.00,'0.19',21,7,117),
(1680,'2025-12-29','00:00:00','1',88508120.00,0.00,99999999.99,'0.19',260,3,62),
(1683,'2010-03-07','00:00:00','1',88470798.00,0.00,99999999.99,'0.19',14,47,1),
(1684,'2018-03-21','00:00:00','1',99999999.99,0.00,99999999.99,'0.19',23,50,133),
(1687,'2022-06-15','00:00:00','1',99999999.99,0.00,99999999.99,'0.19',2,49,32),
(1688,'2023-12-06','00:00:00','1',99999999.99,0.00,55368416.00,'0.19',339,26,65),
(1689,'2025-03-11','00:00:00','1',99999999.99,0.00,99999999.99,'0.19',134,12,31),
(1691,'2018-07-21','00:00:00','1',99999999.99,0.00,99999999.99,'0.19',126,24,1),
(1695,'2021-11-01','00:00:00','1',99999999.99,0.00,99999999.99,'0.19',175,38,39),
(1696,'2013-10-14','00:00:00','1',61684778.00,0.00,99999999.99,'0.19',46,25,61),
(1697,'2016-02-25','00:00:00','1',99999999.99,0.00,99999999.99,'0.19',186,29,36),
(1698,'2016-10-16','00:00:00','1',79588311.00,0.00,99999999.99,'0.19',371,5,127),
(1701,'2022-12-02','00:00:00','1',99999999.99,0.00,99999999.99,'0.19',272,45,137),
(1702,'2015-05-30','00:00:00','1',99999999.99,0.00,99999999.99,'0.19',77,3,118),
(1705,'2018-03-02','00:00:00','1',99999999.99,0.00,99999999.99,'0.19',289,43,3),
(1706,'2018-12-07','00:00:00','1',61684778.00,0.00,99999999.99,'0.19',63,25,87),
(1709,'2018-08-29','00:00:00','1',99999999.99,0.00,99999999.99,'0.19',77,6,109),
(1710,'2010-07-13','00:00:00','1',99999999.99,0.00,99999999.99,'0.19',409,5,123),
(1713,'2018-05-06','00:00:00','1',99999999.99,0.00,99999999.99,'0.19',117,26,63),
(1714,'2011-10-31','00:00:00','1',99999999.99,0.00,99999999.99,'0.19',165,24,11),
(1715,'2014-05-01','00:00:00','1',99999999.99,0.00,99999999.99,'0.19',190,20,13),
(1716,'2025-03-22','00:00:00','1',99999999.99,0.00,99999999.99,'0.19',339,6,6),
(1717,'2015-10-26','00:00:00','1',99999999.99,0.00,99999999.99,'0.19',26,46,132),
(1718,'2021-07-22','00:00:00','1',99999999.99,0.00,99999999.99,'0.19',188,6,71),
(1719,'2020-11-20','00:00:00','1',99999999.99,0.00,99999999.99,'0.19',159,46,57),
(1720,'2010-11-09','00:00:00','1',99999999.99,0.00,99999999.99,'0.19',421,15,64),
(1723,'2017-02-05','00:00:00','1',99999999.99,0.00,99999999.99,'0.19',296,29,25),
(1726,'2010-05-26','00:00:00','1',99999999.99,0.00,99999999.99,'0.19',22,7,22),
(1727,'2015-04-23','00:00:00','1',81504504.00,0.00,96280169.00,'0.19',283,26,25),
(1728,'2020-06-21','00:00:00','1',99999999.99,0.00,99999999.99,'0.19',366,40,134),
(1729,'2022-07-26','00:00:00','1',99999999.99,0.00,99999999.99,'0.19',21,38,22),
(1731,'2025-10-09','00:00:00','1',99999999.99,0.00,99999999.99,'0.19',241,50,24),
(1732,'2014-10-10','00:00:00','1',88470798.00,0.00,33142502.00,'0.19',28,40,95),
(1734,'2018-05-04','00:00:00','1',61438545.00,0.00,94856996.00,'0.19',107,3,85),
(1735,'2016-12-27','00:00:00','1',99999999.99,0.00,99999999.99,'0.19',124,34,129),
(1736,'2021-03-30','00:00:00','1',99999999.99,0.00,99999999.99,'0.19',211,40,37),
(1738,'2013-05-08','00:00:00','1',99999999.99,0.00,99999999.99,'0.19',439,24,39),
(1739,'2021-12-04','00:00:00','1',99999999.99,0.00,99999999.99,'0.19',315,50,5),
(1740,'2013-06-19','00:00:00','1',99999999.99,0.00,99999999.99,'0.19',286,36,49),
(1741,'2020-04-15','00:00:00','1',99999999.99,0.00,99999999.99,'0.19',236,49,67),
(1744,'2016-08-10','00:00:00','1',99999999.99,0.00,99999999.99,'0.19',403,27,93),
(1745,'2009-06-25','00:00:00','1',99999999.99,0.00,99999999.99,'0.19',9,36,53),
(1748,'2023-07-26','00:00:00','1',88470798.00,0.00,99999999.99,'0.19',399,36,72),
(1749,'2021-04-03','00:00:00','1',99999999.99,0.00,99999999.99,'0.19',326,10,106),
(1750,'2017-09-01','00:00:00','1',19305707.00,0.00,99999999.99,'0.19',488,25,106),
(1752,'2017-10-06','00:00:00','1',99999999.99,0.00,99999999.99,'0.19',439,47,115),
(1753,'2020-09-20','00:00:00','1',99999999.99,0.00,70920170.00,'0.19',474,37,83),
(1754,'2025-08-28','00:00:00','1',99999999.99,0.00,28798972.00,'0.19',270,37,97),
(1755,'2015-09-04','00:00:00','1',99999999.99,0.00,99999999.99,'0.19',95,40,65),
(1756,'2020-03-18','00:00:00','1',99999999.99,0.00,99999999.99,'0.19',65,26,73),
(1758,'2013-04-18','00:00:00','1',99999999.99,0.00,99999999.99,'0.19',32,25,104),
(1762,'2009-09-30','00:00:00','1',99999999.99,0.00,99999999.99,'0.19',476,34,14),
(1763,'2024-07-31','00:00:00','1',99999999.99,0.00,99999999.99,'0.19',63,15,25),
(1766,'2018-11-30','00:00:00','1',99999999.99,0.00,99999999.99,'0.19',130,36,69),
(1767,'2010-07-25','00:00:00','1',99999999.99,0.00,99999999.99,'0.19',428,36,5),
(1768,'2021-04-13','00:00:00','1',99999999.99,0.00,99999999.99,'0.19',271,34,36),
(1769,'2021-05-15','00:00:00','1',99999999.99,0.00,99999999.99,'0.19',64,41,24),
(1770,'2018-05-20','00:00:00','1',99999999.99,0.00,99999999.99,'0.19',456,37,130),
(1773,'2010-03-10','00:00:00','1',99999999.99,0.00,99999999.99,'0.19',271,34,57),
(1774,'2017-12-26','00:00:00','1',99999999.99,0.00,99999999.99,'0.19',379,44,132),
(1775,'2011-12-14','00:00:00','1',99999999.99,0.00,99999999.99,'0.19',3,43,115),
(1777,'2017-02-06','00:00:00','1',99999999.99,0.00,99999999.99,'0.19',321,32,1),
(1778,'2009-07-24','00:00:00','1',99999999.99,0.00,99999999.99,'0.19',376,40,39),
(1779,'2021-06-01','00:00:00','1',99999999.99,0.00,99999999.99,'0.19',133,5,101),
(1780,'2010-06-09','00:00:00','1',99999999.99,0.00,99999999.99,'0.19',493,24,37),
(1782,'2021-05-17','00:00:00','1',41908184.00,0.00,52083628.00,'0.19',330,24,136),
(1783,'2025-04-19','00:00:00','1',99999999.99,0.00,99999999.99,'0.19',91,38,89),
(1785,'2015-05-06','00:00:00','1',99999999.99,0.00,55919926.00,'0.19',486,12,18),
(1786,'2019-02-01','00:00:00','1',92394484.00,0.00,99999999.99,'0.19',243,24,128),
(1788,'2022-10-22','00:00:00','1',99999999.99,0.00,99999999.99,'0.19',451,5,84),
(1789,'2009-05-18','00:00:00','1',99999999.99,0.00,99999999.99,'0.19',477,37,35),
(1791,'2012-11-17','00:00:00','1',92394484.00,0.00,95955312.00,'0.19',265,25,59),
(1793,'2021-01-09','00:00:00','1',99999999.99,0.00,99999999.99,'0.19',194,45,50),
(1796,'2008-01-02','00:00:00','1',99999999.99,0.00,99999999.99,'0.19',97,9,41),
(1798,'2011-04-16','00:00:00','1',99999999.99,0.00,99999999.99,'0.19',332,6,89),
(1799,'2022-10-27','00:00:00','1',68633982.00,0.00,26961920.00,'0.19',33,9,117),
(1801,'2018-02-27','00:00:00','1',99999999.99,0.00,99999999.99,'0.19',138,45,3),
(1802,'2019-12-01','00:00:00','1',99999999.99,0.00,99999999.99,'0.19',125,49,76),
(1805,'2021-10-21','00:00:00','1',99304145.00,0.00,99999999.99,'0.19',34,41,25),
(1806,'2020-12-17','00:00:00','1',99999999.99,0.00,99999999.99,'0.19',73,34,36),
(1807,'2018-01-11','00:00:00','1',30861158.00,0.00,99999999.99,'0.19',357,37,85),
(1808,'2012-05-21','00:00:00','1',99999999.99,0.00,99999999.99,'0.19',205,36,28),
(1809,'2012-08-11','00:00:00','1',68633982.00,0.00,99999999.99,'0.19',317,12,30),
(1810,'2023-04-14','00:00:00','1',99999999.99,0.00,85416319.00,'0.19',348,25,108),
(1812,'2014-09-21','00:00:00','1',99999999.99,0.00,89486171.00,'0.19',372,20,46),
(1813,'2020-10-15','00:00:00','1',99999999.99,0.00,99999999.99,'0.19',88,6,84),
(1814,'2025-10-25','00:00:00','1',91619448.00,0.00,99999999.99,'0.19',268,36,89),
(1816,'2014-10-30','00:00:00','1',99999999.99,0.00,99999999.99,'0.19',331,49,74),
(1817,'2017-10-01','00:00:00','1',99999999.99,0.00,99999999.99,'0.19',343,37,102),
(1818,'2024-02-06','00:00:00','1',99999999.99,0.00,99999999.99,'0.19',342,24,30),
(1819,'2015-09-21','00:00:00','1',99999999.99,0.00,99999999.99,'0.19',375,9,9),
(1820,'2010-01-01','00:00:00','1',99999999.99,0.00,99999999.99,'0.19',158,5,16),
(1822,'2008-03-07','00:00:00','1',99999999.99,0.00,99999999.99,'0.19',153,24,45),
(1824,'2019-06-13','00:00:00','1',99999999.99,0.00,99999999.99,'0.19',11,33,15),
(1828,'2009-05-26','00:00:00','1',19305707.00,0.00,99999999.99,'0.19',388,32,7),
(1831,'2009-03-11','00:00:00','1',41908184.00,0.00,99999999.99,'0.19',189,46,33),
(1832,'2008-01-07','00:00:00','1',99999999.99,0.00,99999999.99,'0.19',370,6,63),
(1833,'2023-10-10','00:00:00','1',99999999.99,0.00,99999999.99,'0.19',372,43,134),
(1835,'2016-01-21','00:00:00','1',99999999.99,0.00,99999999.99,'0.19',271,9,118),
(1836,'2010-06-17','00:00:00','1',99999999.99,0.00,99999999.99,'0.19',221,32,23),
(1838,'2008-09-12','00:00:00','1',99999999.99,0.00,99999999.99,'0.19',54,25,23),
(1840,'2017-09-06','00:00:00','1',99999999.99,0.00,99999999.99,'0.19',492,12,52),
(1841,'2023-10-01','00:00:00','1',99999999.99,0.00,99999999.99,'0.19',399,5,33),
(1842,'2021-03-27','00:00:00','1',99999999.99,0.00,99999999.99,'0.19',129,7,110),
(1844,'2022-01-08','00:00:00','1',66732227.00,0.00,99999999.99,'0.19',237,44,90),
(1846,'2023-12-18','00:00:00','1',78565715.00,0.00,99999999.99,'0.19',21,36,33),
(1847,'2016-08-01','00:00:00','1',99999999.99,0.00,99999999.99,'0.19',421,10,8),
(1849,'2016-07-22','00:00:00','1',99999999.99,0.00,99999999.99,'0.19',150,6,137),
(1851,'2020-03-23','00:00:00','1',99999999.99,0.00,99999999.99,'0.19',324,46,3),
(1852,'2012-09-26','00:00:00','1',99999999.99,0.00,99999999.99,'0.19',200,38,128),
(1853,'2022-11-10','00:00:00','1',99999999.99,0.00,99999999.99,'0.19',81,26,110),
(1854,'2011-11-21','00:00:00','1',99999999.99,0.00,99999999.99,'0.19',182,9,112),
(1857,'2012-03-21','00:00:00','1',99999999.99,0.00,99999999.99,'0.19',192,12,67),
(1859,'2016-08-16','00:00:00','1',20279166.00,0.00,99999999.99,'0.19',149,10,98),
(1863,'2014-06-21','00:00:00','1',92394484.00,0.00,99999999.99,'0.19',96,33,37),
(1864,'2023-01-11','00:00:00','1',99999999.99,0.00,99999999.99,'0.19',207,38,113),
(1865,'2010-10-25','00:00:00','1',99999999.99,0.00,30413840.00,'0.19',404,5,108),
(1866,'2011-01-05','00:00:00','1',99999999.99,0.00,99999999.99,'0.19',118,29,57),
(1867,'2008-04-05','00:00:00','1',99999999.99,0.00,99999999.99,'0.19',370,4,77),
(1868,'2009-08-10','00:00:00','1',99999999.99,0.00,99999999.99,'0.19',346,46,99),
(1869,'2022-07-17','00:00:00','1',99999999.99,0.00,71315548.00,'0.19',189,17,7),
(1870,'2008-05-08','00:00:00','1',99999999.99,0.00,99999999.99,'0.19',175,47,28),
(1871,'2011-03-25','00:00:00','1',99999999.99,0.00,99999999.99,'0.19',279,47,23),
(1872,'2024-03-06','00:00:00','1',99999999.99,0.00,99647729.00,'0.19',350,24,86),
(1874,'2022-10-03','00:00:00','1',99999999.99,0.00,99999999.99,'0.19',151,9,2),
(1875,'2017-10-17','00:00:00','1',99999999.99,0.00,63651723.00,'0.19',99,7,94),
(1876,'2011-01-17','00:00:00','1',99999999.99,0.00,99999999.99,'0.19',492,36,128),
(1878,'2011-01-29','00:00:00','1',99999999.99,0.00,99999999.99,'0.19',467,44,80),
(1880,'2017-04-29','00:00:00','1',99999999.99,0.00,99999999.99,'0.19',12,24,39),
(1881,'2018-03-24','00:00:00','1',99999999.99,0.00,99999999.99,'0.19',343,32,67),
(1882,'2025-09-10','00:00:00','1',99999999.99,0.00,99999999.99,'0.19',44,3,61),
(1885,'2017-07-19','00:00:00','1',99999999.99,0.00,99999999.99,'0.19',158,50,22),
(1886,'2021-12-23','00:00:00','1',99999999.99,0.00,99999999.99,'0.19',211,33,126),
(1887,'2012-01-12','00:00:00','1',99999999.99,0.00,99999999.99,'0.19',406,9,105),
(1889,'2019-06-05','00:00:00','1',99999999.99,0.00,99999999.99,'0.19',442,37,44),
(1890,'2017-07-06','00:00:00','1',99999999.99,0.00,99999999.99,'0.19',149,10,42),
(1891,'2020-05-19','00:00:00','1',99999999.99,0.00,99999999.99,'0.19',263,9,82),
(1892,'2018-02-03','00:00:00','1',88508120.00,0.00,96817295.00,'0.19',295,24,26),
(1893,'2016-08-17','00:00:00','1',99999999.99,0.00,99999999.99,'0.19',492,32,33),
(1895,'2013-01-23','00:00:00','1',99999999.99,0.00,99999999.99,'0.19',272,46,47),
(1896,'2012-03-02','00:00:00','1',99999999.99,0.00,51686794.00,'0.19',259,37,101),
(1898,'2021-07-23','00:00:00','1',78565715.00,0.00,99999999.99,'0.19',471,47,1),
(1899,'2008-03-01','00:00:00','1',99999999.99,0.00,99999999.99,'0.19',12,4,131),
(1900,'2020-12-17','00:00:00','1',99999999.99,0.00,99999999.99,'0.19',396,5,101),
(1901,'2019-03-04','00:00:00','1',99999999.99,0.00,21639191.00,'0.19',116,41,108),
(1902,'2024-05-23','00:00:00','1',99999999.99,0.00,99999999.99,'0.19',375,26,100),
(1903,'2013-04-23','00:00:00','1',99999999.99,0.00,99999999.99,'0.19',56,15,90),
(1904,'2023-12-21','00:00:00','1',99999999.99,0.00,99999999.99,'0.19',189,46,103),
(1906,'2014-01-14','00:00:00','1',99999999.99,0.00,99999999.99,'0.19',285,27,34),
(1908,'2020-04-01','00:00:00','1',99999999.99,0.00,98447683.00,'0.19',257,4,20),
(1911,'2008-10-01','00:00:00','1',99999999.99,0.00,99999999.99,'0.19',426,14,114),
(1912,'2008-11-06','00:00:00','1',99999999.99,0.00,99999999.99,'0.19',142,9,131),
(1915,'2023-10-23','00:00:00','1',99999999.99,0.00,99999999.99,'0.19',498,12,122),
(1916,'2016-04-07','00:00:00','1',52029386.00,0.00,99999999.99,'0.19',69,33,120),
(1918,'2021-01-05','00:00:00','1',99999999.99,0.00,99999999.99,'0.19',313,36,41),
(1919,'2018-10-19','00:00:00','1',99999999.99,0.00,99999999.99,'0.19',426,40,16),
(1921,'2009-10-17','00:00:00','1',31145185.00,0.00,99999999.99,'0.19',32,47,93),
(1924,'2024-05-26','00:00:00','1',99999999.99,0.00,84619080.00,'0.19',175,4,106),
(1925,'2019-10-22','00:00:00','1',99999999.99,0.00,99999999.99,'0.19',20,6,28),
(1926,'2024-10-31','00:00:00','1',99999999.99,0.00,99999999.99,'0.19',149,32,131),
(1927,'2025-06-20','00:00:00','1',99999999.99,0.00,52514486.00,'0.19',352,34,78),
(1929,'2018-06-05','00:00:00','1',99999999.99,0.00,99999999.99,'0.19',30,34,124),
(1930,'2019-08-05','00:00:00','1',63800302.00,0.00,99999999.99,'0.19',437,12,78),
(1932,'2019-09-27','00:00:00','1',99999999.99,0.00,99999999.99,'0.19',123,45,33),
(1933,'2021-09-06','00:00:00','1',30861158.00,0.00,99999999.99,'0.19',105,17,61),
(1934,'2009-12-25','00:00:00','1',99999999.99,0.00,99999999.99,'0.19',470,46,81),
(1935,'2013-07-01','00:00:00','1',99999999.99,0.00,99999999.99,'0.19',111,29,70),
(1937,'2022-02-22','00:00:00','1',99999999.99,0.00,99999999.99,'0.19',497,6,79),
(1938,'2024-08-19','00:00:00','1',41908184.00,0.00,99999999.99,'0.19',392,9,14),
(1939,'2022-11-20','00:00:00','1',99999999.99,0.00,99999999.99,'0.19',422,27,79),
(1940,'2022-12-31','00:00:00','1',99999999.99,0.00,99999999.99,'0.19',182,5,108),
(1941,'2009-10-01','00:00:00','1',99999999.99,0.00,99999999.99,'0.19',100,25,97),
(1943,'2022-03-19','00:00:00','1',99999999.99,0.00,99999999.99,'0.19',270,50,29),
(1944,'2020-02-04','00:00:00','1',44989397.00,0.00,99999999.99,'0.19',132,24,39),
(1947,'2015-01-03','00:00:00','1',99999999.99,0.00,99999999.99,'0.19',453,5,111),
(1948,'2021-10-01','00:00:00','1',99999999.99,0.00,33574082.00,'0.19',363,4,65),
(1950,'2015-09-15','00:00:00','1',99999999.99,0.00,99999999.99,'0.19',203,36,42),
(1952,'2025-06-17','00:00:00','1',99999999.99,0.00,99999999.99,'0.19',114,45,66),
(1953,'2008-03-29','00:00:00','1',99999999.99,0.00,99999999.99,'0.19',414,49,45),
(1954,'2018-07-07','00:00:00','1',68633982.00,0.00,62256933.00,'0.19',73,4,5),
(1955,'2018-03-08','00:00:00','1',99999999.99,0.00,99999999.99,'0.19',413,6,103),
(1957,'2018-07-10','00:00:00','1',99999999.99,0.00,99999999.99,'0.19',47,37,73),
(1958,'2020-11-14','00:00:00','1',99999999.99,0.00,99250063.00,'0.19',49,24,23),
(1960,'2015-06-08','00:00:00','1',91619448.00,0.00,99999999.99,'0.19',308,40,26),
(1961,'2017-06-10','00:00:00','1',99999999.99,0.00,99999999.99,'0.19',233,12,127),
(1963,'2025-11-26','00:00:00','1',99999999.99,0.00,99999999.99,'0.19',239,7,21),
(1964,'2014-08-10','00:00:00','1',99999999.99,0.00,99999999.99,'0.19',370,43,136),
(1965,'2014-06-27','00:00:00','1',61438545.00,0.00,99999999.99,'0.19',450,6,38),
(1967,'2008-10-16','00:00:00','1',99999999.99,0.00,99999999.99,'0.19',64,12,64),
(1969,'2021-05-27','00:00:00','1',99999999.99,0.00,99999999.99,'0.19',25,6,110),
(1971,'2014-10-26','00:00:00','1',99999999.99,0.00,99999999.99,'0.19',500,3,79),
(1973,'2025-08-09','00:00:00','1',99999999.99,0.00,99999999.99,'0.19',124,24,87),
(1974,'2020-08-22','00:00:00','1',99999999.99,0.00,99999999.99,'0.19',304,15,74),
(1975,'2013-11-03','00:00:00','1',99999999.99,0.00,99999999.99,'0.19',47,29,129),
(1976,'2009-05-18','00:00:00','1',99999999.99,0.00,99999999.99,'0.19',324,4,129),
(1977,'2022-02-11','00:00:00','1',99999999.99,0.00,99999999.99,'0.19',348,37,46),
(1978,'2018-08-12','00:00:00','1',99999999.99,0.00,99999999.99,'0.19',102,9,17),
(1980,'2011-10-17','00:00:00','1',68633982.00,0.00,99999999.99,'0.19',111,3,133),
(1981,'2020-11-05','00:00:00','1',79588311.00,0.00,29103302.00,'0.19',69,3,71),
(1983,'2022-09-20','00:00:00','1',99999999.99,0.00,48144643.00,'0.19',330,5,138),
(1985,'2024-07-15','00:00:00','1',99999999.99,0.00,99999999.99,'0.19',116,38,104),
(1987,'2008-08-11','00:00:00','1',99999999.99,0.00,99999999.99,'0.19',452,44,67),
(1991,'2010-11-04','00:00:00','1',99999999.99,0.00,99999999.99,'0.19',371,17,26),
(1992,'2019-05-04','00:00:00','1',99999999.99,0.00,99999999.99,'0.19',40,45,12),
(1994,'2025-07-30','00:00:00','1',99999999.99,0.00,99999999.99,'0.19',43,6,24),
(1995,'2014-03-26','00:00:00','1',99999999.99,0.00,33671559.00,'0.19',471,33,42),
(1996,'2013-08-26','00:00:00','1',99999999.99,0.00,99999999.99,'0.19',385,37,95),
(1997,'2010-12-21','00:00:00','1',99999999.99,0.00,99999999.99,'0.19',314,20,80),
(1998,'2021-10-23','00:00:00','1',99999999.99,0.00,99999999.99,'0.19',390,36,51),
(1999,'2014-04-20','00:00:00','1',99999999.99,0.00,99999999.99,'0.19',259,46,72),
(2001,'2013-10-05','00:00:00','1',99999999.99,0.00,99999999.99,'0.19',389,45,48),
(2003,'2024-08-17','00:00:00','1',99999999.99,0.00,99999999.99,'0.19',168,15,8),
(2005,'2021-07-17','00:00:00','1',99999999.99,0.00,99999999.99,'0.19',49,10,103),
(2006,'2011-12-01','00:00:00','1',41908184.00,0.00,38540292.00,'0.19',237,37,14),
(2007,'2021-04-09','00:00:00','1',99999999.99,0.00,99999999.99,'0.19',492,34,80),
(2009,'2011-05-23','00:00:00','1',99999999.99,0.00,99999999.99,'0.19',440,27,109),
(2010,'2022-10-13','00:00:00','1',99999999.99,0.00,99999999.99,'0.19',209,38,2),
(2011,'2018-01-06','00:00:00','1',99999999.99,0.00,99999999.99,'0.19',399,36,62),
(2012,'2016-04-17','00:00:00','1',99999999.99,0.00,99999999.99,'0.19',283,37,128),
(2013,'2011-12-07','00:00:00','1',99999999.99,0.00,41142767.00,'0.19',369,14,37),
(2014,'2013-11-10','00:00:00','1',99999999.99,0.00,99999999.99,'0.19',443,27,26),
(2016,'2023-09-19','00:00:00','1',41908184.00,0.00,49989168.00,'0.19',457,9,99),
(2018,'2018-11-16','00:00:00','1',99999999.99,0.00,99999999.99,'0.19',6,17,15),
(2021,'2019-10-30','00:00:00','1',99999999.99,0.00,99999999.99,'0.19',107,50,16),
(2023,'2015-09-09','00:00:00','1',99999999.99,0.00,56450667.00,'0.19',14,27,27),
(2024,'2009-11-22','00:00:00','1',99999999.99,0.00,95114383.00,'0.19',416,47,115),
(2025,'2011-04-03','00:00:00','1',19305707.00,0.00,99999999.99,'0.19',16,6,13),
(2026,'2021-05-10','00:00:00','1',99999999.99,0.00,74896778.00,'0.19',301,40,21),
(2027,'2011-06-16','00:00:00','1',99999999.99,0.00,99999999.99,'0.19',55,47,23),
(2028,'2019-02-14','00:00:00','1',99999999.99,0.00,99999999.99,'0.19',172,33,71),
(2029,'2024-11-18','00:00:00','1',99999999.99,0.00,99999999.99,'0.19',399,10,9),
(2032,'2016-08-04','00:00:00','1',99999999.99,0.00,99999999.99,'0.19',282,20,77),
(2034,'2022-10-26','00:00:00','1',99999999.99,0.00,99999999.99,'0.19',429,6,30),
(2035,'2017-11-14','00:00:00','1',99999999.99,0.00,99999999.99,'0.19',306,14,62),
(2036,'2024-04-13','00:00:00','1',99999999.99,0.00,63571757.00,'0.19',269,50,28),
(2037,'2022-04-20','00:00:00','1',99999999.99,0.00,99999999.99,'0.19',474,47,128),
(2038,'2011-10-02','00:00:00','1',91619448.00,0.00,99999999.99,'0.19',7,50,26),
(2039,'2012-09-23','00:00:00','1',99999999.99,0.00,99999999.99,'0.19',126,5,120),
(2040,'2020-12-15','00:00:00','1',99999999.99,0.00,57353613.00,'0.19',353,3,107),
(2041,'2024-06-20','00:00:00','1',99999999.99,0.00,99999999.99,'0.19',194,17,12),
(2043,'2009-03-21','00:00:00','1',99999999.99,0.00,99999999.99,'0.19',242,3,100),
(2044,'2022-05-28','00:00:00','1',99999999.99,0.00,53366768.00,'0.19',327,10,40),
(2046,'2024-12-10','00:00:00','1',22512965.00,0.00,99999999.99,'0.19',255,50,14),
(2047,'2010-08-08','00:00:00','1',99999999.99,0.00,99999999.99,'0.19',136,36,130),
(2048,'2009-03-06','00:00:00','1',99999999.99,0.00,99999999.99,'0.19',374,43,67),
(2049,'2011-10-04','00:00:00','1',99999999.99,0.00,99999999.99,'0.19',146,40,26),
(2050,'2018-05-29','00:00:00','1',99999999.99,0.00,99999999.99,'0.19',422,26,73),
(2051,'2016-12-10','00:00:00','1',99999999.99,0.00,99999999.99,'0.19',306,15,120),
(2052,'2018-09-06','00:00:00','1',99999999.99,0.00,99999999.99,'0.19',62,44,135),
(2053,'2014-10-04','00:00:00','1',99999999.99,0.00,99999999.99,'0.19',492,12,85),
(2054,'2018-09-06','00:00:00','1',99999999.99,0.00,68035838.00,'0.19',372,5,94),
(2057,'2019-12-11','00:00:00','1',99999999.99,0.00,99999999.99,'0.19',470,14,20),
(2058,'2013-03-29','00:00:00','1',99999999.99,0.00,99999999.99,'0.19',2,47,53),
(2059,'2016-07-08','00:00:00','1',54822142.00,0.00,81873913.00,'0.19',452,24,113),
(2060,'2023-05-01','00:00:00','1',99999999.99,0.00,99999999.99,'0.19',318,29,88),
(2061,'2023-10-29','00:00:00','1',99999999.99,0.00,99999999.99,'0.19',349,17,58),
(2062,'2016-09-30','00:00:00','1',99999999.99,0.00,99999999.99,'0.19',110,34,87),
(2063,'2018-08-23','00:00:00','1',99999999.99,0.00,99999999.99,'0.19',201,49,136),
(2066,'2019-11-24','00:00:00','1',99999999.99,0.00,99999999.99,'0.19',406,10,6),
(2067,'2017-10-01','00:00:00','1',99999999.99,0.00,99999999.99,'0.19',178,27,121),
(2068,'2008-04-07','00:00:00','1',99999999.99,0.00,99999999.99,'0.19',69,34,43),
(2069,'2014-06-23','00:00:00','1',63800302.00,0.00,33005807.00,'0.19',454,4,136),
(2070,'2025-11-18','00:00:00','1',99999999.99,0.00,48176651.00,'0.19',30,26,114),
(2074,'2015-01-30','00:00:00','1',99999999.99,0.00,99999999.99,'0.19',37,3,36),
(2077,'2008-12-02','00:00:00','1',99999999.99,0.00,42643003.00,'0.19',446,29,59),
(2079,'2019-12-01','00:00:00','1',99999999.99,0.00,99999999.99,'0.19',328,38,29),
(2080,'2022-04-18','00:00:00','1',99999999.99,0.00,99999999.99,'0.19',396,36,107),
(2081,'2015-12-08','00:00:00','1',99999999.99,0.00,99999999.99,'0.19',295,15,28),
(2082,'2017-09-07','00:00:00','1',99999999.99,0.00,99999999.99,'0.19',147,46,110),
(2083,'2021-09-10','00:00:00','1',99999999.99,0.00,93912690.00,'0.19',56,17,8),
(2084,'2022-08-16','00:00:00','1',99999999.99,0.00,99999999.99,'0.19',277,20,132),
(2086,'2015-07-07','00:00:00','1',99999999.99,0.00,99999999.99,'0.19',116,33,121),
(2088,'2013-12-27','00:00:00','1',99999999.99,0.00,99999999.99,'0.19',204,36,34),
(2089,'2025-12-29','00:00:00','1',99999999.99,0.00,99999999.99,'0.19',272,20,52),
(2090,'2010-03-16','00:00:00','1',99999999.99,0.00,99999999.99,'0.19',245,12,99),
(2092,'2022-09-04','00:00:00','1',99999999.99,0.00,30337840.00,'0.19',430,15,124),
(2093,'2021-02-06','00:00:00','1',99999999.99,0.00,99999999.99,'0.19',14,25,126),
(2094,'2016-10-09','00:00:00','1',99999999.99,0.00,99999999.99,'0.19',301,41,31),
(2095,'2018-05-05','00:00:00','1',99999999.99,0.00,99999999.99,'0.19',72,20,138),
(2096,'2025-05-04','00:00:00','1',99999999.99,0.00,99999999.99,'0.19',388,26,51),
(2097,'2023-02-22','00:00:00','1',99999999.99,0.00,32623516.00,'0.19',209,9,125),
(2099,'2013-06-03','00:00:00','1',99999999.99,0.00,99999999.99,'0.19',88,4,59),
(2102,'2021-03-15','00:00:00','1',52991391.00,0.00,99999999.99,'0.19',81,4,108),
(2103,'2025-04-12','00:00:00','1',99999999.99,0.00,56486575.00,'0.19',483,29,28),
(2104,'2012-05-15','00:00:00','1',99999999.99,0.00,41544640.00,'0.19',111,29,2),
(2106,'2015-07-27','00:00:00','1',99999999.99,0.00,99999999.99,'0.19',309,46,74),
(2107,'2023-03-14','00:00:00','1',99999999.99,0.00,39330352.00,'0.19',259,4,4),
(2108,'2023-06-25','00:00:00','1',99999999.99,0.00,99999999.99,'0.19',76,26,94),
(2109,'2012-01-13','00:00:00','1',91619448.00,0.00,99999999.99,'0.19',38,24,91),
(2110,'2015-01-10','00:00:00','1',52991391.00,0.00,99999999.99,'0.19',123,29,120),
(2111,'2020-04-13','00:00:00','1',52029386.00,0.00,99999999.99,'0.19',232,40,129),
(2114,'2008-03-10','00:00:00','1',99999999.99,0.00,99999999.99,'0.19',173,6,44),
(2115,'2009-07-10','00:00:00','1',99999999.99,0.00,63286524.00,'0.19',215,24,66),
(2116,'2008-04-07','00:00:00','1',99999999.99,0.00,99999999.99,'0.19',40,26,76),
(2118,'2010-03-11','00:00:00','1',99999999.99,0.00,99999999.99,'0.19',131,14,35),
(2119,'2019-10-12','00:00:00','1',99999999.99,0.00,99999999.99,'0.19',479,37,55),
(2120,'2010-05-01','00:00:00','1',99999999.99,0.00,99999999.99,'0.19',19,12,102),
(2121,'2023-05-17','00:00:00','1',99999999.99,0.00,99999999.99,'0.19',357,47,48),
(2124,'2012-12-02','00:00:00','1',52991391.00,0.00,99999999.99,'0.19',375,3,101),
(2127,'2013-08-25','00:00:00','1',99999999.99,0.00,99999999.99,'0.19',267,50,98),
(2129,'2008-10-05','00:00:00','1',99304145.00,0.00,99999999.99,'0.19',209,7,117),
(2130,'2008-07-13','00:00:00','1',99999999.99,0.00,99999999.99,'0.19',482,3,67),
(2131,'2021-11-22','00:00:00','1',99999999.99,0.00,99999999.99,'0.19',383,32,102),
(2132,'2010-01-23','00:00:00','1',99999999.99,0.00,99999999.99,'0.19',22,41,121),
(2133,'2009-04-10','00:00:00','1',99999999.99,0.00,99999999.99,'0.19',425,45,6),
(2134,'2021-04-29','00:00:00','1',99999999.99,0.00,99999999.99,'0.19',188,20,100),
(2135,'2022-09-22','00:00:00','1',99999999.99,0.00,99999999.99,'0.19',323,47,114),
(2137,'2021-06-11','00:00:00','1',99999999.99,0.00,99999999.99,'0.19',399,43,17),
(2139,'2010-09-24','00:00:00','1',99999999.99,0.00,99999999.99,'0.19',173,7,31),
(2140,'2023-11-18','00:00:00','1',99999999.99,0.00,99999999.99,'0.19',122,15,63),
(2141,'2010-09-09','00:00:00','1',99999999.99,0.00,99999999.99,'0.19',253,7,94),
(2142,'2009-12-08','00:00:00','1',44989397.00,0.00,99999999.99,'0.19',480,6,37),
(2143,'2021-07-24','00:00:00','1',99999999.99,0.00,99999999.99,'0.19',203,7,23),
(2145,'2016-06-06','00:00:00','1',99999999.99,0.00,99999999.99,'0.19',223,50,15),
(2146,'2022-09-21','00:00:00','1',99999999.99,0.00,99999999.99,'0.19',495,33,30),
(2147,'2025-02-17','00:00:00','1',99999999.99,0.00,83977651.00,'0.19',405,25,105),
(2148,'2022-07-13','00:00:00','1',99999999.99,0.00,99999999.99,'0.19',381,7,77),
(2150,'2012-02-22','00:00:00','1',63800302.00,0.00,99999999.99,'0.19',266,44,100),
(2152,'2023-08-08','00:00:00','1',99999999.99,0.00,99999999.99,'0.19',50,10,2),
(2155,'2014-08-10','00:00:00','1',99999999.99,0.00,99999999.99,'0.19',66,46,56),
(2156,'2018-06-22','00:00:00','1',99999999.99,0.00,99999999.99,'0.19',219,29,51),
(2157,'2022-10-24','00:00:00','1',52991391.00,0.00,99999999.99,'0.19',400,44,94),
(2158,'2009-09-12','00:00:00','1',99999999.99,0.00,99999999.99,'0.19',434,25,12),
(2159,'2022-04-29','00:00:00','1',99999999.99,0.00,99999999.99,'0.19',10,4,134),
(2160,'2018-03-03','00:00:00','1',99999999.99,0.00,99999999.99,'0.19',481,44,67),
(2161,'2014-03-14','00:00:00','1',99999999.99,0.00,80501858.00,'0.19',22,45,41),
(2162,'2025-04-03','00:00:00','1',99999999.99,0.00,42366090.00,'0.19',484,12,73),
(2164,'2023-07-11','00:00:00','1',99999999.99,0.00,99999999.99,'0.19',448,41,29),
(2166,'2025-04-07','00:00:00','1',99999999.99,0.00,99999999.99,'0.19',267,26,57),
(2167,'2025-04-09','00:00:00','1',99999999.99,0.00,99999999.99,'0.19',454,46,36),
(2168,'2015-04-03','00:00:00','1',99999999.99,0.00,99999999.99,'0.19',105,40,74),
(2169,'2013-10-09','00:00:00','1',99999999.99,0.00,99999999.99,'0.19',185,24,75),
(2170,'2011-08-19','00:00:00','1',91619448.00,0.00,99999999.99,'0.19',200,15,129),
(2173,'2014-03-21','00:00:00','1',99999999.99,0.00,99999999.99,'0.19',312,45,7),
(2174,'2025-06-06','00:00:00','1',99999999.99,0.00,99999999.99,'0.19',46,6,3),
(2175,'2009-05-26','00:00:00','1',99999999.99,0.00,99999999.99,'0.19',419,44,78),
(2176,'2016-08-01','00:00:00','1',99999999.99,0.00,99999999.99,'0.19',447,12,28),
(2178,'2015-06-18','00:00:00','1',99999999.99,0.00,99999999.99,'0.19',14,6,20),
(2179,'2009-05-07','00:00:00','1',99999999.99,0.00,99999999.99,'0.19',198,43,4),
(2180,'2013-10-16','00:00:00','1',99999999.99,0.00,99999999.99,'0.19',79,9,81),
(2181,'2013-12-08','00:00:00','1',99999999.99,0.00,99999999.99,'0.19',351,12,59),
(2182,'2011-12-28','00:00:00','1',44470638.00,0.00,99999999.99,'0.19',234,29,12),
(2184,'2009-07-22','00:00:00','1',99999999.99,0.00,99999999.99,'0.19',165,37,26),
(2186,'2012-07-01','00:00:00','1',99999999.99,0.00,99999999.99,'0.19',382,4,19),
(2189,'2012-01-01','00:00:00','1',99999999.99,0.00,99999999.99,'0.19',488,27,94),
(2190,'2022-06-23','00:00:00','1',99999999.99,0.00,99999999.99,'0.19',90,49,100),
(2191,'2019-01-13','00:00:00','1',99999999.99,0.00,99999999.99,'0.19',394,45,75),
(2192,'2010-06-07','00:00:00','1',99304145.00,0.00,99999999.99,'0.19',112,4,104),
(2193,'2011-03-24','00:00:00','1',99999999.99,0.00,99999999.99,'0.19',131,6,63),
(2197,'2012-11-24','00:00:00','1',99999999.99,0.00,99999999.99,'0.19',27,14,80),
(2198,'2021-10-08','00:00:00','1',41908184.00,0.00,26635904.00,'0.19',419,47,24),
(2199,'2022-06-06','00:00:00','1',99999999.99,0.00,99999999.99,'0.19',221,12,24),
(2202,'2024-01-17','00:00:00','1',99999999.99,0.00,99999999.99,'0.19',94,44,5),
(2203,'2013-10-22','00:00:00','1',99999999.99,0.00,99999999.99,'0.19',224,44,31),
(2204,'2010-04-26','00:00:00','1',31145185.00,0.00,99999999.99,'0.19',293,38,71),
(2205,'2008-10-12','00:00:00','1',79588311.00,0.00,99999999.99,'0.19',56,17,128),
(2206,'2009-08-20','00:00:00','1',99999999.99,0.00,99999999.99,'0.19',249,29,108),
(2207,'2009-07-30','00:00:00','1',99999999.99,0.00,99999999.99,'0.19',321,41,67),
(2208,'2020-10-24','00:00:00','1',99999999.99,0.00,99999999.99,'0.19',434,40,40),
(2210,'2013-08-14','00:00:00','1',99999999.99,0.00,99999999.99,'0.19',218,3,130),
(2211,'2025-06-07','00:00:00','1',99999999.99,0.00,99999999.99,'0.19',391,29,109),
(2213,'2008-06-02','00:00:00','1',99999999.99,0.00,99999999.99,'0.19',330,3,82),
(2214,'2019-03-01','00:00:00','1',99999999.99,0.00,99999999.99,'0.19',463,32,121),
(2215,'2011-05-04','00:00:00','1',99999999.99,0.00,99999999.99,'0.19',74,7,64),
(2216,'2022-08-23','00:00:00','1',99999999.99,0.00,99999999.99,'0.19',319,49,87),
(2217,'2022-05-12','00:00:00','1',99999999.99,0.00,99999999.99,'0.19',108,29,83),
(2218,'2008-01-08','00:00:00','1',99999999.99,0.00,99999999.99,'0.19',269,46,29),
(2220,'2022-11-27','00:00:00','1',99999999.99,0.00,99999999.99,'0.19',136,9,20),
(2223,'2011-05-26','00:00:00','1',99999999.99,0.00,99999999.99,'0.19',494,36,85),
(2224,'2023-09-13','00:00:00','1',92394484.00,0.00,61700977.00,'0.19',21,4,26),
(2226,'2016-10-10','00:00:00','1',99999999.99,0.00,77585626.00,'0.19',124,46,60),
(2228,'2008-01-31','00:00:00','1',99999999.99,0.00,20145350.00,'0.19',459,38,128),
(2229,'2019-07-24','00:00:00','1',99999999.99,0.00,99999999.99,'0.19',284,44,130),
(2230,'2023-11-14','00:00:00','1',99999999.99,0.00,36750336.00,'0.19',3,24,26),
(2233,'2018-09-21','00:00:00','1',99999999.99,0.00,99999999.99,'0.19',230,15,67),
(2234,'2017-10-12','00:00:00','1',99999999.99,0.00,26019345.00,'0.19',400,43,40),
(2235,'2017-01-21','00:00:00','1',99999999.99,0.00,99999999.99,'0.19',100,49,97),
(2236,'2024-04-27','00:00:00','1',99999999.99,0.00,20005091.00,'0.19',176,5,12),
(2237,'2025-07-07','00:00:00','1',99999999.99,0.00,99999999.99,'0.19',153,4,119),
(2239,'2009-07-28','00:00:00','1',99999999.99,0.00,99999999.99,'0.19',245,26,59),
(2241,'2013-01-24','00:00:00','1',61684778.00,0.00,99999999.99,'0.19',342,44,5),
(2242,'2008-01-28','00:00:00','1',99999999.99,0.00,99999999.99,'0.19',468,40,40),
(2243,'2016-08-15','00:00:00','1',99999999.99,0.00,72201392.00,'0.19',282,14,76),
(2244,'2023-06-17','00:00:00','1',99999999.99,0.00,48742911.00,'0.19',378,20,75),
(2245,'2025-06-28','00:00:00','1',99999999.99,0.00,99999999.99,'0.19',458,50,112),
(2246,'2018-10-24','00:00:00','1',99999999.99,0.00,99999999.99,'0.19',271,47,95),
(2248,'2020-09-20','00:00:00','1',99999999.99,0.00,99999999.99,'0.19',209,14,109),
(2249,'2020-01-03','00:00:00','1',99999999.99,0.00,99999999.99,'0.19',24,45,119),
(2250,'2016-01-19','00:00:00','1',99999999.99,0.00,99999999.99,'0.19',109,38,120),
(2255,'2009-03-28','00:00:00','1',99999999.99,0.00,99999999.99,'0.19',371,9,114),
(2256,'2022-03-07','00:00:00','1',99999999.99,0.00,99999999.99,'0.19',64,3,27),
(2257,'2022-07-06','00:00:00','1',99999999.99,0.00,32022972.00,'0.19',28,14,7),
(2259,'2016-03-11','00:00:00','1',99999999.99,0.00,99999999.99,'0.19',342,3,53),
(2260,'2019-12-28','00:00:00','1',99999999.99,0.00,38786588.00,'0.19',190,33,16),
(2261,'2015-08-17','00:00:00','1',63800302.00,0.00,84465590.00,'0.19',232,40,129),
(2262,'2009-10-21','00:00:00','1',99999999.99,0.00,99999999.99,'0.19',354,45,119),
(2263,'2018-04-23','00:00:00','1',99999999.99,0.00,96148741.00,'0.19',356,49,32),
(2265,'2025-03-11','00:00:00','1',99999999.99,0.00,99999999.99,'0.19',311,5,99),
(2266,'2014-07-03','00:00:00','1',99999999.99,0.00,99999999.99,'0.19',421,5,68),
(2268,'2012-07-21','00:00:00','1',99999999.99,0.00,99999999.99,'0.19',260,20,137),
(2269,'2011-12-17','00:00:00','1',99999999.99,0.00,84599002.00,'0.19',189,41,59),
(2270,'2020-06-08','00:00:00','1',99999999.99,0.00,99999999.99,'0.19',290,40,124),
(2271,'2008-11-18','00:00:00','1',66732227.00,0.00,99999999.99,'0.19',298,7,16),
(2272,'2016-08-13','00:00:00','1',99999999.99,0.00,99999999.99,'0.19',363,15,56),
(2275,'2014-09-14','00:00:00','1',99999999.99,0.00,99999999.99,'0.19',149,40,82),
(2276,'2023-08-10','00:00:00','1',99999999.99,0.00,99999999.99,'0.19',147,40,79),
(2277,'2016-09-30','00:00:00','1',99999999.99,0.00,99999999.99,'0.19',294,12,59),
(2281,'2016-01-22','00:00:00','1',99999999.99,0.00,99999999.99,'0.19',366,49,114),
(2282,'2018-11-29','00:00:00','1',99999999.99,0.00,99999999.99,'0.19',232,49,76),
(2284,'2022-03-11','00:00:00','1',99999999.99,0.00,99999999.99,'0.19',299,24,78),
(2285,'2017-10-27','00:00:00','1',30861158.00,0.00,99999999.99,'0.19',414,44,129),
(2286,'2024-06-28','00:00:00','1',99999999.99,0.00,99999999.99,'0.19',85,37,84),
(2288,'2011-02-20','00:00:00','1',99999999.99,0.00,99999999.99,'0.19',388,10,47),
(2289,'2008-10-19','00:00:00','1',99999999.99,0.00,99999999.99,'0.19',307,3,99),
(2290,'2012-04-30','00:00:00','1',99999999.99,0.00,99999999.99,'0.19',362,24,13),
(2291,'2008-07-26','00:00:00','1',99999999.99,0.00,32111241.00,'0.19',294,25,42),
(2292,'2024-02-22','00:00:00','1',61438545.00,0.00,99999999.99,'0.19',320,5,45),
(2293,'2021-04-19','00:00:00','1',99999999.99,0.00,99999999.99,'0.19',483,3,86),
(2294,'2013-05-07','00:00:00','1',20279166.00,0.00,99999999.99,'0.19',321,4,67),
(2295,'2018-12-21','00:00:00','1',99999999.99,0.00,53975254.00,'0.19',216,27,101),
(2296,'2016-09-19','00:00:00','1',99999999.99,0.00,99999999.99,'0.19',393,32,136),
(2297,'2009-05-31','00:00:00','1',99999999.99,0.00,99999999.99,'0.19',320,37,104),
(2298,'2025-10-12','00:00:00','1',99999999.99,0.00,99999999.99,'0.19',294,37,38),
(2302,'2019-03-17','00:00:00','1',99999999.99,0.00,99999999.99,'0.19',400,26,77),
(2303,'2019-12-23','00:00:00','1',99999999.99,0.00,99999999.99,'0.19',337,37,12),
(2305,'2008-05-14','00:00:00','1',88470798.00,0.00,39950748.00,'0.19',426,36,107),
(2306,'2008-10-30','00:00:00','1',99999999.99,0.00,99999999.99,'0.19',283,4,110),
(2307,'2015-08-11','00:00:00','1',52029386.00,0.00,99999999.99,'0.19',329,5,65),
(2309,'2015-07-29','00:00:00','1',99999999.99,0.00,99999999.99,'0.19',389,25,3),
(2310,'2025-09-01','00:00:00','1',99999999.99,0.00,99999999.99,'0.19',308,46,115),
(2311,'2024-03-03','00:00:00','1',99999999.99,0.00,99999999.99,'0.19',382,29,97),
(2313,'2017-02-03','00:00:00','1',22512965.00,0.00,99999999.99,'0.19',347,17,37),
(2314,'2010-08-26','00:00:00','1',99999999.99,0.00,43640416.00,'0.19',348,3,123),
(2315,'2012-09-30','00:00:00','1',99999999.99,0.00,99999999.99,'0.19',390,50,18),
(2316,'2022-08-31','00:00:00','1',99304145.00,0.00,53828364.00,'0.19',438,45,53),
(2319,'2018-04-12','00:00:00','1',99999999.99,0.00,99999999.99,'0.19',456,33,103),
(2321,'2020-01-13','00:00:00','1',99999999.99,0.00,99999999.99,'0.19',152,45,107),
(2322,'2011-05-05','00:00:00','1',99999999.99,0.00,99999999.99,'0.19',75,44,36),
(2323,'2024-08-14','00:00:00','1',99999999.99,0.00,99999999.99,'0.19',275,9,92),
(2324,'2020-12-29','00:00:00','1',99999999.99,0.00,99999999.99,'0.19',402,46,33),
(2325,'2013-03-23','00:00:00','1',41908184.00,0.00,99999999.99,'0.19',188,14,56),
(2326,'2009-08-13','00:00:00','1',99999999.99,0.00,99999999.99,'0.19',297,43,136),
(2328,'2024-06-29','00:00:00','1',99999999.99,0.00,99999999.99,'0.19',327,37,130),
(2330,'2018-12-19','00:00:00','1',99999999.99,0.00,99999999.99,'0.19',292,20,14),
(2331,'2022-08-31','00:00:00','1',63800302.00,0.00,99999999.99,'0.19',128,38,105),
(2332,'2008-06-05','00:00:00','1',99999999.99,0.00,99999999.99,'0.19',76,45,8),
(2333,'2018-07-27','00:00:00','1',99999999.99,0.00,99999999.99,'0.19',170,24,68),
(2334,'2021-11-13','00:00:00','1',99999999.99,0.00,99999999.99,'0.19',290,15,133),
(2337,'2023-09-24','00:00:00','1',99999999.99,0.00,99999999.99,'0.19',11,26,60),
(2338,'2022-07-20','00:00:00','1',99999999.99,0.00,43688408.00,'0.19',396,32,46),
(2340,'2008-04-27','00:00:00','1',99999999.99,0.00,99999999.99,'0.19',455,25,86),
(2341,'2011-11-12','00:00:00','1',99999999.99,0.00,99999999.99,'0.19',159,49,95),
(2346,'2010-03-08','00:00:00','1',99999999.99,0.00,99999999.99,'0.19',439,14,7),
(2348,'2021-09-16','00:00:00','1',92394484.00,0.00,99999999.99,'0.19',489,41,38),
(2351,'2009-06-07','00:00:00','1',99999999.99,0.00,99999999.99,'0.19',98,5,108),
(2352,'2010-05-21','00:00:00','1',52991391.00,0.00,45391058.00,'0.19',56,32,22),
(2353,'2010-07-24','00:00:00','1',99999999.99,0.00,99999999.99,'0.19',95,14,84),
(2354,'2019-02-24','00:00:00','1',99999999.99,0.00,99999999.99,'0.19',430,25,116),
(2356,'2025-12-03','00:00:00','1',99999999.99,0.00,99999999.99,'0.19',414,17,66),
(2357,'2021-10-22','00:00:00','1',99999999.99,0.00,99999999.99,'0.19',420,9,3),
(2358,'2012-12-11','00:00:00','1',99999999.99,0.00,99999999.99,'0.19',115,26,81),
(2359,'2009-05-31','00:00:00','1',99999999.99,0.00,99999999.99,'0.19',151,12,50),
(2361,'2017-07-23','00:00:00','1',99999999.99,0.00,99999999.99,'0.19',73,7,106),
(2364,'2023-03-20','00:00:00','1',99999999.99,0.00,99999999.99,'0.19',221,17,122),
(2365,'2017-01-06','00:00:00','1',99999999.99,0.00,99999999.99,'0.19',207,12,129),
(2366,'2015-04-10','00:00:00','1',99999999.99,0.00,99999999.99,'0.19',289,38,119),
(2367,'2010-09-16','00:00:00','1',99999999.99,0.00,99999999.99,'0.19',287,4,128),
(2368,'2023-05-06','00:00:00','1',31145185.00,0.00,99999999.99,'0.19',492,41,87),
(2369,'2020-12-01','00:00:00','1',99999999.99,0.00,98219781.00,'0.19',481,12,89),
(2370,'2020-03-29','00:00:00','1',99999999.99,0.00,99999999.99,'0.19',29,43,66),
(2371,'2011-01-30','00:00:00','1',61684778.00,0.00,99999999.99,'0.19',209,37,41),
(2372,'2015-03-19','00:00:00','1',99999999.99,0.00,99999999.99,'0.19',319,45,112),
(2373,'2025-10-15','00:00:00','1',99999999.99,0.00,99999999.99,'0.19',359,50,20),
(2374,'2012-10-12','00:00:00','1',99999999.99,0.00,99999999.99,'0.19',12,10,8),
(2375,'2025-02-20','00:00:00','1',99999999.99,0.00,99999999.99,'0.19',286,15,62),
(2376,'2009-01-08','00:00:00','1',99999999.99,0.00,99999999.99,'0.19',243,15,135),
(2377,'2021-04-20','00:00:00','1',99999999.99,0.00,99999999.99,'0.19',80,20,67),
(2379,'2015-07-11','00:00:00','1',99999999.99,0.00,99999999.99,'0.19',328,7,47),
(2380,'2009-06-01','00:00:00','1',99999999.99,0.00,99999999.99,'0.19',61,5,123),
(2383,'2011-03-03','00:00:00','1',99999999.99,0.00,99259963.00,'0.19',214,3,34),
(2384,'2024-12-27','00:00:00','1',99999999.99,0.00,99999999.99,'0.19',498,37,117),
(2385,'2017-04-23','00:00:00','1',99999999.99,0.00,99999999.99,'0.19',457,3,53),
(2387,'2023-08-14','00:00:00','1',99999999.99,0.00,99999999.99,'0.19',329,27,16),
(2388,'2016-04-18','00:00:00','1',99999999.99,0.00,99999999.99,'0.19',227,44,46),
(2389,'2020-05-30','00:00:00','1',99999999.99,0.00,99999999.99,'0.19',90,3,45),
(2393,'2021-01-19','00:00:00','1',99999999.99,0.00,99999999.99,'0.19',288,41,28),
(2394,'2008-11-29','00:00:00','1',99999999.99,0.00,66410106.00,'0.19',483,49,20),
(2396,'2010-03-29','00:00:00','1',99999999.99,0.00,99999999.99,'0.19',117,36,95),
(2397,'2025-09-28','00:00:00','1',19305707.00,0.00,99999999.99,'0.19',267,27,126),
(2398,'2022-03-06','00:00:00','1',92394484.00,0.00,93895713.00,'0.19',311,33,110),
(2399,'2021-09-26','00:00:00','1',99999999.99,0.00,99999999.99,'0.19',113,17,31),
(2402,'2011-07-16','00:00:00','1',99999999.99,0.00,99999999.99,'0.19',340,10,109),
(2404,'2018-12-03','00:00:00','1',78565715.00,0.00,99999999.99,'0.19',465,6,15),
(2405,'2009-10-23','00:00:00','1',99999999.99,0.00,99999999.99,'0.19',186,25,76),
(2406,'2008-02-22','00:00:00','1',99999999.99,0.00,99999999.99,'0.19',333,26,41),
(2407,'2008-02-29','00:00:00','1',99999999.99,0.00,99999999.99,'0.19',125,29,96),
(2408,'2012-01-09','00:00:00','1',99999999.99,0.00,99999999.99,'0.19',461,15,30),
(2409,'2009-12-31','00:00:00','1',99999999.99,0.00,99999999.99,'0.19',487,9,74),
(2410,'2023-11-07','00:00:00','1',99999999.99,0.00,42954308.00,'0.19',267,40,69),
(2413,'2014-05-13','00:00:00','1',31145185.00,0.00,99999999.99,'0.19',460,44,9),
(2417,'2025-04-29','00:00:00','1',99999999.99,0.00,99999999.99,'0.19',429,49,109),
(2418,'2018-09-04','00:00:00','1',99999999.99,0.00,99999999.99,'0.19',420,37,3),
(2419,'2023-07-12','00:00:00','1',99999999.99,0.00,99999999.99,'0.19',146,36,54),
(2421,'2012-08-15','00:00:00','1',99999999.99,0.00,99999999.99,'0.19',2,29,48),
(2423,'2022-05-08','00:00:00','1',91619448.00,0.00,99999999.99,'0.19',177,37,47),
(2424,'2014-01-28','00:00:00','1',99999999.99,0.00,99999999.99,'0.19',492,12,106),
(2425,'2019-09-25','00:00:00','1',99999999.99,0.00,99999999.99,'0.19',209,6,4),
(2427,'2017-03-29','00:00:00','1',78565715.00,0.00,99999999.99,'0.19',340,38,69),
(2429,'2011-11-30','00:00:00','1',99999999.99,0.00,99999999.99,'0.19',73,38,102),
(2430,'2021-09-10','00:00:00','1',99999999.99,0.00,99999999.99,'0.19',462,50,69),
(2432,'2008-11-04','00:00:00','1',99999999.99,0.00,99999999.99,'0.19',290,20,20),
(2434,'2012-01-14','00:00:00','1',99999999.99,0.00,99999999.99,'0.19',223,26,109),
(2435,'2024-02-01','00:00:00','1',99999999.99,0.00,99999999.99,'0.19',175,3,7),
(2436,'2019-03-19','00:00:00','1',99999999.99,0.00,99999999.99,'0.19',16,15,19),
(2438,'2009-12-22','00:00:00','1',99999999.99,0.00,99999999.99,'0.19',412,27,119),
(2439,'2022-01-24','00:00:00','1',99999999.99,0.00,99999999.99,'0.19',435,43,5),
(2440,'2025-07-20','00:00:00','1',99999999.99,0.00,42536992.00,'0.19',402,12,56),
(2442,'2015-10-20','00:00:00','1',99999999.99,0.00,75735422.00,'0.19',208,45,103),
(2443,'2017-05-23','00:00:00','1',66732227.00,0.00,99999999.99,'0.19',303,10,50),
(2445,'2020-07-04','00:00:00','1',99999999.99,0.00,99999999.99,'0.19',184,24,11),
(2447,'2012-04-21','00:00:00','1',99999999.99,0.00,99999999.99,'0.19',347,34,3),
(2448,'2010-08-20','00:00:00','1',99999999.99,0.00,99999999.99,'0.19',76,12,9),
(2449,'2019-11-22','00:00:00','1',99999999.99,0.00,99999999.99,'0.19',223,5,75),
(2450,'2010-02-22','00:00:00','1',99999999.99,0.00,99999999.99,'0.19',339,17,51),
(2454,'2020-02-08','00:00:00','1',99999999.99,0.00,99999999.99,'0.19',282,45,118),
(2456,'2012-12-01','00:00:00','1',99999999.99,0.00,82771671.00,'0.19',294,9,65),
(2458,'2025-04-11','00:00:00','1',99999999.99,0.00,99999999.99,'0.19',177,29,97),
(2460,'2022-10-15','00:00:00','1',99304145.00,0.00,99999999.99,'0.19',323,6,29),
(2463,'2009-03-10','00:00:00','1',79588311.00,0.00,99999999.99,'0.19',425,15,72),
(2464,'2012-05-05','00:00:00','1',99999999.99,0.00,99999999.99,'0.19',111,46,114),
(2465,'2010-07-12','00:00:00','1',99999999.99,0.00,99999999.99,'0.19',8,49,111),
(2466,'2025-11-12','00:00:00','1',99999999.99,0.00,99999999.99,'0.19',288,36,62),
(2468,'2023-05-15','00:00:00','1',99999999.99,0.00,99999999.99,'0.19',415,12,57),
(2471,'2011-12-15','00:00:00','1',99999999.99,0.00,99999999.99,'0.19',345,45,84),
(2473,'2023-01-11','00:00:00','1',41908184.00,0.00,99999999.99,'0.19',352,7,16),
(2476,'2022-06-18','00:00:00','1',52991391.00,0.00,99999999.99,'0.19',393,47,84),
(2477,'2016-03-02','00:00:00','1',99999999.99,0.00,99999999.99,'0.19',98,43,28),
(2479,'2012-09-12','00:00:00','1',99999999.99,0.00,99999999.99,'0.19',271,5,58),
(2481,'2013-08-21','00:00:00','1',99999999.99,0.00,99999999.99,'0.19',293,34,119),
(2483,'2021-10-31','00:00:00','1',99999999.99,0.00,99999999.99,'0.19',473,34,127),
(2484,'2025-01-03','00:00:00','1',99999999.99,0.00,99999999.99,'0.19',385,37,47),
(2485,'2018-03-01','00:00:00','1',99999999.99,0.00,99999999.99,'0.19',62,32,23),
(2486,'2008-12-20','00:00:00','1',81504504.00,0.00,20320037.00,'0.19',129,47,41),
(2488,'2024-08-09','00:00:00','1',99999999.99,0.00,99999999.99,'0.19',99,44,100),
(2489,'2009-03-05','00:00:00','1',99999999.99,0.00,99999999.99,'0.19',398,24,57),
(2490,'2020-01-20','00:00:00','1',99999999.99,0.00,99999999.99,'0.19',137,37,90),
(2491,'2011-12-11','00:00:00','1',99999999.99,0.00,77875151.00,'0.19',205,7,13),
(2493,'2025-08-13','00:00:00','1',99999999.99,0.00,97500294.00,'0.19',77,7,110),
(2494,'2008-08-26','00:00:00','1',99999999.99,0.00,58765662.00,'0.19',124,50,16),
(2496,'2019-07-20','00:00:00','1',99999999.99,0.00,99999999.99,'0.19',408,33,111),
(2498,'2009-08-03','00:00:00','1',99304145.00,0.00,99999999.99,'0.19',160,14,116),
(2500,'2024-03-06','00:00:00','1',99999999.99,0.00,99999999.99,'0.19',261,24,85),
(2502,'2021-04-17','00:00:00','1',99999999.99,0.00,99999999.99,'0.19',321,36,117),
(2503,'2021-01-01','00:00:00','1',78565715.00,0.00,99999999.99,'0.19',461,36,43),
(2504,'2015-04-24','00:00:00','1',99999999.99,0.00,99999999.99,'0.19',21,6,78),
(2505,'2017-05-25','00:00:00','1',79588311.00,0.00,71854868.00,'0.19',438,47,92),
(2506,'2012-06-16','00:00:00','1',99999999.99,0.00,99999999.99,'0.19',16,38,53),
(2508,'2023-03-07','00:00:00','1',99999999.99,0.00,32619483.00,'0.19',492,37,68),
(2511,'2025-06-21','00:00:00','1',99999999.99,0.00,99999999.99,'0.19',386,45,116),
(2514,'2013-02-08','00:00:00','1',99999999.99,0.00,99999999.99,'0.19',4,46,112),
(2515,'2010-03-14','00:00:00','1',99999999.99,0.00,99999999.99,'0.19',342,45,78),
(2516,'2013-04-26','00:00:00','1',99999999.99,0.00,99999999.99,'0.19',437,7,1),
(2517,'2024-07-18','00:00:00','1',20279166.00,0.00,99999999.99,'0.19',264,25,108),
(2518,'2017-04-02','00:00:00','1',99999999.99,0.00,58298307.00,'0.19',223,36,127),
(2519,'2012-06-26','00:00:00','1',79588311.00,0.00,55982080.00,'0.19',308,34,94),
(2520,'2016-06-03','00:00:00','1',99999999.99,0.00,99999999.99,'0.19',201,3,106),
(2521,'2012-12-12','00:00:00','1',99999999.99,0.00,99999999.99,'0.19',465,46,6),
(2522,'2009-08-25','00:00:00','1',99999999.99,0.00,83862368.00,'0.19',454,4,44),
(2523,'2018-07-25','00:00:00','1',99999999.99,0.00,99999999.99,'0.19',200,49,12),
(2524,'2021-02-14','00:00:00','1',99999999.99,0.00,99999999.99,'0.19',33,50,3),
(2529,'2012-11-05','00:00:00','1',99999999.99,0.00,99999999.99,'0.19',199,49,48),
(2530,'2021-09-01','00:00:00','1',99999999.99,0.00,99999999.99,'0.19',258,45,20),
(2532,'2011-12-29','00:00:00','1',61684778.00,0.00,99999999.99,'0.19',39,14,77),
(2533,'2016-09-08','00:00:00','1',99999999.99,0.00,99999999.99,'0.19',42,5,61),
(2534,'2016-05-17','00:00:00','1',99999999.99,0.00,99999999.99,'0.19',343,36,9),
(2535,'2011-01-22','00:00:00','1',63800302.00,0.00,99999999.99,'0.19',99,25,72),
(2537,'2024-02-22','00:00:00','1',88508120.00,0.00,99999999.99,'0.19',314,10,9),
(2538,'2012-05-09','00:00:00','1',99999999.99,0.00,99999999.99,'0.19',172,33,58),
(2539,'2022-03-05','00:00:00','1',99999999.99,0.00,99999999.99,'0.19',422,38,45),
(2541,'2014-01-18','00:00:00','1',99999999.99,0.00,99999999.99,'0.19',422,12,90),
(2542,'2012-07-14','00:00:00','1',99999999.99,0.00,99999999.99,'0.19',438,33,50),
(2545,'2008-09-19','00:00:00','1',99999999.99,0.00,99999999.99,'0.19',485,20,45),
(2546,'2023-07-11','00:00:00','1',41908184.00,0.00,36921117.00,'0.19',34,4,2),
(2547,'2020-10-02','00:00:00','1',99999999.99,0.00,99999999.99,'0.19',193,43,43),
(2548,'2009-05-03','00:00:00','1',99999999.99,0.00,99999999.99,'0.19',271,7,63),
(2549,'2014-04-17','00:00:00','1',99999999.99,0.00,99999999.99,'0.19',29,33,92),
(2550,'2011-01-23','00:00:00','1',99999999.99,0.00,36664645.00,'0.19',314,9,18),
(2552,'2018-06-10','00:00:00','1',99999999.99,0.00,99999999.99,'0.19',143,47,40),
(2553,'2018-04-14','00:00:00','1',99999999.99,0.00,99999999.99,'0.19',42,49,96),
(2557,'2015-09-15','00:00:00','1',99999999.99,0.00,99999999.99,'0.19',38,4,30),
(2558,'2012-12-06','00:00:00','1',99999999.99,0.00,99999999.99,'0.19',440,12,58),
(2559,'2014-08-14','00:00:00','1',99999999.99,0.00,99999999.99,'0.19',378,36,87),
(2560,'2021-07-15','00:00:00','1',99999999.99,0.00,72617008.00,'0.19',165,14,73),
(2561,'2011-07-08','00:00:00','1',99999999.99,0.00,99999999.99,'0.19',28,40,85),
(2564,'2022-04-23','00:00:00','1',99999999.99,0.00,99999999.99,'0.19',397,9,104),
(2565,'2021-09-18','00:00:00','1',52991391.00,0.00,99999999.99,'0.19',91,41,130),
(2566,'2011-10-24','00:00:00','1',99999999.99,0.00,99999999.99,'0.19',442,15,73),
(2567,'2020-12-18','00:00:00','1',99999999.99,0.00,99999999.99,'0.19',323,9,54),
(2568,'2020-05-25','00:00:00','1',99999999.99,0.00,99999999.99,'0.19',268,43,50),
(2569,'2013-02-24','00:00:00','1',99999999.99,0.00,34671677.00,'0.19',101,10,63),
(2570,'2009-12-09','00:00:00','1',99999999.99,0.00,99999999.99,'0.19',447,4,50),
(2571,'2017-03-26','00:00:00','1',99999999.99,0.00,40761641.00,'0.19',299,17,42),
(2572,'2019-09-14','00:00:00','1',99999999.99,0.00,99999999.99,'0.19',487,6,76),
(2575,'2021-04-08','00:00:00','1',99999999.99,0.00,99999999.99,'0.19',211,32,42),
(2578,'2014-04-05','00:00:00','1',99999999.99,0.00,69418345.00,'0.19',26,14,2),
(2579,'2008-04-28','00:00:00','1',41908184.00,0.00,64541325.00,'0.19',374,47,138),
(2580,'2024-05-16','00:00:00','1',19305707.00,0.00,99999999.99,'0.19',189,9,7),
(2582,'2024-07-05','00:00:00','1',99999999.99,0.00,99999999.99,'0.19',327,34,138),
(2585,'2015-05-05','00:00:00','1',99999999.99,0.00,70468885.00,'0.19',9,5,33),
(2586,'2017-09-27','00:00:00','1',99999999.99,0.00,99999999.99,'0.19',459,27,69),
(2587,'2020-12-29','00:00:00','1',99304145.00,0.00,99999999.99,'0.19',254,24,70),
(2588,'2012-12-26','00:00:00','1',68633982.00,0.00,99999999.99,'0.19',226,37,24),
(2590,'2011-05-05','00:00:00','1',99999999.99,0.00,99999999.99,'0.19',307,46,15),
(2592,'2008-02-11','00:00:00','1',99999999.99,0.00,99999999.99,'0.19',201,45,86),
(2594,'2008-12-28','00:00:00','1',99999999.99,0.00,99999999.99,'0.19',30,44,81),
(2595,'2008-11-24','00:00:00','1',54822142.00,0.00,99999999.99,'0.19',366,9,35),
(2597,'2024-06-13','00:00:00','1',99999999.99,0.00,99999999.99,'0.19',230,41,31),
(2600,'2008-10-02','00:00:00','1',99999999.99,0.00,99999999.99,'0.19',372,9,128),
(2601,'2017-07-19','00:00:00','1',99999999.99,0.00,99999999.99,'0.19',207,3,103),
(2602,'2019-11-29','00:00:00','1',99999999.99,0.00,99999999.99,'0.19',391,41,51),
(2603,'2016-11-04','00:00:00','1',99999999.99,0.00,99999999.99,'0.19',442,14,20),
(2604,'2018-10-01','00:00:00','1',99999999.99,0.00,70977915.00,'0.19',211,4,124),
(2606,'2023-08-16','00:00:00','1',78565715.00,0.00,99999999.99,'0.19',67,46,80),
(2607,'2010-03-13','00:00:00','1',52991391.00,0.00,88925718.00,'0.19',306,45,96),
(2608,'2018-02-23','00:00:00','1',99999999.99,0.00,99999999.99,'0.19',71,10,72),
(2609,'2019-02-09','00:00:00','1',99999999.99,0.00,99999999.99,'0.19',177,15,41),
(2610,'2013-05-24','00:00:00','1',99999999.99,0.00,99999999.99,'0.19',10,9,17),
(2611,'2009-11-11','00:00:00','1',99999999.99,0.00,99999999.99,'0.19',285,9,4),
(2612,'2020-07-11','00:00:00','1',88508120.00,0.00,35158948.00,'0.19',409,46,99),
(2613,'2024-11-21','00:00:00','1',99999999.99,0.00,99999999.99,'0.19',48,29,47),
(2614,'2008-04-11','00:00:00','1',99999999.99,0.00,99999999.99,'0.19',382,32,69),
(2616,'2024-05-30','00:00:00','1',79588311.00,0.00,99999999.99,'0.19',252,9,53),
(2617,'2017-02-13','00:00:00','1',99999999.99,0.00,99999999.99,'0.19',372,45,115),
(2618,'2012-11-20','00:00:00','1',99999999.99,0.00,99999999.99,'0.19',321,7,88),
(2620,'2016-01-15','00:00:00','1',99999999.99,0.00,99999999.99,'0.19',243,24,34),
(2621,'2014-08-20','00:00:00','1',99999999.99,0.00,99999999.99,'0.19',473,46,47),
(2623,'2022-07-11','00:00:00','1',99999999.99,0.00,99999999.99,'0.19',473,3,115),
(2624,'2010-01-13','00:00:00','1',99999999.99,0.00,99999999.99,'0.19',25,50,20),
(2625,'2008-05-10','00:00:00','1',66732227.00,0.00,99999999.99,'0.19',83,49,59),
(2626,'2018-10-05','00:00:00','1',30861158.00,0.00,99999999.99,'0.19',290,9,26),
(2627,'2023-01-02','00:00:00','1',44989397.00,0.00,46153601.00,'0.19',359,33,124),
(2628,'2014-11-02','00:00:00','1',99999999.99,0.00,99999999.99,'0.19',478,6,96),
(2629,'2011-08-18','00:00:00','1',99999999.99,0.00,99999999.99,'0.19',309,27,60),
(2631,'2018-04-20','00:00:00','1',99999999.99,0.00,99999999.99,'0.19',394,4,33),
(2632,'2020-10-16','00:00:00','1',99999999.99,0.00,99999999.99,'0.19',399,27,109),
(2633,'2024-10-04','00:00:00','1',44989397.00,0.00,99999999.99,'0.19',135,17,71),
(2634,'2021-02-02','00:00:00','1',99999999.99,0.00,99999999.99,'0.19',12,26,122),
(2637,'2018-05-27','00:00:00','1',99999999.99,0.00,99999999.99,'0.19',269,44,131),
(2638,'2025-04-23','00:00:00','1',79588311.00,0.00,99999999.99,'0.19',346,4,103),
(2640,'2023-10-09','00:00:00','1',99999999.99,0.00,99999999.99,'0.19',135,46,99),
(2642,'2012-02-24','00:00:00','1',99999999.99,0.00,99999999.99,'0.19',497,15,37),
(2643,'2025-09-18','00:00:00','1',99999999.99,0.00,99999999.99,'0.19',100,29,7),
(2647,'2023-10-15','00:00:00','1',99999999.99,0.00,99999999.99,'0.19',119,26,59),
(2648,'2022-03-16','00:00:00','1',99999999.99,0.00,61242774.00,'0.19',46,38,7),
(2649,'2008-01-12','00:00:00','1',44989397.00,0.00,99999999.99,'0.19',480,7,2),
(2650,'2022-01-25','00:00:00','1',78565715.00,0.00,99999999.99,'0.19',68,40,41),
(2652,'2016-08-18','00:00:00','1',19305707.00,0.00,99999999.99,'0.19',477,15,69),
(2653,'2023-06-29','00:00:00','1',99999999.99,0.00,23056139.00,'0.19',161,9,81),
(2654,'2015-06-20','00:00:00','1',99999999.99,0.00,99999999.99,'0.19',184,50,36),
(2655,'2019-11-28','00:00:00','1',99999999.99,0.00,99999999.99,'0.19',367,5,70),
(2656,'2008-09-24','00:00:00','1',99999999.99,0.00,99999999.99,'0.19',477,44,16),
(2661,'2023-08-28','00:00:00','1',22512965.00,0.00,99999999.99,'0.19',493,6,91),
(2662,'2021-09-26','00:00:00','1',99999999.99,0.00,43555039.00,'0.19',206,27,59),
(2663,'2020-03-01','00:00:00','1',99999999.99,0.00,99999999.99,'0.19',56,44,85),
(2664,'2020-11-25','00:00:00','1',99999999.99,0.00,99999999.99,'0.19',240,44,91),
(2666,'2012-08-23','00:00:00','1',41908184.00,0.00,99999999.99,'0.19',475,5,82),
(2668,'2023-05-10','00:00:00','1',99999999.99,0.00,99999999.99,'0.19',238,20,70),
(2669,'2009-10-25','00:00:00','1',99999999.99,0.00,99999999.99,'0.19',6,25,54),
(2671,'2015-07-13','00:00:00','1',99999999.99,0.00,99999999.99,'0.19',435,3,26),
(2673,'2009-03-25','00:00:00','1',99999999.99,0.00,99999999.99,'0.19',465,38,77),
(2675,'2023-02-17','00:00:00','1',41908184.00,0.00,99999999.99,'0.19',348,34,13),
(2676,'2016-02-29','00:00:00','1',99999999.99,0.00,99999999.99,'0.19',53,14,133),
(2679,'2016-08-03','00:00:00','1',99999999.99,0.00,99999999.99,'0.19',84,17,119),
(2684,'2016-03-13','00:00:00','1',99999999.99,0.00,99999999.99,'0.19',385,5,96),
(2685,'2016-03-20','00:00:00','1',99999999.99,0.00,32712139.00,'0.19',217,40,65),
(2686,'2011-12-06','00:00:00','1',99999999.99,0.00,99999999.99,'0.19',122,25,34),
(2687,'2022-07-15','00:00:00','1',99999999.99,0.00,99999999.99,'0.19',423,26,40),
(2689,'2023-10-23','00:00:00','1',68633982.00,0.00,99999999.99,'0.19',343,10,129),
(2690,'2009-07-02','00:00:00','1',99999999.99,0.00,99999999.99,'0.19',163,37,61),
(2691,'2020-07-29','00:00:00','1',99999999.99,0.00,99999999.99,'0.19',68,6,66),
(2694,'2012-08-04','00:00:00','1',99999999.99,0.00,99999999.99,'0.19',280,27,47),
(2695,'2011-02-07','00:00:00','1',99999999.99,0.00,99999999.99,'0.19',294,32,2),
(2697,'2013-05-08','00:00:00','1',78565715.00,0.00,99999999.99,'0.19',177,33,124),
(2698,'2020-02-07','00:00:00','1',99999999.99,0.00,99999999.99,'0.19',193,4,127),
(2699,'2010-07-19','00:00:00','1',99999999.99,0.00,77084469.00,'0.19',63,24,11),
(2700,'2022-07-22','00:00:00','1',99999999.99,0.00,99999999.99,'0.19',98,26,111),
(2701,'2018-09-24','00:00:00','1',99999999.99,0.00,99999999.99,'0.19',112,36,127),
(2702,'2024-07-15','00:00:00','1',99999999.99,0.00,38004967.00,'0.19',230,24,98),
(2703,'2024-11-14','00:00:00','1',99999999.99,0.00,99999999.99,'0.19',39,27,51),
(2704,'2021-01-04','00:00:00','1',99999999.99,0.00,99999999.99,'0.19',457,26,54),
(2706,'2012-09-14','00:00:00','1',99999999.99,0.00,99999999.99,'0.19',280,49,44),
(2707,'2024-11-21','00:00:00','1',99999999.99,0.00,99999999.99,'0.19',152,3,111),
(2708,'2024-09-16','00:00:00','1',99999999.99,0.00,55937361.00,'0.19',158,25,91),
(2709,'2025-01-24','00:00:00','1',99999999.99,0.00,54990745.00,'0.19',136,15,25),
(2710,'2013-01-20','00:00:00','1',61684778.00,0.00,66838206.00,'0.19',304,45,92),
(2711,'2015-03-10','00:00:00','1',99999999.99,0.00,99999999.99,'0.19',26,26,15),
(2712,'2015-11-29','00:00:00','1',99999999.99,0.00,99999999.99,'0.19',372,10,43),
(2713,'2013-12-30','00:00:00','1',99999999.99,0.00,99999999.99,'0.19',493,6,88),
(2714,'2019-04-18','00:00:00','1',99999999.99,0.00,99999999.99,'0.19',87,37,120),
(2715,'2023-04-04','00:00:00','1',78565715.00,0.00,99999999.99,'0.19',443,33,75),
(2716,'2017-06-26','00:00:00','1',99999999.99,0.00,99999999.99,'0.19',297,26,111),
(2717,'2014-03-20','00:00:00','1',99999999.99,0.00,99999999.99,'0.19',166,24,71),
(2718,'2009-03-22','00:00:00','1',99999999.99,0.00,99999999.99,'0.19',25,24,15),
(2719,'2009-06-03','00:00:00','1',99999999.99,0.00,99999999.99,'0.19',73,4,134),
(2720,'2016-05-12','00:00:00','1',99999999.99,0.00,93834392.00,'0.19',443,20,86),
(2721,'2015-09-29','00:00:00','1',99999999.99,0.00,84967220.00,'0.19',203,38,129),
(2723,'2018-11-27','00:00:00','1',99999999.99,0.00,99999999.99,'0.19',262,50,135),
(2724,'2019-03-31','00:00:00','1',99999999.99,0.00,66373582.00,'0.19',23,49,136),
(2725,'2019-10-24','00:00:00','1',99999999.99,0.00,99999999.99,'0.19',499,17,50),
(2726,'2010-10-02','00:00:00','1',99999999.99,0.00,99999999.99,'0.19',419,20,44),
(2728,'2023-12-02','00:00:00','1',99999999.99,0.00,99999999.99,'0.19',221,3,112),
(2729,'2019-12-06','00:00:00','1',99999999.99,0.00,99999999.99,'0.19',142,29,123),
(2731,'2019-12-14','00:00:00','1',99999999.99,0.00,99999999.99,'0.19',28,26,104),
(2733,'2018-02-19','00:00:00','1',20279166.00,0.00,99999999.99,'0.19',232,44,5),
(2734,'2021-12-04','00:00:00','1',99999999.99,0.00,99999999.99,'0.19',105,20,131),
(2736,'2025-12-09','00:00:00','1',99999999.99,0.00,55873113.00,'0.19',129,50,102),
(2738,'2023-07-19','00:00:00','1',99999999.99,0.00,99999999.99,'0.19',53,46,33),
(2739,'2009-06-21','00:00:00','1',99999999.99,0.00,99999999.99,'0.19',204,15,44),
(2740,'2012-03-22','00:00:00','1',99999999.99,0.00,99999999.99,'0.19',241,37,93),
(2741,'2018-04-08','00:00:00','1',99999999.99,0.00,99999999.99,'0.19',274,27,79),
(2744,'2016-10-05','00:00:00','1',99999999.99,0.00,41343712.00,'0.19',73,20,96),
(2747,'2009-09-22','00:00:00','1',99999999.99,0.00,99127919.00,'0.19',380,25,44),
(2751,'2010-07-06','00:00:00','1',99999999.99,0.00,99999999.99,'0.19',263,9,90),
(2753,'2011-04-27','00:00:00','1',63800302.00,0.00,26009528.00,'0.19',469,25,28),
(2754,'2019-02-17','00:00:00','1',99999999.99,0.00,99999999.99,'0.19',96,9,137),
(2757,'2019-09-05','00:00:00','1',99999999.99,0.00,99999999.99,'0.19',427,6,104),
(2759,'2008-07-04','00:00:00','1',20279166.00,0.00,80533580.00,'0.19',328,10,77),
(2760,'2014-07-29','00:00:00','1',99999999.99,0.00,99999999.99,'0.19',48,17,115),
(2761,'2017-05-05','00:00:00','1',99999999.99,0.00,99999999.99,'0.19',450,14,45),
(2762,'2023-04-22','00:00:00','1',99999999.99,0.00,99999999.99,'0.19',252,27,106),
(2763,'2020-02-22','00:00:00','1',99999999.99,0.00,99999999.99,'0.19',458,43,49),
(2764,'2010-12-17','00:00:00','1',30861158.00,0.00,99999999.99,'0.19',421,9,65),
(2768,'2017-12-15','00:00:00','1',99999999.99,0.00,99999999.99,'0.19',94,36,44),
(2769,'2024-07-18','00:00:00','1',99999999.99,0.00,93584491.00,'0.19',53,45,42),
(2772,'2014-07-16','00:00:00','1',99999999.99,0.00,99999999.99,'0.19',134,44,23),
(2773,'2012-03-28','00:00:00','1',99999999.99,0.00,99999999.99,'0.19',266,10,74),
(2774,'2009-05-30','00:00:00','1',99999999.99,0.00,99999999.99,'0.19',477,7,45),
(2775,'2008-06-29','00:00:00','1',99999999.99,0.00,99999999.99,'0.19',499,44,3),
(2776,'2025-12-26','00:00:00','1',99999999.99,0.00,99999999.99,'0.19',215,33,4),
(2777,'2013-03-18','00:00:00','1',99999999.99,0.00,99999999.99,'0.19',88,33,107),
(2778,'2019-08-27','00:00:00','1',79588311.00,0.00,99999999.99,'0.19',294,41,101),
(2779,'2022-06-17','00:00:00','1',99999999.99,0.00,99999999.99,'0.19',280,3,44),
(2782,'2020-12-23','00:00:00','1',99999999.99,0.00,73175460.00,'0.19',425,32,35),
(2784,'2022-09-15','00:00:00','1',68633982.00,0.00,99999999.99,'0.19',402,44,103),
(2785,'2022-06-28','00:00:00','1',99999999.99,0.00,99999999.99,'0.19',375,40,1),
(2786,'2025-08-24','00:00:00','1',99999999.99,0.00,99999999.99,'0.19',352,7,68),
(2788,'2018-11-26','00:00:00','1',99999999.99,0.00,99999999.99,'0.19',225,40,14),
(2789,'2021-04-22','00:00:00','1',99999999.99,0.00,99999999.99,'0.19',120,27,93),
(2790,'2022-12-07','00:00:00','1',99999999.99,0.00,99999999.99,'0.19',389,10,111),
(2791,'2023-08-18','00:00:00','1',99999999.99,0.00,58074101.00,'0.19',219,41,50),
(2793,'2020-04-20','00:00:00','1',99999999.99,0.00,99999999.99,'0.19',424,47,18),
(2794,'2017-12-26','00:00:00','1',68633982.00,0.00,88158759.00,'0.19',119,20,123),
(2795,'2018-04-09','00:00:00','1',99999999.99,0.00,99999999.99,'0.19',448,46,73),
(2796,'2014-10-27','00:00:00','1',99999999.99,0.00,99999999.99,'0.19',422,6,11),
(2797,'2020-09-20','00:00:00','1',99999999.99,0.00,98062433.00,'0.19',277,43,5),
(2799,'2025-09-14','00:00:00','1',22512965.00,0.00,99999999.99,'0.19',449,37,20),
(2800,'2014-11-15','00:00:00','1',99999999.99,0.00,56504010.00,'0.19',59,44,13),
(2801,'2011-11-07','00:00:00','1',99999999.99,0.00,99999999.99,'0.19',435,25,22),
(2802,'2025-09-13','00:00:00','1',99999999.99,0.00,99999999.99,'0.19',264,17,57),
(2803,'2013-10-30','00:00:00','1',68633982.00,0.00,58971508.00,'0.19',91,15,63),
(2805,'2018-11-10','00:00:00','1',99999999.99,0.00,99999999.99,'0.19',349,36,52),
(2808,'2025-04-06','00:00:00','1',99999999.99,0.00,99999999.99,'0.19',15,9,35),
(2809,'2009-01-22','00:00:00','1',88508120.00,0.00,99999999.99,'0.19',174,47,42),
(2812,'2014-05-18','00:00:00','1',99999999.99,0.00,99999999.99,'0.19',385,12,24),
(2813,'2018-03-23','00:00:00','1',99999999.99,0.00,99999999.99,'0.19',231,24,23),
(2814,'2011-09-24','00:00:00','1',99999999.99,0.00,99999999.99,'0.19',492,43,57),
(2815,'2021-11-15','00:00:00','1',99999999.99,0.00,99999999.99,'0.19',379,4,98),
(2816,'2011-08-10','00:00:00','1',99999999.99,0.00,99999999.99,'0.19',12,24,2),
(2819,'2014-05-25','00:00:00','1',99999999.99,0.00,99999999.99,'0.19',360,15,6),
(2821,'2011-12-07','00:00:00','1',99999999.99,0.00,99999999.99,'0.19',279,17,37),
(2823,'2023-07-16','00:00:00','1',99999999.99,0.00,99999999.99,'0.19',326,3,125),
(2824,'2022-12-11','00:00:00','1',99999999.99,0.00,99999999.99,'0.19',220,45,10),
(2826,'2011-06-11','00:00:00','1',99999999.99,0.00,99999999.99,'0.19',349,5,103),
(2827,'2011-08-13','00:00:00','1',99999999.99,0.00,99999999.99,'0.19',475,6,72),
(2828,'2013-05-02','00:00:00','1',99999999.99,0.00,99999999.99,'0.19',61,46,103),
(2829,'2010-08-15','00:00:00','1',99999999.99,0.00,99999999.99,'0.19',233,24,29),
(2830,'2008-12-03','00:00:00','1',99999999.99,0.00,99999999.99,'0.19',245,43,108),
(2831,'2015-02-06','00:00:00','1',52991391.00,0.00,99999999.99,'0.19',359,34,15),
(2832,'2020-11-19','00:00:00','1',99999999.99,0.00,99999999.99,'0.19',32,32,122),
(2833,'2010-11-02','00:00:00','1',99999999.99,0.00,99999999.99,'0.19',207,26,112),
(2835,'2013-11-03','00:00:00','1',99999999.99,0.00,99999999.99,'0.19',481,24,101),
(2836,'2016-04-16','00:00:00','1',92394484.00,0.00,99999999.99,'0.19',255,47,73),
(2838,'2012-08-07','00:00:00','1',99999999.99,0.00,99999999.99,'0.19',461,24,135),
(2840,'2023-11-10','00:00:00','1',99999999.99,0.00,99999999.99,'0.19',266,50,3),
(2841,'2008-10-11','00:00:00','1',54822142.00,0.00,99999999.99,'0.19',400,47,4),
(2842,'2022-12-05','00:00:00','1',99999999.99,0.00,99999999.99,'0.19',414,25,84),
(2843,'2015-02-09','00:00:00','1',99999999.99,0.00,99999999.99,'0.19',76,45,59),
(2844,'2015-09-17','00:00:00','1',99999999.99,0.00,99999999.99,'0.19',441,37,119),
(2845,'2011-04-26','00:00:00','1',99999999.99,0.00,99999999.99,'0.19',406,44,45),
(2847,'2018-01-21','00:00:00','1',99999999.99,0.00,99999999.99,'0.19',187,32,70),
(2850,'2019-12-20','00:00:00','1',99999999.99,0.00,99999999.99,'0.19',193,26,114),
(2851,'2014-10-06','00:00:00','1',99999999.99,0.00,99999999.99,'0.19',277,38,109),
(2852,'2010-09-22','00:00:00','1',99999999.99,0.00,99999999.99,'0.19',74,46,38),
(2853,'2008-07-23','00:00:00','1',99999999.99,0.00,99999999.99,'0.19',44,47,58),
(2855,'2019-03-15','00:00:00','1',63800302.00,0.00,60295067.00,'0.19',431,47,53),
(2856,'2025-03-27','00:00:00','1',99999999.99,0.00,99999999.99,'0.19',88,50,51),
(2857,'2011-04-05','00:00:00','1',99999999.99,0.00,99999999.99,'0.19',93,41,106),
(2860,'2011-07-02','00:00:00','1',99999999.99,0.00,55612781.00,'0.19',179,24,67),
(2863,'2020-04-01','00:00:00','1',99999999.99,0.00,99999999.99,'0.19',82,24,112),
(2864,'2019-05-19','00:00:00','1',99999999.99,0.00,99999999.99,'0.19',45,37,77),
(2867,'2023-10-28','00:00:00','1',99999999.99,0.00,99999999.99,'0.19',448,26,26),
(2868,'2014-08-18','00:00:00','1',99999999.99,0.00,99999999.99,'0.19',338,25,100),
(2869,'2018-08-18','00:00:00','1',99999999.99,0.00,41447214.00,'0.19',188,47,90),
(2871,'2024-11-30','00:00:00','1',19305707.00,0.00,99999999.99,'0.19',398,50,74),
(2872,'2020-11-12','00:00:00','1',99999999.99,0.00,99999999.99,'0.19',172,33,30),
(2873,'2022-12-16','00:00:00','1',99999999.99,0.00,99999999.99,'0.19',277,25,51),
(2874,'2011-04-19','00:00:00','1',99999999.99,0.00,99999999.99,'0.19',230,5,118),
(2876,'2020-09-04','00:00:00','1',99999999.99,0.00,99999999.99,'0.19',54,14,119),
(2878,'2017-11-30','00:00:00','1',99999999.99,0.00,99999999.99,'0.19',136,9,100),
(2879,'2015-08-06','00:00:00','1',54822142.00,0.00,99999999.99,'0.19',208,6,134),
(2880,'2023-06-16','00:00:00','1',99999999.99,0.00,99999999.99,'0.19',292,12,93),
(2883,'2018-09-28','00:00:00','1',99999999.99,0.00,99999999.99,'0.19',38,24,9),
(2886,'2023-03-17','00:00:00','1',99999999.99,0.00,99999999.99,'0.19',395,45,65),
(2888,'2010-08-15','00:00:00','1',99999999.99,0.00,99999999.99,'0.19',90,37,47),
(2890,'2008-07-22','00:00:00','1',99999999.99,0.00,99999999.99,'0.19',293,40,72),
(2891,'2017-01-03','00:00:00','1',99999999.99,0.00,99999999.99,'0.19',72,20,110),
(2892,'2021-11-06','00:00:00','1',61438545.00,0.00,99999999.99,'0.19',168,33,18),
(2893,'2012-12-10','00:00:00','1',99999999.99,0.00,99999999.99,'0.19',291,6,122),
(2895,'2016-01-06','00:00:00','1',99999999.99,0.00,99999999.99,'0.19',497,12,88),
(2896,'2010-01-27','00:00:00','1',99999999.99,0.00,99999999.99,'0.19',234,49,26),
(2897,'2015-04-27','00:00:00','1',99999999.99,0.00,99999999.99,'0.19',387,26,131),
(2899,'2021-08-21','00:00:00','1',92394484.00,0.00,99999999.99,'0.19',489,10,6),
(2901,'2012-05-17','00:00:00','1',99999999.99,0.00,99999999.99,'0.19',286,24,127),
(2902,'2021-01-31','00:00:00','1',99999999.99,0.00,93694843.00,'0.19',303,37,49),
(2903,'2019-10-22','00:00:00','1',99999999.99,0.00,99999999.99,'0.19',274,25,45),
(2904,'2012-12-24','00:00:00','1',99999999.99,0.00,99999999.99,'0.19',396,26,77),
(2905,'2025-07-10','00:00:00','1',99999999.99,0.00,68848644.00,'0.19',350,20,47),
(2906,'2025-03-16','00:00:00','1',99999999.99,0.00,99999999.99,'0.19',138,29,11),
(2907,'2014-03-26','00:00:00','1',99999999.99,0.00,99999999.99,'0.19',121,12,44),
(2913,'2023-03-09','00:00:00','1',99999999.99,0.00,53787633.00,'0.19',402,9,69),
(2915,'2009-12-16','00:00:00','1',99999999.99,0.00,99999999.99,'0.19',445,24,128),
(2916,'2019-06-24','00:00:00','1',99999999.99,0.00,99999999.99,'0.19',9,50,44),
(2917,'2016-11-05','00:00:00','1',41908184.00,0.00,99999999.99,'0.19',488,46,57),
(2918,'2012-05-11','00:00:00','1',99999999.99,0.00,99999999.99,'0.19',82,38,69),
(2921,'2021-07-12','00:00:00','1',78565715.00,0.00,99999999.99,'0.19',471,12,86),
(2922,'2021-07-27','00:00:00','1',99999999.99,0.00,99999999.99,'0.19',20,25,51),
(2925,'2022-12-15','00:00:00','1',99999999.99,0.00,99999999.99,'0.19',409,4,66),
(2926,'2016-02-05','00:00:00','1',99999999.99,0.00,99999999.99,'0.19',18,43,115),
(2927,'2016-11-30','00:00:00','1',99999999.99,0.00,99999999.99,'0.19',488,17,3),
(2930,'2017-08-04','00:00:00','1',99999999.99,0.00,99999999.99,'0.19',374,38,76),
(2934,'2008-04-09','00:00:00','1',99999999.99,0.00,99999999.99,'0.19',278,27,97),
(2936,'2015-09-26','00:00:00','1',99999999.99,0.00,99999999.99,'0.19',500,20,108),
(2937,'2015-11-18','00:00:00','1',99999999.99,0.00,99999999.99,'0.19',369,50,11),
(2939,'2017-12-29','00:00:00','1',99999999.99,0.00,99999999.99,'0.19',367,20,120),
(2940,'2020-07-31','00:00:00','1',99999999.99,0.00,99999999.99,'0.19',355,14,45),
(2941,'2009-12-18','00:00:00','1',61684778.00,0.00,99999999.99,'0.19',129,46,51),
(2942,'2012-11-01','00:00:00','1',99999999.99,0.00,99999999.99,'0.19',260,4,133),
(2943,'2024-04-28','00:00:00','1',99999999.99,0.00,99999999.99,'0.19',497,29,112),
(2944,'2017-12-18','00:00:00','1',99999999.99,0.00,99999999.99,'0.19',150,37,69),
(2945,'2024-08-18','00:00:00','1',99999999.99,0.00,99999999.99,'0.19',332,27,17),
(2946,'2017-04-27','00:00:00','1',99999999.99,0.00,99999999.99,'0.19',67,15,4),
(2947,'2017-12-03','00:00:00','1',99999999.99,0.00,94774131.00,'0.19',153,43,1),
(2948,'2014-06-22','00:00:00','1',99999999.99,0.00,99999999.99,'0.19',452,50,87),
(2950,'2024-04-29','00:00:00','1',99999999.99,0.00,99999999.99,'0.19',173,15,129),
(2951,'2017-07-04','00:00:00','1',99999999.99,0.00,99999999.99,'0.19',434,7,87),
(2952,'2024-05-04','00:00:00','1',99999999.99,0.00,99999999.99,'0.19',377,44,81),
(2957,'2009-12-06','00:00:00','1',99999999.99,0.00,99999999.99,'0.19',34,44,101),
(2958,'2011-03-22','00:00:00','1',99999999.99,0.00,99999999.99,'0.19',332,47,72),
(2960,'2014-10-20','00:00:00','1',99999999.99,0.00,99999999.99,'0.19',146,32,83),
(2961,'2018-08-24','00:00:00','1',99999999.99,0.00,99999999.99,'0.19',178,34,5),
(2964,'2009-06-25','00:00:00','1',99999999.99,0.00,99999999.99,'0.19',280,10,123),
(2966,'2024-12-16','00:00:00','1',99999999.99,0.00,82927048.00,'0.19',235,6,20),
(2967,'2016-06-05','00:00:00','1',99999999.99,0.00,99999999.99,'0.19',493,24,68),
(2968,'2009-12-25','00:00:00','1',99999999.99,0.00,99999999.99,'0.19',415,47,110),
(2969,'2008-02-24','00:00:00','1',99999999.99,0.00,99999999.99,'0.19',385,36,13),
(2970,'2017-03-08','00:00:00','1',99999999.99,0.00,99999999.99,'0.19',468,29,79),
(2971,'2022-04-30','00:00:00','1',99999999.99,0.00,99999999.99,'0.19',19,6,126),
(2972,'2014-02-17','00:00:00','1',99999999.99,0.00,99999999.99,'0.19',356,36,106),
(2976,'2018-05-13','00:00:00','1',99999999.99,0.00,99999999.99,'0.19',183,14,117),
(2977,'2023-12-06','00:00:00','1',99999999.99,0.00,99999999.99,'0.19',473,24,130),
(2978,'2020-09-26','00:00:00','1',99999999.99,0.00,99999999.99,'0.19',92,43,134),
(2981,'2012-06-20','00:00:00','1',99999999.99,0.00,99999999.99,'0.19',279,12,55),
(2983,'2016-07-24','00:00:00','1',99999999.99,0.00,99999999.99,'0.19',230,33,14),
(2985,'2020-06-03','00:00:00','1',99999999.99,0.00,99999999.99,'0.19',245,17,97),
(2987,'2008-12-11','00:00:00','1',99999999.99,0.00,99999999.99,'0.19',277,44,116),
(2989,'2021-02-15','00:00:00','1',99999999.99,0.00,99999999.99,'0.19',498,44,107),
(2990,'2014-10-25','00:00:00','1',99999999.99,0.00,99999999.99,'0.19',337,32,66),
(2991,'2019-01-30','00:00:00','1',79588311.00,0.00,99999999.99,'0.19',96,4,107),
(2993,'2024-08-04','00:00:00','1',99999999.99,0.00,99999999.99,'0.19',479,32,34),
(2998,'2008-01-21','00:00:00','1',99999999.99,0.00,99999999.99,'0.19',400,44,95),
(3000,'2013-11-21','00:00:00','1',99999999.99,0.00,99999999.99,'0.19',494,45,23),
(3001,'2014-09-24','00:00:00','1',99999999.99,0.00,99999999.99,'0.19',315,34,133),
(3002,'2022-05-14','00:00:00','1',99999999.99,0.00,99999999.99,'0.19',33,27,96),
(3005,'2010-10-14','00:00:00','1',99999999.99,0.00,55726831.00,'0.19',340,10,16),
(3006,'2022-08-31','00:00:00','1',99999999.99,0.00,99999999.99,'0.19',499,15,39),
(3007,'2022-12-08','00:00:00','1',20279166.00,0.00,99999999.99,'0.19',237,29,116),
(3009,'2017-05-10','00:00:00','1',99999999.99,0.00,99999999.99,'0.19',313,29,43),
(3010,'2012-01-09','00:00:00','1',99999999.99,0.00,99999999.99,'0.19',273,9,29),
(3011,'2019-01-12','00:00:00','1',99999999.99,0.00,99999999.99,'0.19',253,37,3),
(3013,'2022-06-18','00:00:00','1',99999999.99,0.00,99999999.99,'0.19',278,26,79),
(3014,'2013-06-27','00:00:00','1',99999999.99,0.00,99999999.99,'0.19',77,44,86),
(3016,'2010-09-04','00:00:00','1',99999999.99,0.00,99999999.99,'0.19',320,27,117),
(3023,'2016-02-11','00:00:00','1',99999999.99,0.00,99999999.99,'0.19',433,4,110),
(3025,'2018-10-11','00:00:00','1',99999999.99,0.00,78024565.00,'0.19',429,3,87),
(3026,'2020-09-07','00:00:00','1',99999999.99,0.00,99999999.99,'0.19',428,49,10),
(3027,'2017-10-12','00:00:00','1',99999999.99,0.00,99999999.99,'0.19',67,41,59),
(3028,'2013-10-13','00:00:00','1',99999999.99,0.00,99999999.99,'0.19',164,45,64),
(3030,'2023-05-20','00:00:00','1',99999999.99,0.00,84126426.00,'0.19',296,10,69),
(3031,'2018-09-04','00:00:00','1',99999999.99,0.00,95015558.00,'0.19',101,29,109),
(3033,'2010-09-06','00:00:00','1',99999999.99,0.00,85990347.00,'0.19',384,5,63),
(3035,'2019-06-30','00:00:00','1',81504504.00,0.00,99999999.99,'0.19',405,24,7),
(3038,'2008-05-23','00:00:00','1',61438545.00,0.00,42030289.00,'0.19',163,34,113),
(3039,'2013-10-27','00:00:00','1',99999999.99,0.00,99999999.99,'0.19',349,43,55),
(3040,'2011-08-27','00:00:00','1',61438545.00,0.00,57731276.00,'0.19',269,3,6),
(3041,'2021-01-16','00:00:00','1',99999999.99,0.00,99999999.99,'0.19',1,3,104),
(3043,'2011-04-12','00:00:00','1',99999999.99,0.00,99999999.99,'0.19',330,10,31),
(3045,'2018-05-04','00:00:00','1',19305707.00,0.00,99999999.99,'0.19',350,44,47),
(3046,'2023-07-20','00:00:00','1',99999999.99,0.00,88409224.00,'0.19',321,12,47),
(3047,'2011-01-14','00:00:00','1',99999999.99,0.00,99999999.99,'0.19',406,47,108),
(3048,'2016-01-06','00:00:00','1',99999999.99,0.00,71480886.00,'0.19',122,9,106),
(3049,'2011-08-30','00:00:00','1',61684778.00,0.00,99999999.99,'0.19',189,5,122),
(3050,'2009-03-09','00:00:00','1',99999999.99,0.00,99999999.99,'0.19',27,20,72),
(3051,'2014-02-11','00:00:00','1',99999999.99,0.00,99999999.99,'0.19',357,12,21),
(3054,'2022-04-09','00:00:00','1',99999999.99,0.00,99999999.99,'0.19',16,43,116),
(3060,'2022-05-01','00:00:00','1',99999999.99,0.00,99999999.99,'0.19',200,20,129),
(3061,'2009-09-21','00:00:00','1',99999999.99,0.00,99999999.99,'0.19',196,15,85),
(3062,'2019-07-11','00:00:00','1',99999999.99,0.00,99999999.99,'0.19',373,37,12),
(3063,'2012-05-06','00:00:00','1',99999999.99,0.00,99999999.99,'0.19',318,45,100),
(3065,'2022-01-31','00:00:00','1',91619448.00,0.00,99999999.99,'0.19',352,50,53),
(3066,'2012-02-10','00:00:00','1',99999999.99,0.00,99999999.99,'0.19',234,14,107),
(3067,'2025-02-24','00:00:00','1',99999999.99,0.00,99999999.99,'0.19',292,49,53),
(3068,'2010-02-13','00:00:00','1',99999999.99,0.00,99999999.99,'0.19',20,26,78),
(3069,'2021-06-06','00:00:00','1',99999999.99,0.00,99999999.99,'0.19',16,34,44),
(3070,'2024-11-17','00:00:00','1',99999999.99,0.00,99999999.99,'0.19',345,41,132),
(3071,'2011-10-01','00:00:00','1',99999999.99,0.00,99999999.99,'0.19',64,45,129),
(3072,'2020-03-12','00:00:00','1',99999999.99,0.00,99999999.99,'0.19',86,6,124),
(3073,'2015-03-27','00:00:00','1',99999999.99,0.00,99999999.99,'0.19',144,32,103),
(3075,'2023-05-13','00:00:00','1',99999999.99,0.00,99999999.99,'0.19',278,3,81),
(3079,'2023-05-17','00:00:00','1',99999999.99,0.00,32323369.00,'0.19',176,25,36),
(3080,'2023-08-27','00:00:00','1',99999999.99,0.00,99999999.99,'0.19',437,40,36),
(3083,'2010-02-24','00:00:00','1',99999999.99,0.00,99999999.99,'0.19',129,46,16),
(3084,'2019-12-26','00:00:00','1',88470798.00,0.00,99999999.99,'0.19',94,10,68),
(3085,'2021-01-03','00:00:00','1',99999999.99,0.00,99999999.99,'0.19',479,34,109),
(3086,'2015-11-20','00:00:00','1',99999999.99,0.00,99999999.99,'0.19',269,50,20),
(3087,'2011-03-23','00:00:00','1',99999999.99,0.00,99999999.99,'0.19',202,26,103),
(3088,'2008-04-15','00:00:00','1',99999999.99,0.00,99999999.99,'0.19',236,12,114),
(3089,'2011-01-26','00:00:00','1',99999999.99,0.00,99999999.99,'0.19',304,47,8),
(3093,'2025-06-19','00:00:00','1',81504504.00,0.00,99999999.99,'0.19',181,12,48),
(3094,'2018-11-16','00:00:00','1',99999999.99,0.00,68950681.00,'0.19',424,37,16),
(3095,'2017-03-29','00:00:00','1',99999999.99,0.00,99999999.99,'0.19',418,47,18),
(3096,'2015-08-19','00:00:00','1',99999999.99,0.00,99999999.99,'0.19',314,41,103),
(3097,'2011-08-28','00:00:00','1',99999999.99,0.00,99999999.99,'0.19',151,32,42),
(3100,'2011-06-20','00:00:00','1',99999999.99,0.00,99999999.99,'0.19',127,9,50),
(3101,'2019-04-16','00:00:00','1',99999999.99,0.00,86874402.00,'0.19',325,47,46),
(3102,'2012-12-16','00:00:00','1',99999999.99,0.00,71369774.00,'0.19',488,24,131),
(3103,'2012-03-23','00:00:00','1',99999999.99,0.00,99999999.99,'0.19',69,40,21),
(3105,'2020-07-12','00:00:00','1',99999999.99,0.00,99999999.99,'0.19',273,43,41),
(3106,'2021-10-04','00:00:00','1',99999999.99,0.00,99999999.99,'0.19',379,44,126),
(3107,'2023-06-20','00:00:00','1',99999999.99,0.00,99999999.99,'0.19',295,14,31),
(3109,'2019-12-07','00:00:00','1',99999999.99,0.00,99999999.99,'0.19',138,10,108),
(3111,'2020-05-11','00:00:00','1',99999999.99,0.00,99999999.99,'0.19',201,10,53),
(3112,'2023-10-01','00:00:00','1',99999999.99,0.00,99999999.99,'0.19',426,41,60),
(3113,'2024-12-17','00:00:00','1',99999999.99,0.00,99999999.99,'0.19',444,45,119),
(3114,'2025-12-31','00:00:00','1',99999999.99,0.00,99999999.99,'0.19',114,50,24),
(3115,'2010-07-22','00:00:00','1',99999999.99,0.00,77652908.00,'0.19',444,29,118),
(3116,'2017-05-11','00:00:00','1',99999999.99,0.00,21701001.00,'0.19',482,15,2),
(3117,'2018-04-30','00:00:00','1',99999999.99,0.00,99999999.99,'0.19',100,45,137),
(3118,'2009-09-17','00:00:00','1',99999999.99,0.00,99999999.99,'0.19',280,40,109),
(3120,'2010-12-11','00:00:00','1',99999999.99,0.00,99999999.99,'0.19',462,34,68),
(3123,'2015-10-23','00:00:00','1',99999999.99,0.00,99999999.99,'0.19',479,12,75),
(3126,'2016-02-18','00:00:00','1',99999999.99,0.00,99999999.99,'0.19',208,24,53),
(3128,'2017-11-29','00:00:00','1',99999999.99,0.00,99999999.99,'0.19',134,45,61),
(3129,'2021-05-27','00:00:00','1',99999999.99,0.00,73883912.00,'0.19',41,45,23),
(3130,'2019-09-25','00:00:00','1',99999999.99,0.00,99999999.99,'0.19',351,15,61),
(3132,'2015-09-03','00:00:00','1',99999999.99,0.00,99999999.99,'0.19',469,15,78),
(3133,'2011-11-11','00:00:00','1',99999999.99,0.00,99999999.99,'0.19',168,9,5),
(3134,'2023-12-03','00:00:00','1',99999999.99,0.00,99999999.99,'0.19',96,15,29),
(3137,'2024-09-11','00:00:00','1',99999999.99,0.00,99999999.99,'0.19',173,6,108),
(3138,'2010-08-29','00:00:00','1',41908184.00,0.00,99999999.99,'0.19',370,33,116),
(3140,'2010-11-20','00:00:00','1',30861158.00,0.00,99999999.99,'0.19',248,3,98),
(3142,'2011-03-12','00:00:00','1',99999999.99,0.00,99999999.99,'0.19',468,26,17),
(3143,'2023-06-07','00:00:00','1',99999999.99,0.00,99999999.99,'0.19',484,6,88),
(3144,'2013-01-30','00:00:00','1',99999999.99,0.00,32362305.00,'0.19',176,4,138),
(3145,'2014-11-23','00:00:00','1',99999999.99,0.00,99999999.99,'0.19',200,36,113),
(3147,'2012-09-15','00:00:00','1',99999999.99,0.00,99999999.99,'0.19',496,3,1),
(3148,'2010-12-02','00:00:00','1',99999999.99,0.00,99999999.99,'0.19',295,33,95),
(3149,'2009-10-05','00:00:00','1',99999999.99,0.00,99999999.99,'0.19',88,12,67),
(3150,'2017-07-12','00:00:00','1',99999999.99,0.00,99999999.99,'0.19',207,25,136),
(3152,'2025-02-10','00:00:00','1',99999999.99,0.00,99999999.99,'0.19',302,32,70),
(3154,'2010-07-04','00:00:00','1',99999999.99,0.00,99999999.99,'0.19',445,49,132),
(3155,'2009-09-28','00:00:00','1',99999999.99,0.00,99999999.99,'0.19',356,33,72),
(3158,'2018-11-11','00:00:00','1',99999999.99,0.00,31121714.00,'0.19',272,25,38),
(3159,'2024-12-26','00:00:00','1',99999999.99,0.00,99999999.99,'0.19',312,3,20),
(3160,'2017-09-02','00:00:00','1',92394484.00,0.00,99999999.99,'0.19',401,7,120),
(3162,'2012-05-27','00:00:00','1',99999999.99,0.00,99999999.99,'0.19',190,32,29),
(3164,'2008-09-25','00:00:00','1',99999999.99,0.00,99999999.99,'0.19',115,10,121),
(3165,'2025-10-14','00:00:00','1',99999999.99,0.00,99999999.99,'0.19',441,26,129),
(3166,'2022-10-18','00:00:00','1',99999999.99,0.00,99999999.99,'0.19',482,7,2),
(3169,'2009-04-30','00:00:00','1',99999999.99,0.00,99999999.99,'0.19',287,36,70),
(3170,'2018-07-09','00:00:00','1',99999999.99,0.00,61530697.00,'0.19',364,15,57),
(3171,'2010-09-01','00:00:00','1',99999999.99,0.00,99999999.99,'0.19',201,36,30),
(3172,'2013-09-03','00:00:00','1',99999999.99,0.00,99999999.99,'0.19',190,44,88),
(3173,'2008-12-20','00:00:00','1',99999999.99,0.00,99999999.99,'0.19',188,36,136),
(3174,'2009-06-26','00:00:00','1',99999999.99,0.00,99999999.99,'0.19',14,41,14),
(3175,'2014-10-07','00:00:00','1',99999999.99,0.00,99999999.99,'0.19',488,12,27),
(3176,'2022-12-21','00:00:00','1',99999999.99,0.00,99999999.99,'0.19',331,46,98),
(3177,'2008-03-25','00:00:00','1',99999999.99,0.00,99999999.99,'0.19',251,6,65),
(3178,'2024-12-03','00:00:00','1',99999999.99,0.00,99999999.99,'0.19',266,32,37),
(3179,'2010-03-01','00:00:00','1',91619448.00,0.00,99999999.99,'0.19',135,43,131),
(3180,'2025-07-19','00:00:00','1',99999999.99,0.00,99999999.99,'0.19',490,41,24),
(3182,'2021-06-30','00:00:00','1',99999999.99,0.00,99999999.99,'0.19',487,46,1),
(3183,'2012-08-09','00:00:00','1',99999999.99,0.00,99999999.99,'0.19',436,49,52),
(3184,'2021-03-06','00:00:00','1',99999999.99,0.00,99999999.99,'0.19',287,17,115),
(3186,'2012-02-22','00:00:00','1',99999999.99,0.00,99999999.99,'0.19',9,17,30),
(3187,'2023-01-15','00:00:00','1',99999999.99,0.00,99999999.99,'0.19',313,50,122),
(3188,'2015-11-19','00:00:00','1',99999999.99,0.00,99999999.99,'0.19',165,26,14),
(3192,'2024-09-25','00:00:00','1',99999999.99,0.00,99999999.99,'0.19',349,29,11),
(3193,'2014-03-22','00:00:00','1',19305707.00,0.00,33033067.00,'0.19',148,49,115),
(3194,'2021-01-01','00:00:00','1',99999999.99,0.00,99999999.99,'0.19',423,17,13),
(3195,'2015-10-20','00:00:00','1',92394484.00,0.00,99999999.99,'0.19',134,9,53),
(3196,'2015-11-25','00:00:00','1',99999999.99,0.00,99999999.99,'0.19',115,10,8),
(3197,'2011-08-08','00:00:00','1',99999999.99,0.00,99999999.99,'0.19',4,14,132),
(3198,'2019-03-25','00:00:00','1',99999999.99,0.00,99999999.99,'0.19',100,14,9),
(3199,'2025-07-06','00:00:00','1',78565715.00,0.00,54732841.00,'0.19',157,45,133),
(3200,'2024-05-04','00:00:00','1',99999999.99,0.00,99999999.99,'0.19',322,10,17),
(3201,'2021-09-30','00:00:00','1',99999999.99,0.00,99999999.99,'0.19',320,10,117),
(3203,'2019-04-29','00:00:00','1',52029386.00,0.00,31746366.00,'0.19',450,46,103),
(3204,'2020-10-15','00:00:00','1',99999999.99,0.00,99999999.99,'0.19',346,33,39),
(3206,'2010-03-22','00:00:00','1',91619448.00,0.00,99999999.99,'0.19',263,41,43),
(3207,'2020-12-19','00:00:00','1',99999999.99,0.00,99999999.99,'0.19',423,7,107),
(3208,'2025-02-12','00:00:00','1',99999999.99,0.00,99999999.99,'0.19',296,49,45),
(3211,'2012-11-12','00:00:00','1',44470638.00,0.00,99999999.99,'0.19',427,17,135),
(3212,'2024-01-20','00:00:00','1',99999999.99,0.00,99999999.99,'0.19',58,10,84),
(3214,'2014-04-27','00:00:00','1',99999999.99,0.00,99999999.99,'0.19',247,36,5),
(3215,'2011-11-08','00:00:00','1',99999999.99,0.00,68028959.00,'0.19',307,43,118),
(3217,'2020-01-18','00:00:00','1',99999999.99,0.00,99999999.99,'0.19',85,37,133),
(3218,'2008-02-05','00:00:00','1',99999999.99,0.00,99999999.99,'0.19',25,10,130),
(3219,'2024-04-08','00:00:00','1',99999999.99,0.00,99999999.99,'0.19',102,46,87),
(3220,'2010-03-19','00:00:00','1',99999999.99,0.00,99999999.99,'0.19',268,43,48),
(3221,'2012-10-19','00:00:00','1',99999999.99,0.00,99999999.99,'0.19',427,44,120),
(3222,'2019-04-23','00:00:00','1',99999999.99,0.00,99999999.99,'0.19',361,41,71),
(3223,'2023-11-15','00:00:00','1',99999999.99,0.00,99999999.99,'0.19',171,12,23),
(3224,'2018-08-24','00:00:00','1',99999999.99,0.00,99999999.99,'0.19',298,12,20),
(3225,'2016-03-21','00:00:00','1',99999999.99,0.00,99999999.99,'0.19',121,47,108),
(3227,'2021-03-21','00:00:00','1',44470638.00,0.00,99999999.99,'0.19',407,26,109),
(3228,'2012-02-25','00:00:00','1',54822142.00,0.00,99999999.99,'0.19',20,4,29),
(3229,'2017-11-10','00:00:00','1',99999999.99,0.00,99999999.99,'0.19',45,25,99),
(3230,'2023-02-08','00:00:00','1',99999999.99,0.00,99999999.99,'0.19',430,12,29),
(3231,'2010-05-29','00:00:00','1',99999999.99,0.00,99999999.99,'0.19',187,40,44),
(3233,'2015-12-16','00:00:00','1',99999999.99,0.00,99999999.99,'0.19',202,14,104),
(3234,'2016-07-06','00:00:00','1',52991391.00,0.00,99999999.99,'0.19',158,24,101),
(3236,'2012-10-21','00:00:00','1',99999999.99,0.00,39484818.00,'0.19',167,4,4),
(3237,'2019-07-14','00:00:00','1',54822142.00,0.00,99999999.99,'0.19',151,25,9),
(3239,'2017-02-20','00:00:00','1',99999999.99,0.00,45758274.00,'0.19',56,41,35),
(3240,'2010-07-13','00:00:00','1',81504504.00,0.00,99999999.99,'0.19',168,47,5),
(3243,'2010-10-09','00:00:00','1',99999999.99,0.00,99999999.99,'0.19',104,5,117),
(3247,'2011-01-18','00:00:00','1',88470798.00,0.00,99999999.99,'0.19',89,4,50),
(3249,'2025-02-04','00:00:00','1',99999999.99,0.00,46878480.00,'0.19',318,26,72),
(3250,'2016-02-07','00:00:00','1',99999999.99,0.00,99999999.99,'0.19',454,44,69),
(3251,'2023-10-22','00:00:00','1',99999999.99,0.00,62549899.00,'0.19',110,32,56),
(3253,'2020-06-30','00:00:00','1',99999999.99,0.00,99999999.99,'0.19',215,7,98),
(3256,'2009-11-04','00:00:00','1',99999999.99,0.00,99999999.99,'0.19',434,32,86),
(3257,'2015-05-11','00:00:00','1',99999999.99,0.00,96039192.00,'0.19',487,43,134),
(3259,'2010-08-05','00:00:00','1',99999999.99,0.00,99999999.99,'0.19',50,15,2),
(3260,'2016-08-18','00:00:00','1',99999999.99,0.00,99999999.99,'0.19',122,36,21),
(3261,'2014-05-12','00:00:00','1',99999999.99,0.00,99999999.99,'0.19',409,20,46),
(3262,'2018-04-01','00:00:00','1',99999999.99,0.00,99999999.99,'0.19',219,50,3),
(3265,'2014-12-30','00:00:00','1',99999999.99,0.00,99999999.99,'0.19',163,36,77),
(3267,'2017-12-15','00:00:00','1',99999999.99,0.00,99999999.99,'0.19',9,10,96),
(3269,'2020-06-03','00:00:00','1',99999999.99,0.00,99999999.99,'0.19',318,43,105),
(3270,'2017-02-18','00:00:00','1',99999999.99,0.00,99999999.99,'0.19',137,5,5),
(3271,'2014-07-08','00:00:00','1',99999999.99,0.00,69537606.00,'0.19',488,15,24),
(3272,'2017-08-06','00:00:00','1',99999999.99,0.00,99999999.99,'0.19',434,50,40),
(3273,'2012-03-26','00:00:00','1',99999999.99,0.00,47995959.00,'0.19',77,25,58),
(3274,'2009-07-24','00:00:00','1',99999999.99,0.00,99999999.99,'0.19',357,12,118),
(3275,'2025-12-30','00:00:00','1',99999999.99,0.00,99999999.99,'0.19',443,26,94),
(3276,'2018-09-01','00:00:00','1',81504504.00,0.00,99999999.99,'0.19',330,43,64),
(3277,'2023-03-26','00:00:00','1',99999999.99,0.00,99999999.99,'0.19',411,4,3),
(3278,'2016-03-29','00:00:00','1',22512965.00,0.00,99999999.99,'0.19',56,33,47),
(3280,'2008-04-14','00:00:00','1',99999999.99,0.00,99999999.99,'0.19',487,43,116),
(3281,'2023-02-13','00:00:00','1',99999999.99,0.00,99999999.99,'0.19',395,26,104),
(3282,'2019-01-10','00:00:00','1',99999999.99,0.00,99999999.99,'0.19',406,15,16),
(3283,'2023-01-27','00:00:00','1',99999999.99,0.00,99999999.99,'0.19',45,37,64),
(3284,'2010-05-11','00:00:00','1',99999999.99,0.00,99999999.99,'0.19',19,47,97),
(3286,'2017-10-28','00:00:00','1',99999999.99,0.00,99999999.99,'0.19',182,43,1),
(3287,'2019-09-21','00:00:00','1',99999999.99,0.00,99999999.99,'0.19',91,24,34),
(3288,'2022-10-08','00:00:00','1',99999999.99,0.00,29224414.00,'0.19',234,25,76),
(3289,'2023-03-05','00:00:00','1',99999999.99,0.00,99999999.99,'0.19',197,5,63),
(3291,'2010-09-03','00:00:00','1',99999999.99,0.00,99999999.99,'0.19',271,47,82),
(3294,'2016-12-25','00:00:00','1',99999999.99,0.00,56175489.00,'0.19',357,3,11),
(3295,'2023-08-03','00:00:00','1',99999999.99,0.00,99999999.99,'0.19',303,24,91),
(3297,'2010-04-13','00:00:00','1',99999999.99,0.00,99999999.99,'0.19',243,17,57),
(3298,'2024-08-17','00:00:00','1',99999999.99,0.00,99999999.99,'0.19',288,37,109),
(3299,'2011-10-14','00:00:00','1',91619448.00,0.00,99999999.99,'0.19',31,5,66),
(3300,'2009-06-14','00:00:00','1',52991391.00,0.00,99999999.99,'0.19',310,12,129),
(3301,'2016-02-27','00:00:00','1',99999999.99,0.00,99999999.99,'0.19',376,41,21),
(3302,'2012-06-18','00:00:00','1',66732227.00,0.00,86645693.00,'0.19',428,43,137),
(3303,'2015-08-06','00:00:00','1',99999999.99,0.00,99999999.99,'0.19',68,5,113),
(3304,'2012-06-28','00:00:00','1',99999999.99,0.00,99999999.99,'0.19',388,24,95),
(3305,'2021-05-05','00:00:00','1',54822142.00,0.00,99999999.99,'0.19',245,6,72),
(3307,'2010-10-02','00:00:00','1',99999999.99,0.00,99999999.99,'0.19',140,47,63),
(3309,'2017-07-11','00:00:00','1',99999999.99,0.00,99999999.99,'0.19',67,5,70),
(3310,'2024-04-06','00:00:00','1',99999999.99,0.00,99999999.99,'0.19',121,5,131),
(3311,'2019-03-12','00:00:00','1',99999999.99,0.00,99999999.99,'0.19',433,37,38),
(3312,'2014-03-31','00:00:00','1',99999999.99,0.00,99999999.99,'0.19',264,50,31),
(3313,'2025-02-25','00:00:00','1',44470638.00,0.00,99999999.99,'0.19',270,44,91),
(3319,'2024-12-17','00:00:00','1',99999999.99,0.00,99999999.99,'0.19',84,37,71),
(3320,'2025-09-15','00:00:00','1',99999999.99,0.00,99999999.99,'0.19',456,43,103),
(3321,'2025-12-18','00:00:00','1',44989397.00,0.00,99999999.99,'0.19',71,6,106),
(3322,'2022-06-10','00:00:00','1',99999999.99,0.00,99999999.99,'0.19',479,37,39),
(3323,'2016-12-22','00:00:00','1',99999999.99,0.00,31122869.00,'0.19',170,47,51),
(3324,'2015-12-27','00:00:00','1',99999999.99,0.00,99999999.99,'0.19',286,25,33),
(3325,'2018-09-02','00:00:00','1',99999999.99,0.00,99999999.99,'0.19',415,38,60),
(3326,'2022-12-14','00:00:00','1',78565715.00,0.00,50521150.00,'0.19',468,14,110),
(3327,'2021-07-12','00:00:00','1',99999999.99,0.00,99999999.99,'0.19',415,38,10),
(3329,'2018-11-13','00:00:00','1',99999999.99,0.00,99999999.99,'0.19',220,29,104),
(3330,'2019-06-21','00:00:00','1',81504504.00,0.00,45954739.00,'0.19',214,36,119),
(3331,'2014-04-03','00:00:00','1',99999999.99,0.00,99999999.99,'0.19',30,32,136),
(3333,'2025-03-23','00:00:00','1',61438545.00,0.00,99999999.99,'0.19',167,12,73),
(3334,'2018-03-13','00:00:00','1',22512965.00,0.00,91023183.00,'0.19',443,4,19),
(3337,'2013-08-15','00:00:00','1',99999999.99,0.00,99999999.99,'0.19',260,9,80),
(3339,'2019-02-25','00:00:00','1',99999999.99,0.00,99999999.99,'0.19',406,17,45),
(3343,'2008-08-31','00:00:00','1',99999999.99,0.00,99999999.99,'0.19',227,43,48),
(3345,'2024-07-19','00:00:00','1',99999999.99,0.00,99999999.99,'0.19',153,5,100),
(3346,'2009-03-08','00:00:00','1',99999999.99,0.00,99999999.99,'0.19',442,40,48),
(3348,'2019-03-04','00:00:00','1',99999999.99,0.00,78989325.00,'0.19',71,32,106),
(3349,'2023-03-18','00:00:00','1',99999999.99,0.00,99999999.99,'0.19',253,7,33),
(3350,'2008-08-07','00:00:00','1',99999999.99,0.00,99999999.99,'0.19',362,9,3),
(3351,'2012-01-07','00:00:00','1',99999999.99,0.00,99999999.99,'0.19',173,47,99),
(3352,'2016-07-31','00:00:00','1',99999999.99,0.00,99999999.99,'0.19',262,43,107),
(3353,'2021-07-23','00:00:00','1',99999999.99,0.00,99999999.99,'0.19',173,6,102),
(3354,'2023-03-27','00:00:00','1',99999999.99,0.00,99999999.99,'0.19',380,10,19),
(3355,'2015-05-02','00:00:00','1',68633982.00,0.00,42695434.00,'0.19',458,20,117),
(3356,'2011-06-05','00:00:00','1',99999999.99,0.00,56010092.00,'0.19',343,5,105),
(3358,'2021-12-13','00:00:00','1',99999999.99,0.00,92963040.00,'0.19',278,37,49),
(3360,'2010-02-28','00:00:00','1',99999999.99,0.00,99999999.99,'0.19',174,49,97),
(3361,'2025-01-18','00:00:00','1',99999999.99,0.00,99999999.99,'0.19',376,46,40),
(3363,'2022-10-29','00:00:00','1',91619448.00,0.00,99999999.99,'0.19',217,40,56),
(3364,'2024-11-09','00:00:00','1',99304145.00,0.00,99999999.99,'0.19',494,26,83),
(3367,'2019-01-15','00:00:00','1',99999999.99,0.00,99999999.99,'0.19',444,37,132),
(3370,'2012-07-12','00:00:00','1',19305707.00,0.00,99999999.99,'0.19',365,26,116),
(3371,'2014-08-01','00:00:00','1',99999999.99,0.00,99999999.99,'0.19',431,3,48),
(3372,'2022-11-06','00:00:00','1',99999999.99,0.00,99999999.99,'0.19',315,37,96),
(3373,'2019-03-02','00:00:00','1',99999999.99,0.00,99999999.99,'0.19',148,34,112),
(3375,'2019-04-28','00:00:00','1',99999999.99,0.00,99999999.99,'0.19',258,14,78),
(3376,'2013-11-13','00:00:00','1',99999999.99,0.00,99999999.99,'0.19',66,5,32),
(3379,'2020-02-15','00:00:00','1',99999999.99,0.00,99999999.99,'0.19',315,32,135),
(3381,'2008-05-24','00:00:00','1',92394484.00,0.00,99999999.99,'0.19',61,15,13),
(3382,'2025-02-18','00:00:00','1',92394484.00,0.00,99999999.99,'0.19',496,6,134),
(3384,'2017-08-26','00:00:00','1',99999999.99,0.00,99999999.99,'0.19',416,50,64),
(3385,'2010-09-02','00:00:00','1',99999999.99,0.00,99999999.99,'0.19',355,12,25),
(3386,'2016-08-08','00:00:00','1',99999999.99,0.00,99999999.99,'0.19',220,9,84),
(3387,'2018-02-04','00:00:00','1',99999999.99,0.00,99999999.99,'0.19',171,29,52),
(3389,'2016-06-09','00:00:00','1',61684778.00,0.00,99999999.99,'0.19',70,25,49),
(3390,'2017-12-04','00:00:00','1',99999999.99,0.00,99999999.99,'0.19',478,44,22),
(3391,'2018-04-23','00:00:00','1',61438545.00,0.00,99999999.99,'0.19',436,49,40),
(3395,'2020-06-26','00:00:00','1',68633982.00,0.00,39551054.00,'0.19',22,45,8),
(3396,'2022-10-15','00:00:00','1',99999999.99,0.00,99999999.99,'0.19',80,37,2),
(3397,'2025-06-24','00:00:00','1',99999999.99,0.00,59415488.00,'0.19',411,34,18),
(3399,'2023-11-02','00:00:00','1',99999999.99,0.00,99999999.99,'0.19',191,40,77),
(3403,'2011-01-06','00:00:00','1',99999999.99,0.00,99999999.99,'0.19',332,27,38),
(3406,'2016-09-22','00:00:00','1',99999999.99,0.00,99999999.99,'0.19',38,41,59),
(3407,'2018-12-07','00:00:00','1',99999999.99,0.00,99999999.99,'0.19',491,14,9),
(3408,'2025-02-18','00:00:00','1',99999999.99,0.00,99999999.99,'0.19',122,41,73),
(3409,'2010-06-15','00:00:00','1',99999999.99,0.00,32818249.00,'0.19',68,44,19),
(3410,'2020-10-04','00:00:00','1',22512965.00,0.00,99999999.99,'0.19',330,37,56),
(3411,'2023-02-20','00:00:00','1',99999999.99,0.00,99999999.99,'0.19',450,45,77),
(3412,'2019-01-01','00:00:00','1',99999999.99,0.00,99999999.99,'0.19',423,45,31),
(3413,'2022-10-21','00:00:00','1',99999999.99,0.00,99999999.99,'0.19',453,20,5),
(3417,'2020-10-31','00:00:00','1',99999999.99,0.00,99999999.99,'0.19',167,6,83),
(3418,'2018-07-15','00:00:00','1',99999999.99,0.00,99999999.99,'0.19',445,41,39),
(3419,'2018-09-03','00:00:00','1',44989397.00,0.00,99999999.99,'0.19',163,50,121),
(3420,'2020-08-10','00:00:00','1',68633982.00,0.00,99011382.00,'0.19',36,25,34),
(3422,'2019-05-13','00:00:00','1',99999999.99,0.00,99999999.99,'0.19',3,20,112),
(3425,'2013-11-27','00:00:00','1',99999999.99,0.00,99999999.99,'0.19',247,33,77),
(3426,'2019-02-04','00:00:00','1',99999999.99,0.00,99999999.99,'0.19',18,44,41),
(3427,'2021-04-03','00:00:00','1',99999999.99,0.00,95078775.00,'0.19',268,47,35),
(3428,'2016-06-21','00:00:00','1',99999999.99,0.00,99999999.99,'0.19',105,38,76),
(3429,'2021-11-01','00:00:00','1',99999999.99,0.00,99999999.99,'0.19',325,41,3),
(3431,'2015-11-29','00:00:00','1',99999999.99,0.00,99999999.99,'0.19',218,12,39),
(3432,'2025-03-10','00:00:00','1',63800302.00,0.00,99999999.99,'0.19',285,15,15),
(3434,'2015-03-10','00:00:00','1',99999999.99,0.00,28792893.00,'0.19',94,10,47),
(3435,'2009-05-18','00:00:00','1',99999999.99,0.00,99999999.99,'0.19',350,3,60),
(3438,'2009-01-04','00:00:00','1',99999999.99,0.00,99999999.99,'0.19',156,38,8),
(3439,'2010-11-16','00:00:00','1',99999999.99,0.00,99999999.99,'0.19',146,5,125),
(3442,'2024-08-22','00:00:00','1',99999999.99,0.00,99999999.99,'0.19',269,50,27),
(3444,'2008-08-08','00:00:00','1',99999999.99,0.00,99999999.99,'0.19',197,32,103),
(3445,'2025-02-28','00:00:00','1',88470798.00,0.00,99999999.99,'0.19',198,25,33),
(3448,'2016-07-14','00:00:00','1',99999999.99,0.00,99999999.99,'0.19',367,37,103),
(3449,'2010-03-08','00:00:00','1',99999999.99,0.00,47566310.00,'0.19',252,41,137),
(3454,'2015-11-17','00:00:00','1',92394484.00,0.00,99999999.99,'0.19',354,46,94),
(3455,'2009-04-07','00:00:00','1',99999999.99,0.00,99999999.99,'0.19',480,4,63),
(3457,'2013-06-23','00:00:00','1',99999999.99,0.00,99999999.99,'0.19',217,9,115),
(3458,'2013-07-21','00:00:00','1',99999999.99,0.00,99999999.99,'0.19',230,27,105),
(3459,'2013-04-06','00:00:00','1',99999999.99,0.00,99999999.99,'0.19',461,36,105),
(3461,'2014-12-31','00:00:00','1',99999999.99,0.00,99999999.99,'0.19',404,26,135),
(3462,'2021-04-16','00:00:00','1',99999999.99,0.00,99999999.99,'0.19',226,20,111),
(3463,'2009-11-26','00:00:00','1',99999999.99,0.00,99999999.99,'0.19',369,20,86),
(3465,'2009-06-20','00:00:00','1',99999999.99,0.00,99999999.99,'0.19',150,43,40),
(3466,'2014-11-02','00:00:00','1',99999999.99,0.00,99999999.99,'0.19',330,49,75),
(3468,'2015-07-28','00:00:00','1',30861158.00,0.00,99999999.99,'0.19',77,32,80),
(3469,'2011-10-22','00:00:00','1',99999999.99,0.00,99999999.99,'0.19',383,26,64),
(3470,'2008-06-10','00:00:00','1',99999999.99,0.00,99999999.99,'0.19',4,20,79),
(3471,'2020-01-28','00:00:00','1',99999999.99,0.00,99999999.99,'0.19',67,37,126),
(3472,'2015-04-25','00:00:00','1',99999999.99,0.00,41756379.00,'0.19',188,29,66),
(3473,'2008-11-02','00:00:00','1',99999999.99,0.00,99999999.99,'0.19',434,38,31),
(3474,'2018-05-03','00:00:00','1',99999999.99,0.00,99999999.99,'0.19',264,29,42),
(3475,'2022-10-02','00:00:00','1',99999999.99,0.00,99999999.99,'0.19',379,20,82),
(3476,'2017-06-22','00:00:00','1',99999999.99,0.00,56376040.00,'0.19',361,6,58),
(3477,'2020-09-27','00:00:00','1',99999999.99,0.00,99999999.99,'0.19',86,27,19),
(3479,'2017-06-12','00:00:00','1',61684778.00,0.00,99999999.99,'0.19',189,25,124),
(3482,'2023-08-11','00:00:00','1',99999999.99,0.00,99999999.99,'0.19',487,45,25),
(3483,'2018-07-14','00:00:00','1',99999999.99,0.00,25935741.00,'0.19',491,3,4),
(3484,'2021-03-09','00:00:00','1',99999999.99,0.00,74386490.00,'0.19',36,17,14),
(3486,'2015-02-05','00:00:00','1',99999999.99,0.00,99999999.99,'0.19',112,3,126),
(3488,'2020-10-16','00:00:00','1',99999999.99,0.00,99999999.99,'0.19',417,27,51),
(3492,'2010-03-11','00:00:00','1',99999999.99,0.00,99999999.99,'0.19',414,45,90),
(3493,'2018-12-14','00:00:00','1',63800302.00,0.00,99999999.99,'0.19',418,15,16),
(3496,'2023-02-21','00:00:00','1',99999999.99,0.00,99999999.99,'0.19',69,3,23),
(3497,'2012-08-13','00:00:00','1',79588311.00,0.00,32959983.00,'0.19',98,38,46),
(3499,'2019-02-21','00:00:00','1',99999999.99,0.00,99999999.99,'0.19',33,25,38);
/*!40000 ALTER TABLE `FACTURA` ENABLE KEYS */;
UNLOCK TABLES;
commit;

--
-- Table structure for table `VENDEDOR`
--

DROP TABLE IF EXISTS `VENDEDOR`;
/*!40101 SET @saved_cs_client     = @@character_set_client */;
/*!40101 SET character_set_client = utf8mb4 */;
CREATE TABLE `VENDEDOR` (
  `id_vendedor` int(11) NOT NULL AUTO_INCREMENT,
  `nombre` varchar(100) NOT NULL,
  `telefono` varchar(20) DEFAULT NULL,
  `correo` varchar(100) DEFAULT NULL,
  `id_concesionario` int(11) NOT NULL,
  PRIMARY KEY (`id_vendedor`),
  UNIQUE KEY `correo` (`correo`),
  KEY `fk_vendedor_concesionario` (`id_concesionario`),
  CONSTRAINT `fk_vendedor_concesionario` FOREIGN KEY (`id_concesionario`) REFERENCES `CONCESIONARIO` (`id_concesionario`) ON DELETE CASCADE ON UPDATE CASCADE
) ENGINE=InnoDB AUTO_INCREMENT=53 DEFAULT CHARSET=utf8mb4 COLLATE=utf8mb4_uca1400_ai_ci;
/*!40101 SET character_set_client = @saved_cs_client */;

--
-- Dumping data for table `VENDEDOR`
--

LOCK TABLES `VENDEDOR` WRITE;
/*!40000 ALTER TABLE `VENDEDOR` DISABLE KEYS */;
set autocommit=0;
INSERT INTO `VENDEDOR` VALUES
(3,'Vendedor_3','3126855092','vendedor_3@concesionarioKONRUEDAS.com',7),
(4,'Vendedor_4','3896233790','vendedor_4@concesionarioKONRUEDAS.com',8),
(5,'Vendedor_5','3395310485','vendedor_5@concesionarioKONRUEDAS.com',7),
(6,'Vendedor_6','3362950628','vendedor_6@concesionarioKONRUEDAS.com',5),
(7,'Vendedor_7','3339670711','vendedor_7@concesionarioKONRUEDAS.com',2),
(9,'Vendedor_9','3890779946','vendedor_9@concesionarioKONRUEDAS.com',2),
(10,'Vendedor_10','3210053353','vendedor_10@concesionarioKONRUEDAS.com',4),
(12,'Vendedor_12','3895285932','vendedor_12@concesionarioKONRUEDAS.com',7),
(14,'Vendedor_14','3193349856','vendedor_14@concesionarioKONRUEDAS.com',3),
(15,'Vendedor_15','3734036506','vendedor_15@concesionarioKONRUEDAS.com',6),
(17,'Vendedor_17','3134126396','vendedor_17@concesionarioKONRUEDAS.com',6),
(20,'Vendedor_20','3334760738','vendedor_20@concesionarioKONRUEDAS.com',6),
(24,'Vendedor_24','3128492780','vendedor_24@concesionarioKONRUEDAS.com',1),
(25,'Vendedor_25','3702632297','vendedor_25@concesionarioKONRUEDAS.com',6),
(26,'Vendedor_26','3313500298','vendedor_26@concesionarioKONRUEDAS.com',3),
(27,'Vendedor_27','3868820204','vendedor_27@concesionarioKONRUEDAS.com',5),
(29,'Vendedor_29','3853041955','vendedor_29@concesionarioKONRUEDAS.com',3),
(32,'Vendedor_32','3336696312','vendedor_32@concesionarioKONRUEDAS.com',8),
(33,'Vendedor_33','3582334538','vendedor_33@concesionarioKONRUEDAS.com',2),
(34,'Vendedor_34','3732719211','vendedor_34@concesionarioKONRUEDAS.com',1),
(36,'Vendedor_36','3969119330','vendedor_36@concesionarioKONRUEDAS.com',1),
(37,'Vendedor_37','3106977991','vendedor_37@concesionarioKONRUEDAS.com',3),
(38,'Vendedor_38','3914763202','vendedor_38@concesionarioKONRUEDAS.com',8),
(40,'Vendedor_40','3271432881','vendedor_40@concesionarioKONRUEDAS.com',2),
(41,'Vendedor_41','3849621470','vendedor_41@concesionarioKONRUEDAS.com',8),
(43,'Vendedor_43','3465341213','vendedor_43@concesionarioKONRUEDAS.com',5),
(44,'Vendedor_44','3398362082','vendedor_44@concesionarioKONRUEDAS.com',4),
(45,'Vendedor_45','3266944844','vendedor_45@concesionarioKONRUEDAS.com',1),
(46,'Vendedor_46','3331191390','vendedor_46@concesionarioKONRUEDAS.com',2),
(47,'Vendedor_47','3919795579','vendedor_47@concesionarioKONRUEDAS.com',6),
(49,'Vendedor_49','3209747451','vendedor_49@concesionarioKONRUEDAS.com',2),
(50,'Test_Modificado','3199585092','vendedor_50@concesionarioKONRUEDAS.com',5),
(52,'Test','3001234567','test@test.com',1);
/*!40000 ALTER TABLE `VENDEDOR` ENABLE KEYS */;
UNLOCK TABLES;
commit;
/*!40103 SET TIME_ZONE=@OLD_TIME_ZONE */;

/*!40101 SET SQL_MODE=@OLD_SQL_MODE */;
/*!40014 SET FOREIGN_KEY_CHECKS=@OLD_FOREIGN_KEY_CHECKS */;
/*!40014 SET UNIQUE_CHECKS=@OLD_UNIQUE_CHECKS */;
/*!40101 SET CHARACTER_SET_CLIENT=@OLD_CHARACTER_SET_CLIENT */;
/*!40101 SET CHARACTER_SET_RESULTS=@OLD_CHARACTER_SET_RESULTS */;
/*!40101 SET COLLATION_CONNECTION=@OLD_COLLATION_CONNECTION */;
/*M!100616 SET NOTE_VERBOSITY=@OLD_NOTE_VERBOSITY */;

-- Dump completed on 2025-11-20 22:31:15
