id_cliente,nombre,fecha_de_nacimiento,cedula,telefono,direccion,correo,historial_crediticio,capacidad_endeudamiento
1,Cliente_1,2004-02-01,46632757,3576396216,Calle 97 #33-8,cliente1@email.com,Excelente,83301517
2,Cliente_2,1978-09-05,68496914,3278632824,Calle 45 #28-8,cliente2@email.com,Bueno,114758808
3,Cliente_3,2002-03-17,75181765,3845178074,Calle 37 #44-44,cliente3@email.com,Bueno,216128458
4,Cliente_4,2000-11-09,13895645,3421549249,Calle 76 #32-34,cliente4@email.com,Regular,281354969
5,Cliente_5,1993-09-24,62191530,3131081879,Calle 86 #20-3,cliente5@email.com,Bueno,275734915
6,Cliente_6,1973-11-24,55114543,3149382425,Calle 29 #26-39,cliente6@email.com,Excelente,229652331
7,Cliente_7,2011-03-21,99774697,3448294647,Calle 8 #1-14,cliente7@email.com,Bueno,273993323
8,Cliente_8,2018-02-09,64266464,3954852540,Calle 39 #14-50,cliente8@email.com,Bueno,233139888
9,Cliente_9,1981-03-14,32151928,3160257560,Calle 18 #49-17,cliente9@email.com,Excelente,248291091
10,Cliente_10,2003-12-17,72732043,3415001254,Calle 38 #21-8,cliente10@email.com,Bueno,272368555
11,Cliente_11,1977-01-26,27129912,3484897084,Calle 1 #32-48,cliente11@email.com,Bueno,99793533
12,Cliente_12,1996-04-20,93517915,3502482554,Calle 56 #12-9,cliente12@email.com,Bueno,54383454
13,Cliente_13,2002-06-12,81688860,3562446417,Calle 49 #35-46,cliente13@email.com,Excelente,26568214
14,Cliente_14,1987-04-02,13619375,3256304376,Calle 30 #33-36,cliente14@email.com,Regular,128395879
15,Cliente_15,1976-03-29,62884503,3362204999,Calle 86 #23-5,cliente15@email.com,Regular,166814576
16,Cliente_16,1974-02-10,89442503,3670335494,Calle 51 #48-3,cliente16@email.com,Bueno,27553041
17,Cliente_17,1990-06-12,85751409,3542437192,Calle 56 #2-30,cliente17@email.com,Excelente,157560537
18,Cliente_18,1995-12-18,98986321,3707660630,Calle 10 #21-37,cliente18@email.com,Excelente,130711891
19,Cliente_19,1977-02-27,13637575,3832077572,Calle 55 #37-26,cliente19@email.com,Excelente,298626429
20,Cliente_20,1990-11-20,21267237,3950961305,Calle 91 #41-27,cliente20@email.com,Excelente,164978692
21,Cliente_21,1979-01-23,96268397,3293334613,Calle 38 #8-26,cliente21@email.com,Regular,100306504
22,Cliente_22,2004-02-07,67527432,3282518553,Calle 3 #21-11,cliente22@email.com,Excelente,255522551
23,Cliente_23,1994-12-09,28213276,3287979290,Calle 80 #30-45,cliente23@email.com,Regular,275919326
24,Cliente_24,2010-09-05,71968116,3184791618,Calle 47 #6-28,cliente24@email.com,Bueno,284236873
25,Cliente_25,2002-09-24,34391257,3754436820,Calle 14 #16-28,cliente25@email.com,Bueno,70779691
26,Cliente_26,1984-08-04,16749089,3510753814,Calle 76 #26-34,cliente26@email.com,Excelente,71314228
27,Cliente_27,2003-03-19,44917589,3765408938,Calle 11 #26-20,cliente27@email.com,Excelente,153821761
28,Cliente_28,2001-11-15,60882459,3833510170,Calle 96 #22-15,cliente28@email.com,Regular,206957414
29,Cliente_29,1988-10-18,53936531,3358589021,Calle 43 #50-11,cliente29@email.com,Bueno,32339479
30,Cliente_30,1993-12-14,38408562,3634366139,Calle 10 #33-41,cliente30@email.com,Bueno,246956878
31,Cliente_31,1976-05-28,71028710,3726160204,Calle 15 #34-33,cliente31@email.com,Excelente,127328806
32,Cliente_32,1985-05-09,53868501,3253671484,Calle 25 #50-23,cliente32@email.com,Excelente,238253186
33,Cliente_33,2017-12-02,55298556,3349310440,Calle 45 #47-42,cliente33@email.com,Regular,64984407
34,Cliente_34,1991-12-18,60885459,3595155950,Calle 19 #16-7,cliente34@email.com,Excelente,142892529
35,Cliente_35,1984-08-29,47346970,3784944881,Calle 19 #17-13,cliente35@email.com,Regular,169831265
36,Cliente_36,2011-06-22,66581473,3372706093,Calle 23 #39-10,cliente36@email.com,Bueno,27303563
37,Cliente_37,2004-01-16,43859311,3593460064,Calle 98 #49-42,cliente37@email.com,Excelente,251448214
38,Cliente_38,1994-03-21,20993268,3374154962,Calle 10 #12-50,cliente38@email.com,Excelente,151097849
39,Cliente_39,1989-09-14,73123515,3816014770,Calle 81 #32-30,cliente39@email.com,Excelente,197140837
40,Cliente_40,1999-02-04,12601580,3110090412,Calle 97 #37-49,cliente40@email.com,Regular,56698644
41,Cliente_41,1975-01-07,82399599,3963968184,Calle 75 #29-44,cliente41@email.com,Bueno,245723857
42,Cliente_42,1990-07-20,16990811,3599561877,Calle 73 #42-41,cliente42@email.com,Bueno,73021142
43,Cliente_43,1972-11-17,56970882,3408842146,Calle 80 #21-41,cliente43@email.com,Bueno,137209446
44,Cliente_44,1998-04-20,40094589,3827579147,Calle 41 #10-29,cliente44@email.com,Excelente,122677482
45,Cliente_45,2005-12-28,97260863,3686905284,Calle 9 #31-29,cliente45@email.com,Bueno,198243498
46,Cliente_46,1994-01-08,19209801,3269625036,Calle 81 #20-18,cliente46@email.com,Bueno,239870442
47,Cliente_47,1975-12-09,97477029,3179308612,Calle 76 #4-23,cliente47@email.com,Bueno,99110703
48,Cliente_48,1988-12-05,15403355,3574303740,Calle 65 #5-20,cliente48@email.com,Excelente,84751201
49,Cliente_49,1998-03-26,14164775,3471048258,Calle 60 #29-3,cliente49@email.com,Excelente,120928083
50,Cliente_50,1989-01-28,43189803,3730900313,Calle 8 #24-19,cliente50@email.com,Regular,121101526
51,Cliente_51,2014-10-15,36757737,3421214426,Calle 10 #42-6,cliente51@email.com,Regular,41867494
52,Cliente_52,2005-06-30,12735359,3786055206,Calle 79 #39-33,cliente52@email.com,Regular,198342625
53,Cliente_53,2011-03-02,93394260,3555598254,Calle 50 #30-38,cliente53@email.com,Regular,295766076
54,Cliente_54,1982-10-26,30452412,3841218491,Calle 71 #48-3,cliente54@email.com,Bueno,160906371
55,Cliente_55,1993-10-06,42016960,3368540924,Calle 58 #37-42,cliente55@email.com,Regular,299249162
56,Cliente_56,1982-07-12,26941092,3590523712,Calle 25 #21-39,cliente56@email.com,Regular,100396909
57,Cliente_57,1992-02-16,73560289,3424400672,Calle 61 #33-10,cliente57@email.com,Regular,183760208
58,Cliente_58,2018-05-10,99853245,3313907621,Calle 8 #29-7,cliente58@email.com,Excelente,167107057
59,Cliente_59,1993-07-28,25353091,3513061224,Calle 44 #46-6,cliente59@email.com,Bueno,165334600
60,Cliente_60,2008-06-08,85694715,3618840705,Calle 65 #42-12,cliente60@email.com,Excelente,153528713
61,Cliente_61,2005-10-31,39254705,3214518079,Calle 6 #16-46,cliente61@email.com,Bueno,286174443
62,Cliente_62,2002-06-23,72415804,3354697684,Calle 57 #29-34,cliente62@email.com,Regular,61123621
63,Cliente_63,1989-09-04,44392446,3509486794,Calle 67 #40-11,cliente63@email.com,Excelente,82793738
64,Cliente_64,1982-05-30,59512272,3714097318,Calle 47 #24-19,cliente64@email.com,Bueno,230974037
65,Cliente_65,2015-09-18,32520277,3485429460,Calle 50 #27-50,cliente65@email.com,Excelente,41828866
66,Cliente_66,2014-04-11,91321540,3717199615,Calle 44 #44-39,cliente66@email.com,Excelente,158886938
67,Cliente_67,1978-02-26,91503378,3417690559,Calle 7 #41-42,cliente67@email.com,Bueno,78122564
68,Cliente_68,1974-03-24,25372341,3850845198,Calle 43 #5-22,cliente68@email.com,Bueno,81237861
69,Cliente_69,1979-11-02,31980274,3417001612,Calle 13 #36-44,cliente69@email.com,Regular,144044449
70,Cliente_70,1983-09-18,51746937,3123557463,Calle 50 #19-17,cliente70@email.com,Regular,88513851
71,Cliente_71,1984-05-09,24508768,3991246046,Calle 93 #43-39,cliente71@email.com,Regular,182924354
72,Cliente_72,2007-11-16,87669750,3806768884,Calle 20 #22-6,cliente72@email.com,Excelente,142904937
73,Cliente_73,1975-09-13,13446499,3524993183,Calle 75 #43-10,cliente73@email.com,Regular,220829608
74,Cliente_74,2004-07-09,51870192,3394721069,Calle 45 #20-42,cliente74@email.com,Bueno,272776155
75,Cliente_75,2004-03-27,87282128,3108695125,Calle 90 #43-26,cliente75@email.com,Excelente,86327815
76,Cliente_76,2011-12-29,60372847,3707661655,Calle 17 #39-46,cliente76@email.com,Bueno,154266420
77,Cliente_77,2017-06-21,63238057,3836371599,Calle 11 #20-36,cliente77@email.com,Excelente,232385402
78,Cliente_78,1992-07-22,36619372,3935705734,Calle 49 #42-22,cliente78@email.com,Bueno,211419110
79,Cliente_79,1971-01-12,20200074,3899582079,Calle 17 #43-45,cliente79@email.com,Bueno,252661210
80,Cliente_80,1980-04-11,89470029,3152660856,Calle 95 #44-34,cliente80@email.com,Regular,50542490
81,Cliente_81,2018-03-05,94187049,3751124015,Calle 12 #42-43,cliente81@email.com,Regular,59979883
82,Cliente_82,1993-12-09,42594692,3900122509,Calle 55 #33-24,cliente82@email.com,Excelente,226278862
83,Cliente_83,2000-07-08,23676961,3633356861,Calle 3 #24-20,cliente83@email.com,Regular,286817874
84,Cliente_84,1980-01-04,50477742,3994253959,Calle 24 #14-22,cliente84@email.com,Excelente,159371279
85,Cliente_85,1996-05-01,90585882,3407298630,Calle 99 #32-13,cliente85@email.com,Bueno,208143577
86,Cliente_86,2009-01-02,26247735,3932945529,Calle 29 #9-10,cliente86@email.com,Excelente,254112864
87,Cliente_87,1984-03-10,85958181,3957769526,Calle 10 #19-7,cliente87@email.com,Bueno,272016886
88,Cliente_88,2010-09-15,15512205,3347087743,Calle 65 #50-35,cliente88@email.com,Bueno,185712092
89,Cliente_89,1970-04-17,56600900,3751831074,Calle 95 #34-3,cliente89@email.com,Bueno,11327724
90,Cliente_90,1993-08-18,81503856,3961067882,Calle 85 #22-50,cliente90@email.com,Excelente,60005047
91,Cliente_91,2014-11-29,67495923,3478301747,Calle 80 #9-39,cliente91@email.com,Excelente,256128069
92,Cliente_92,1986-01-11,98787891,3335154329,Calle 49 #10-11,cliente92@email.com,Regular,202319363
93,Cliente_93,2015-07-19,59737181,3783563240,Calle 24 #45-50,cliente93@email.com,Regular,44000401
94,Cliente_94,1979-07-19,19255216,3304152670,Calle 80 #11-47,cliente94@email.com,Bueno,296916951
95,Cliente_95,1996-10-10,77908907,3766676815,Calle 57 #3-27,cliente95@email.com,Bueno,223522082
96,Cliente_96,2015-07-19,96911784,3369108475,Calle 47 #44-47,cliente96@email.com,Excelente,126946553
97,Cliente_97,1987-11-05,55799273,3827744047,Calle 31 #29-40,cliente97@email.com,Regular,240662883
98,Cliente_98,1983-09-18,11698142,3911294971,Calle 37 #49-48,cliente98@email.com,Excelente,123736889
99,Cliente_99,2003-07-19,66379329,3874090950,Calle 58 #15-35,cliente99@email.com,Excelente,275598064
100,Cliente_100,1984-06-29,75793759,3924065468,Calle 31 #20-31,cliente100@email.com,Excelente,154169616
101,Cliente_101,2018-05-23,24165187,3807790785,Calle 25 #24-44,cliente101@email.com,Bueno,183336904
102,Cliente_102,2017-07-31,68186525,3831062591,Calle 74 #29-30,cliente102@email.com,Bueno,162252875
103,Cliente_103,1970-01-19,58612055,3246865585,Calle 99 #19-50,cliente103@email.com,Regular,191330918
104,Cliente_104,1999-01-30,95306788,3774576271,Calle 49 #33-34,cliente104@email.com,Bueno,80112252
105,Cliente_105,2013-11-01,71705170,3204328975,Calle 54 #11-13,cliente105@email.com,Bueno,270563803
106,Cliente_106,1971-10-01,30534124,3773728014,Calle 78 #9-17,cliente106@email.com,Excelente,194543803
107,Cliente_107,1980-01-14,68450095,3794002948,Calle 7 #42-31,cliente107@email.com,Bueno,35989524
108,Cliente_108,2002-07-26,33640702,3142329671,Calle 48 #36-7,cliente108@email.com,Excelente,34665422
109,Cliente_109,1997-08-03,80027662,3431714152,Calle 92 #34-8,cliente109@email.com,Regular,63458780
110,Cliente_110,1991-06-26,97302916,3946764061,Calle 37 #6-49,cliente110@email.com,Bueno,256736080
111,Cliente_111,1975-03-14,46249845,3573330302,Calle 21 #18-29,cliente111@email.com,Regular,18740985
112,Cliente_112,1991-08-11,92666356,3135824891,Calle 66 #10-28,cliente112@email.com,Bueno,76699324
113,Cliente_113,1977-01-24,82232344,3722312633,Calle 12 #15-29,cliente113@email.com,Excelente,94816755
114,Cliente_114,1977-09-07,74893936,3491766764,Calle 45 #2-27,cliente114@email.com,Bueno,246913591
115,Cliente_115,2013-08-07,72394301,3886365312,Calle 7 #26-33,cliente115@email.com,Excelente,255091310
116,Cliente_116,1976-03-17,68461818,3241102355,Calle 48 #16-25,cliente116@email.com,Regular,10362884
117,Cliente_117,2017-10-16,89520597,3196779973,Calle 11 #24-15,cliente117@email.com,Excelente,239673001
118,Cliente_118,1981-04-13,46023439,3416872439,Calle 4 #21-7,cliente118@email.com,Excelente,118618757
119,Cliente_119,1981-07-09,53258988,3450811990,Calle 92 #42-22,cliente119@email.com,Regular,80820296
120,Cliente_120,2012-08-22,42949803,3902601465,Calle 19 #9-3,cliente120@email.com,Regular,172062810
121,Cliente_121,1984-10-24,21631697,3546143048,Calle 37 #31-45,cliente121@email.com,Excelente,95350372
122,Cliente_122,1993-10-12,47437115,3288592093,Calle 18 #49-46,cliente122@email.com,Bueno,157113079
123,Cliente_123,2017-05-04,70505620,3315601773,Calle 61 #29-40,cliente123@email.com,Excelente,60111522
124,Cliente_124,2007-12-18,42730796,3241905500,Calle 1 #6-2,cliente124@email.com,Excelente,203507273
125,Cliente_125,1989-01-01,72372114,3944511703,Calle 33 #14-10,cliente125@email.com,Bueno,144426720
126,Cliente_126,2018-05-20,86483924,3679184667,Calle 71 #47-39,cliente126@email.com,Excelente,54249185
127,Cliente_127,1988-01-18,91917334,3492836532,Calle 68 #28-8,cliente127@email.com,Excelente,209632103
128,Cliente_128,1997-12-19,99682738,3669998399,Calle 100 #19-16,cliente128@email.com,Regular,98865603
129,Cliente_129,2005-10-18,60867083,3638798023,Calle 39 #8-4,cliente129@email.com,Bueno,37803080
130,Cliente_130,2003-07-03,55150390,3392624015,Calle 31 #27-41,cliente130@email.com,Bueno,222784258
131,Cliente_131,2009-04-21,13852048,3991713190,Calle 80 #30-5,cliente131@email.com,Regular,174019024
132,Cliente_132,2016-06-07,76344695,3276678230,Calle 15 #32-39,cliente132@email.com,Bueno,135705016
133,Cliente_133,2010-07-04,53622663,3375919523,Calle 69 #2-41,cliente133@email.com,Bueno,240441605
134,Cliente_134,1980-11-09,34406132,3985503942,Calle 66 #37-16,cliente134@email.com,Regular,58962191
135,Cliente_135,1992-03-29,75437844,3617380166,Calle 92 #10-19,cliente135@email.com,Excelente,61101349
136,Cliente_136,1990-02-27,38470244,3965960427,Calle 55 #1-40,cliente136@email.com,Excelente,10583207
137,Cliente_137,1975-09-30,57623800,3416905717,Calle 46 #16-37,cliente137@email.com,Excelente,124579621
138,Cliente_138,2000-05-01,44675473,3901611993,Calle 54 #12-43,cliente138@email.com,Regular,265983655
139,Cliente_139,1971-11-21,55679506,3463692735,Calle 86 #6-34,cliente139@email.com,Regular,51843035
140,Cliente_140,1990-08-24,47535126,3963538119,Calle 47 #5-34,cliente140@email.com,Bueno,81242656
141,Cliente_141,1989-10-04,90014570,3223662532,Calle 70 #33-33,cliente141@email.com,Excelente,131435294
142,Cliente_142,1970-08-24,47080140,3602866993,Calle 71 #2-25,cliente142@email.com,Regular,288874510
143,Cliente_143,1976-05-15,84597009,3180852074,Calle 61 #3-41,cliente143@email.com,Regular,248943461
144,Cliente_144,1975-04-14,11362459,3251136695,Calle 50 #24-17,cliente144@email.com,Regular,14985892
145,Cliente_145,1990-07-16,79340535,3909763993,Calle 96 #2-23,cliente145@email.com,Bueno,14328558
146,Cliente_146,1976-01-18,35643159,3342251928,Calle 9 #23-16,cliente146@email.com,Regular,194454966
147,Cliente_147,1972-10-26,21490777,3826197069,Calle 94 #43-41,cliente147@email.com,Excelente,74743295
148,Cliente_148,1999-08-24,42394260,3877621770,Calle 14 #50-38,cliente148@email.com,Regular,236728064
149,Cliente_149,1976-05-10,64549859,3824138175,Calle 95 #49-22,cliente149@email.com,Regular,80960993
150,Cliente_150,2016-02-16,75575808,3526717340,Calle 18 #3-23,cliente150@email.com,Bueno,266463365
151,Cliente_151,1991-05-09,84514489,3963919401,Calle 70 #22-42,cliente151@email.com,Excelente,48025659
152,Cliente_152,1994-12-26,42255732,3698409868,Calle 23 #50-44,cliente152@email.com,Excelente,132914913
153,Cliente_153,2013-07-20,73900135,3492747974,Calle 60 #45-31,cliente153@email.com,Excelente,215659102
154,Cliente_154,1989-03-22,96691619,3196961971,Calle 81 #12-9,cliente154@email.com,Regular,57959257
155,Cliente_155,2018-05-18,75876924,3948988297,Calle 9 #46-50,cliente155@email.com,Bueno,64990170
156,Cliente_156,1981-11-14,70152969,3523671208,Calle 59 #3-19,cliente156@email.com,Excelente,65405903
157,Cliente_157,2012-05-28,12314351,3114945047,Calle 26 #3-13,cliente157@email.com,Regular,178229293
158,Cliente_158,1991-10-20,22489409,3383960237,Calle 6 #21-20,cliente158@email.com,Bueno,207333176
159,Cliente_159,2012-06-07,49491631,3676140134,Calle 66 #26-35,cliente159@email.com,Excelente,170661483
160,Cliente_160,2006-07-09,39742165,3232702394,Calle 61 #17-3,cliente160@email.com,Bueno,83620728
161,Cliente_161,1987-01-31,64277800,3588322781,Calle 97 #42-13,cliente161@email.com,Bueno,215471799
162,Cliente_162,1978-06-18,42655866,3495765839,Calle 37 #23-50,cliente162@email.com,Regular,81482336
163,Cliente_163,1978-09-12,51098277,3822443971,Calle 7 #42-22,cliente163@email.com,Bueno,86693656
164,Cliente_164,2008-09-02,99115205,3904245086,Calle 35 #8-24,cliente164@email.com,Regular,46728201
165,Cliente_165,2001-10-14,88055069,3821920438,Calle 56 #26-48,cliente165@email.com,Excelente,294814463
166,Cliente_166,2008-01-01,59529086,3381493671,Calle 57 #25-22,cliente166@email.com,Excelente,14549840
167,Cliente_167,2006-11-18,73519947,3727666622,Calle 24 #32-45,cliente167@email.com,Bueno,98109402
168,Cliente_168,2011-11-25,84285882,3509123009,Calle 64 #24-34,cliente168@email.com,Excelente,246276577
169,Cliente_169,1974-11-11,81259135,3983063850,Calle 35 #6-47,cliente169@email.com,Regular,198542471
170,Cliente_170,1978-10-30,56138336,3785637052,Calle 55 #6-28,cliente170@email.com,Regular,124383272
171,Cliente_171,1975-06-10,67110154,3498866784,Calle 78 #12-35,cliente171@email.com,Regular,91268367
172,Cliente_172,2006-02-14,83871890,3216335741,Calle 38 #21-7,cliente172@email.com,Bueno,231035066
173,Cliente_173,2000-06-10,54398056,3824600232,Calle 11 #21-43,cliente173@email.com,Bueno,247503028
174,Cliente_174,1979-10-21,57219209,3351064359,Calle 38 #20-29,cliente174@email.com,Bueno,126632351
175,Cliente_175,1992-04-22,70900658,3606244434,Calle 78 #46-28,cliente175@email.com,Regular,56540280
176,Cliente_176,1987-03-11,46361787,3126870011,Calle 22 #45-29,cliente176@email.com,Regular,63936799
177,Cliente_177,1987-01-24,51154241,3765233376,Calle 45 #29-3,cliente177@email.com,Regular,85168980
178,Cliente_178,2018-02-11,43742830,3702806585,Calle 94 #23-40,cliente178@email.com,Regular,76119528
179,Cliente_179,2010-04-01,40942292,3452194058,Calle 56 #18-41,cliente179@email.com,Bueno,216175561
180,Cliente_180,1982-07-30,26194158,3755070775,Calle 8 #5-43,cliente180@email.com,Bueno,198729258
181,Cliente_181,2007-11-07,35848226,3337691219,Calle 82 #26-24,cliente181@email.com,Bueno,240526327
182,Cliente_182,1986-06-18,52352128,3795411453,Calle 66 #48-44,cliente182@email.com,Bueno,178847869
183,Cliente_183,1994-12-28,26046365,3167878777,Calle 21 #2-10,cliente183@email.com,Regular,85070760
184,Cliente_184,2011-07-04,81922443,3782259766,Calle 78 #44-29,cliente184@email.com,Regular,143029299
185,Cliente_185,1992-05-30,34850391,3984607950,Calle 5 #9-5,cliente185@email.com,Excelente,158695877
186,Cliente_186,1976-10-06,35708194,3598503464,Calle 31 #50-42,cliente186@email.com,Excelente,55230686
187,Cliente_187,2009-10-03,39042654,3852775879,Calle 47 #24-25,cliente187@email.com,Excelente,143233656
188,Cliente_188,1978-10-14,74988034,3424474225,Calle 73 #3-39,cliente188@email.com,Regular,162965694
189,Cliente_189,1974-07-16,47111151,3797115550,Calle 20 #44-29,cliente189@email.com,Bueno,24401241
190,Cliente_190,2018-07-01,89133014,3538404342,Calle 48 #24-29,cliente190@email.com,Bueno,171946754
191,Cliente_191,1971-04-29,80415568,3225279834,Calle 98 #5-37,cliente191@email.com,Bueno,120297830
192,Cliente_192,1978-05-15,90099897,3250084428,Calle 18 #34-24,cliente192@email.com,Regular,287964446
193,Cliente_193,1991-03-17,47983442,3148690765,Calle 51 #21-42,cliente193@email.com,Excelente,283547847
194,Cliente_194,1984-12-02,23492385,3139956218,Calle 36 #16-8,cliente194@email.com,Bueno,111278830
195,Cliente_195,2006-06-18,36054020,3426808977,Calle 4 #48-12,cliente195@email.com,Excelente,220319725
196,Cliente_196,2013-07-27,49761527,3628951656,Calle 64 #34-25,cliente196@email.com,Excelente,168667929
197,Cliente_197,2013-03-09,40532273,3224683417,Calle 72 #8-17,cliente197@email.com,Regular,39296578
198,Cliente_198,1989-03-06,58436637,3204359116,Calle 100 #17-46,cliente198@email.com,Regular,138495261
199,Cliente_199,2005-12-24,34084236,3352114611,Calle 58 #14-40,cliente199@email.com,Bueno,275690821
200,Cliente_200,1975-04-06,50569669,3677186272,Calle 37 #45-32,cliente200@email.com,Regular,217170742
201,Cliente_201,1984-10-08,11898961,3245668163,Calle 26 #8-9,cliente201@email.com,Regular,70528792
202,Cliente_202,2004-01-01,81690398,3517305280,Calle 10 #29-12,cliente202@email.com,Regular,139429780
203,Cliente_203,1970-03-12,26989677,3587096273,Calle 92 #29-6,cliente203@email.com,Bueno,278211333
204,Cliente_204,2005-01-10,46817443,3498370582,Calle 88 #21-43,cliente204@email.com,Excelente,48124279
205,Cliente_205,1993-10-17,16109013,3819929088,Calle 45 #46-5,cliente205@email.com,Excelente,293621655
206,Cliente_206,2010-10-27,17318358,3897940629,Calle 71 #35-19,cliente206@email.com,Bueno,16478426
207,Cliente_207,1995-08-05,84270583,3847843987,Calle 39 #11-46,cliente207@email.com,Excelente,203863122
208,Cliente_208,2007-12-14,49209916,3680027275,Calle 91 #45-41,cliente208@email.com,Excelente,179904962
209,Cliente_209,2013-08-30,26948946,3550033924,Calle 23 #24-33,cliente209@email.com,Bueno,80857771
210,Cliente_210,1983-11-21,95613415,3730651895,Calle 29 #8-13,cliente210@email.com,Excelente,217682202
211,Cliente_211,1987-01-14,75884623,3897005281,Calle 18 #16-32,cliente211@email.com,Regular,235949389
212,Cliente_212,1996-08-14,23769080,3880179899,Calle 4 #24-36,cliente212@email.com,Bueno,206179322
213,Cliente_213,1989-07-13,11646234,3265917699,Calle 74 #24-30,cliente213@email.com,Bueno,102755355
214,Cliente_214,1975-04-01,87049595,3545478870,Calle 71 #9-40,cliente214@email.com,Regular,262874050
215,Cliente_215,2018-08-23,48163378,3803217037,Calle 12 #5-20,cliente215@email.com,Regular,49187196
216,Cliente_216,1975-06-21,73001391,3206323670,Calle 51 #46-47,cliente216@email.com,Regular,18960053
217,Cliente_217,1998-02-19,74251933,3995171130,Calle 62 #34-27,cliente217@email.com,Regular,46256274
218,Cliente_218,1975-02-17,69118721,3625432379,Calle 99 #27-37,cliente218@email.com,Bueno,17405289
219,Cliente_219,1974-07-02,55728776,3761051532,Calle 10 #9-21,cliente219@email.com,Bueno,150759649
220,Cliente_220,2012-10-10,34744872,3538211092,Calle 83 #5-29,cliente220@email.com,Bueno,125826111
221,Cliente_221,2015-02-11,16895666,3400368694,Calle 60 #44-34,cliente221@email.com,Regular,31381882
222,Cliente_222,2017-08-25,43887075,3135128844,Calle 45 #9-50,cliente222@email.com,Regular,42463968
223,Cliente_223,1984-02-15,74119726,3841183219,Calle 71 #41-38,cliente223@email.com,Regular,223661214
224,Cliente_224,1975-02-07,25312516,3497853519,Calle 24 #50-9,cliente224@email.com,Regular,281984496
225,Cliente_225,2015-07-24,18770247,3333291547,Calle 56 #33-4,cliente225@email.com,Regular,163806964
226,Cliente_226,1977-03-10,63782042,3576078963,Calle 16 #34-10,cliente226@email.com,Bueno,278998614
227,Cliente_227,1986-09-03,76001106,3577488537,Calle 39 #11-11,cliente227@email.com,Regular,233033352
228,Cliente_228,1976-02-24,19943140,3353524015,Calle 42 #46-15,cliente228@email.com,Regular,237405221
229,Cliente_229,1976-02-05,87446468,3489431174,Calle 45 #34-19,cliente229@email.com,Bueno,225971043
230,Cliente_230,1991-02-07,94482772,3206681214,Calle 11 #17-13,cliente230@email.com,Excelente,54253095
231,Cliente_231,2006-03-23,17195288,3836243579,Calle 82 #36-18,cliente231@email.com,Excelente,298066043
232,Cliente_232,1980-10-03,30364454,3494422907,Calle 17 #41-20,cliente232@email.com,Regular,298651522
233,Cliente_233,1992-02-02,30024960,3684615760,Calle 79 #35-6,cliente233@email.com,Excelente,91969688
234,Cliente_234,1973-07-26,85543051,3792377512,Calle 65 #42-11,cliente234@email.com,Excelente,158964359
235,Cliente_235,1977-05-10,50780112,3485123110,Calle 76 #38-10,cliente235@email.com,Bueno,54880838
236,Cliente_236,2007-08-12,21432787,3165015165,Calle 22 #43-40,cliente236@email.com,Regular,176379994
237,Cliente_237,2016-11-25,43311626,3527499187,Calle 93 #39-22,cliente237@email.com,Bueno,52424376
238,Cliente_238,1998-05-20,25898299,3396225446,Calle 73 #3-2,cliente238@email.com,Bueno,284504617
239,Cliente_239,1993-05-24,84903294,3303805386,Calle 11 #3-42,cliente239@email.com,Regular,119090821
240,Cliente_240,1988-04-29,65857931,3231167999,Calle 99 #37-17,cliente240@email.com,Bueno,93417462
241,Cliente_241,1998-03-10,91378577,3984968439,Calle 84 #14-50,cliente241@email.com,Regular,297972282
242,Cliente_242,1991-06-01,90010790,3588249062,Calle 74 #27-40,cliente242@email.com,Regular,185422730
243,Cliente_243,1993-10-30,93002706,3198433586,Calle 82 #2-32,cliente243@email.com,Excelente,219772377
244,Cliente_244,2005-07-05,40291214,3811642514,Calle 81 #35-19,cliente244@email.com,Regular,45495267
245,Cliente_245,1981-09-28,80138498,3327746886,Calle 83 #20-31,cliente245@email.com,Regular,176520977
246,Cliente_246,1996-11-30,61053474,3789024924,Calle 32 #44-26,cliente246@email.com,Regular,244873529
247,Cliente_247,2011-01-08,70467027,3786650291,Calle 39 #30-5,cliente247@email.com,Regular,138117474
248,Cliente_248,1998-05-14,69421007,3741180590,Calle 89 #4-11,cliente248@email.com,Regular,41088019
249,Cliente_249,1976-07-05,49910061,3122932394,Calle 57 #27-31,cliente249@email.com,Excelente,141254071
250,Cliente_250,1970-11-02,88990506,3154308262,Calle 60 #14-22,cliente250@email.com,Excelente,56285140
251,Cliente_251,2011-02-12,67556566,3944814262,Calle 78 #10-21,cliente251@email.com,Bueno,243261602
252,Cliente_252,1978-12-21,50987442,3458102728,Calle 92 #21-47,cliente252@email.com,Regular,72269823
253,Cliente_253,1976-07-28,86320155,3361530104,Calle 45 #26-9,cliente253@email.com,Regular,253402155
254,Cliente_254,2018-03-27,93352876,3235209737,Calle 98 #24-33,cliente254@email.com,Excelente,39543266
255,Cliente_255,1989-02-14,18083974,3945011302,Calle 72 #7-21,cliente255@email.com,Excelente,176048838
256,Cliente_256,2015-05-21,91823275,3706210987,Calle 31 #30-8,cliente256@email.com,Bueno,104299176
257,Cliente_257,1993-10-17,23318904,3320337809,Calle 35 #29-16,cliente257@email.com,Regular,74125476
258,Cliente_258,1981-11-19,37888820,3173669588,Calle 19 #7-4,cliente258@email.com,Regular,16799454
259,Cliente_259,2001-04-24,93955206,3991010113,Calle 38 #25-40,cliente259@email.com,Bueno,83665022
260,Cliente_260,1976-03-04,38323322,3921581473,Calle 54 #16-11,cliente260@email.com,Regular,16093809
261,Cliente_261,1991-12-01,45520201,3695076080,Calle 42 #37-47,cliente261@email.com,Regular,97956975
262,Cliente_262,2003-02-25,98641164,3322433532,Calle 41 #13-49,cliente262@email.com,Regular,276509663
263,Cliente_263,1995-07-27,20896797,3729624046,Calle 21 #32-33,cliente263@email.com,Excelente,196135898
264,Cliente_264,1984-02-26,31079846,3331875999,Calle 60 #32-20,cliente264@email.com,Excelente,290786364
265,Cliente_265,2009-04-24,42194159,3973008988,Calle 64 #2-6,cliente265@email.com,Excelente,287681897
266,Cliente_266,2018-09-26,33328859,3350180427,Calle 51 #33-30,cliente266@email.com,Regular,149182155
267,Cliente_267,1997-02-20,84087145,3452788129,Calle 31 #14-38,cliente267@email.com,Excelente,99637552
268,Cliente_268,2017-06-15,20075036,3931471931,Calle 46 #4-4,cliente268@email.com,Bueno,209645883
269,Cliente_269,1970-09-14,31009452,3258435089,Calle 37 #32-39,cliente269@email.com,Regular,78145351
270,Cliente_270,1996-11-10,10359129,3946799779,Calle 84 #44-31,cliente270@email.com,Regular,154291835
271,Cliente_271,1979-04-18,64830300,3739930411,Calle 37 #35-1,cliente271@email.com,Regular,73381218
272,Cliente_272,1982-01-18,70465583,3103044648,Calle 14 #28-9,cliente272@email.com,Regular,25760519
273,Cliente_273,1993-09-23,89699989,3397721596,Calle 34 #47-24,cliente273@email.com,Regular,189857674
274,Cliente_274,1980-05-10,73070585,3255357534,Calle 98 #26-24,cliente274@email.com,Bueno,240491873
275,Cliente_275,1979-08-09,49092160,3239577989,Calle 6 #26-4,cliente275@email.com,Excelente,156018471
276,Cliente_276,1983-12-12,14380847,3680051935,Calle 73 #36-13,cliente276@email.com,Bueno,291242091
277,Cliente_277,1994-06-08,41068214,3369137895,Calle 47 #36-19,cliente277@email.com,Excelente,44291013
278,Cliente_278,1995-04-12,48668783,3957397689,Calle 10 #25-33,cliente278@email.com,Excelente,151170016
279,Cliente_279,1988-11-23,47945817,3287364857,Calle 58 #49-36,cliente279@email.com,Bueno,51376658
280,Cliente_280,2000-10-05,70939053,3218032515,Calle 36 #40-44,cliente280@email.com,Excelente,276367199
281,Cliente_281,1988-04-07,19553585,3809805235,Calle 79 #8-9,cliente281@email.com,Excelente,254382446
282,Cliente_282,1993-09-07,41329612,3127681228,Calle 13 #26-24,cliente282@email.com,Bueno,284223934
283,Cliente_283,2015-05-06,45507920,3241522640,Calle 44 #36-24,cliente283@email.com,Excelente,203340044
284,Cliente_284,2013-10-30,93893865,3115956152,Calle 97 #10-13,cliente284@email.com,Regular,39763645
285,Cliente_285,1992-07-12,89160218,3484659715,Calle 78 #33-26,cliente285@email.com,Excelente,278226078
286,Cliente_286,1974-07-23,98742485,3948239575,Calle 65 #3-3,cliente286@email.com,Bueno,99593766
287,Cliente_287,1978-04-13,36550845,3946571918,Calle 5 #9-46,cliente287@email.com,Regular,207400874
288,Cliente_288,2008-01-01,67061186,3355477113,Calle 43 #31-34,cliente288@email.com,Regular,94455152
289,Cliente_289,1994-10-28,25405014,3732276010,Calle 59 #10-39,cliente289@email.com,Excelente,146964402
290,Cliente_290,1973-12-15,83089925,3447646966,Calle 66 #9-21,cliente290@email.com,Bueno,65246652
291,Cliente_291,1970-04-27,40173413,3116944811,Calle 79 #21-11,cliente291@email.com,Regular,71919257
292,Cliente_292,1999-12-04,96924061,3287095435,Calle 51 #40-48,cliente292@email.com,Excelente,132623689
293,Cliente_293,1981-09-26,29997018,3384936197,Calle 39 #38-22,cliente293@email.com,Regular,283173282
294,Cliente_294,1993-07-02,45652586,3156263020,Calle 65 #33-35,cliente294@email.com,Bueno,11378958
295,Cliente_295,1984-06-30,29090631,3236105947,Calle 63 #46-37,cliente295@email.com,Excelente,33642670
296,Cliente_296,2009-08-22,19584466,3896413702,Calle 39 #31-2,cliente296@email.com,Regular,16597111
297,Cliente_297,2008-05-15,18004482,3552002959,Calle 48 #22-44,cliente297@email.com,Bueno,141292560
298,Cliente_298,1970-11-13,32269779,3664880035,Calle 15 #27-38,cliente298@email.com,Regular,34686144
299,Cliente_299,1980-01-14,51286958,3222030010,Calle 40 #47-45,cliente299@email.com,Excelente,263276686
300,Cliente_300,1976-10-01,89865458,3900651998,Calle 81 #2-39,cliente300@email.com,Bueno,205408393
301,Cliente_301,1983-05-17,86397676,3168244921,Calle 61 #17-42,cliente301@email.com,Excelente,215610539
302,Cliente_302,2018-12-12,48736657,3611365210,Calle 100 #38-37,cliente302@email.com,Regular,90576093
303,Cliente_303,1973-03-26,68942178,3581331845,Calle 30 #47-4,cliente303@email.com,Regular,106078917
304,Cliente_304,2003-02-15,26690465,3935389432,Calle 75 #31-11,cliente304@email.com,Bueno,28985674
305,Cliente_305,1983-04-15,72907576,3488736388,Calle 68 #41-47,cliente305@email.com,Regular,235147182
306,Cliente_306,2008-07-23,50814428,3651085057,Calle 80 #50-25,cliente306@email.com,Excelente,130535742
307,Cliente_307,1981-06-08,64023778,3737444033,Calle 19 #44-16,cliente307@email.com,Regular,182766141
308,Cliente_308,1973-10-02,46540265,3217095851,Calle 5 #37-45,cliente308@email.com,Excelente,143285281
309,Cliente_309,1997-08-28,77172238,3585337126,Calle 15 #13-2,cliente309@email.com,Regular,233476057
310,Cliente_310,2002-09-18,82475098,3640992677,Calle 57 #21-27,cliente310@email.com,Excelente,181763868
311,Cliente_311,1973-07-31,76276072,3337887233,Calle 20 #27-45,cliente311@email.com,Excelente,155630507
312,Cliente_312,2002-02-06,68755000,3760465943,Calle 27 #27-33,cliente312@email.com,Excelente,51815300
313,Cliente_313,1988-11-05,20796722,3146562851,Calle 100 #40-31,cliente313@email.com,Regular,210149860
314,Cliente_314,1992-05-21,90267122,3880871219,Calle 95 #47-4,cliente314@email.com,Excelente,74102886
315,Cliente_315,1979-03-23,15350023,3940983577,Calle 91 #9-34,cliente315@email.com,Bueno,279531176
316,Cliente_316,2001-09-24,67985905,3807491789,Calle 27 #36-21,cliente316@email.com,Regular,38278144
317,Cliente_317,2006-06-17,53261270,3659903980,Calle 85 #31-34,cliente317@email.com,Excelente,106284767
318,Cliente_318,1983-11-13,91029073,3423873102,Calle 49 #21-12,cliente318@email.com,Excelente,129821564
319,Cliente_319,1991-03-29,43603811,3591819409,Calle 59 #35-22,cliente319@email.com,Excelente,286904125
320,Cliente_320,1984-07-30,13471527,3790781796,Calle 70 #23-44,cliente320@email.com,Excelente,34657724
321,Cliente_321,1985-11-19,22257687,3133447745,Calle 99 #47-44,cliente321@email.com,Bueno,225244890
322,Cliente_322,2006-12-28,40725714,3165310776,Calle 83 #45-17,cliente322@email.com,Bueno,47004598
323,Cliente_323,1972-03-23,87201917,3614302907,Calle 79 #31-13,cliente323@email.com,Bueno,259695532
324,Cliente_324,1986-02-03,88802305,3531233244,Calle 32 #18-36,cliente324@email.com,Excelente,161562344
325,Cliente_325,1999-10-21,12784407,3557707813,Calle 39 #15-20,cliente325@email.com,Excelente,176804598
326,Cliente_326,2006-12-09,46173157,3836691577,Calle 99 #19-46,cliente326@email.com,Regular,185718347
327,Cliente_327,1992-04-06,87342561,3215923129,Calle 27 #45-46,cliente327@email.com,Bueno,56377872
328,Cliente_328,1993-12-08,15399803,3626422169,Calle 63 #21-31,cliente328@email.com,Excelente,255213736
329,Cliente_329,1984-04-13,33513701,3864935082,Calle 45 #36-47,cliente329@email.com,Excelente,14278418
330,Cliente_330,1979-09-13,73149551,3576271425,Calle 36 #19-8,cliente330@email.com,Bueno,208062073
331,Cliente_331,2004-04-27,79654147,3178910051,Calle 74 #44-35,cliente331@email.com,Excelente,117734507
332,Cliente_332,1973-06-22,97444123,3186748119,Calle 49 #26-23,cliente332@email.com,Excelente,166548922
333,Cliente_333,2012-03-24,69355025,3445864933,Calle 99 #10-19,cliente333@email.com,Excelente,173160065
334,Cliente_334,1989-12-15,47333543,3753154389,Calle 6 #19-46,cliente334@email.com,Excelente,140236291
335,Cliente_335,1987-11-27,34359060,3259272239,Calle 11 #23-29,cliente335@email.com,Regular,259068744
336,Cliente_336,2011-04-19,88561612,3170525764,Calle 84 #17-48,cliente336@email.com,Regular,207715396
337,Cliente_337,2001-05-15,68503492,3235497187,Calle 62 #14-13,cliente337@email.com,Regular,274870995
338,Cliente_338,1997-05-19,95199362,3395296179,Calle 69 #18-36,cliente338@email.com,Bueno,114916615
339,Cliente_339,1990-06-02,75998319,3770355806,Calle 90 #18-9,cliente339@email.com,Bueno,141601488
340,Cliente_340,1989-12-31,22246348,3779760958,Calle 14 #40-48,cliente340@email.com,Bueno,90834710
341,Cliente_341,1972-02-15,73083727,3728530544,Calle 76 #16-16,cliente341@email.com,Regular,13424097
342,Cliente_342,1987-04-30,56702542,3688793237,Calle 7 #43-34,cliente342@email.com,Bueno,230136460
343,Cliente_343,2005-09-30,64807553,3864668242,Calle 29 #41-15,cliente343@email.com,Excelente,22836722
344,Cliente_344,1999-06-14,54735895,3449165212,Calle 7 #7-27,cliente344@email.com,Excelente,135089710
345,Cliente_345,1994-12-30,53091709,3508992977,Calle 43 #46-31,cliente345@email.com,Excelente,195984807
346,Cliente_346,1976-03-24,99943797,3741444618,Calle 13 #44-50,cliente346@email.com,Excelente,15151176
347,Cliente_347,1995-01-16,24039158,3669681065,Calle 18 #1-36,cliente347@email.com,Excelente,189861083
348,Cliente_348,2001-07-03,31585546,3416644047,Calle 21 #27-42,cliente348@email.com,Excelente,10784924
349,Cliente_349,2015-09-14,54265498,3587173220,Calle 61 #31-42,cliente349@email.com,Excelente,212011011
350,Cliente_350,2005-11-09,65250068,3642831335,Calle 26 #49-19,cliente350@email.com,Bueno,175093519
351,Cliente_351,2018-02-08,76500726,3750072069,Calle 42 #19-42,cliente351@email.com,Regular,65807205
352,Cliente_352,1999-09-17,48683937,3561923010,Calle 8 #50-6,cliente352@email.com,Regular,120162888
353,Cliente_353,1972-06-23,98930456,3206492059,Calle 84 #37-15,cliente353@email.com,Regular,294441984
354,Cliente_354,1980-05-07,63747791,3951580447,Calle 69 #48-47,cliente354@email.com,Regular,137865252
355,Cliente_355,1993-06-08,83832717,3853529912,Calle 5 #12-27,cliente355@email.com,Excelente,235386912
356,Cliente_356,1986-01-08,14925405,3222851168,Calle 23 #3-26,cliente356@email.com,Excelente,274155991
357,Cliente_357,1993-10-25,71045700,3802992685,Calle 64 #12-48,cliente357@email.com,Excelente,42155922
358,Cliente_358,1973-06-07,21819185,3798916441,Calle 38 #3-1,cliente358@email.com,Excelente,86436180
359,Cliente_359,1979-09-23,52213778,3925667446,Calle 39 #37-39,cliente359@email.com,Bueno,160230049
360,Cliente_360,2008-12-26,43876400,3691991695,Calle 14 #22-19,cliente360@email.com,Regular,59943298
361,Cliente_361,2001-01-05,53389073,3873995963,Calle 59 #42-35,cliente361@email.com,Bueno,33568774
362,Cliente_362,1998-02-21,25558733,3330879256,Calle 68 #32-9,cliente362@email.com,Regular,134270888
363,Cliente_363,2009-02-24,64247457,3561784080,Calle 65 #30-18,cliente363@email.com,Bueno,289043605
364,Cliente_364,2015-11-19,79067939,3584853393,Calle 25 #8-22,cliente364@email.com,Regular,231758183
365,Cliente_365,1980-05-17,10154493,3345343109,Calle 21 #47-30,cliente365@email.com,Regular,209980106
366,Cliente_366,2004-07-23,98269682,3544328940,Calle 83 #17-46,cliente366@email.com,Bueno,256132777
367,Cliente_367,1987-01-20,82825679,3463925049,Calle 24 #1-48,cliente367@email.com,Bueno,55581639
368,Cliente_368,1992-11-07,72005415,3988434627,Calle 44 #19-37,cliente368@email.com,Excelente,61312512
369,Cliente_369,1973-12-25,65465150,3586940738,Calle 87 #49-13,cliente369@email.com,Bueno,281349465
370,Cliente_370,2009-02-13,17275149,3528133274,Calle 23 #40-41,cliente370@email.com,Regular,81679700
371,Cliente_371,1970-02-25,35176902,3546665485,Calle 52 #28-33,cliente371@email.com,Regular,221715738
372,Cliente_372,2016-08-23,79583757,3883415470,Calle 42 #6-26,cliente372@email.com,Regular,50174308
373,Cliente_373,2018-04-22,58557203,3202097643,Calle 86 #7-12,cliente373@email.com,Regular,43437859
374,Cliente_374,1987-09-05,93568503,3435596237,Calle 18 #31-21,cliente374@email.com,Bueno,243529652
375,Cliente_375,2002-09-04,76906611,3558234365,Calle 32 #1-17,cliente375@email.com,Excelente,80173478
376,Cliente_376,2008-09-10,93940940,3435569630,Calle 50 #16-29,cliente376@email.com,Regular,137115857
377,Cliente_377,1976-04-11,69329732,3814154134,Calle 97 #18-22,cliente377@email.com,Regular,166592374
378,Cliente_378,1999-08-16,16927215,3373685835,Calle 39 #38-47,cliente378@email.com,Regular,150118442
379,Cliente_379,1998-03-01,37321124,3501902658,Calle 74 #1-17,cliente379@email.com,Bueno,179119120
380,Cliente_380,1981-03-07,45843681,3263894795,Calle 84 #24-45,cliente380@email.com,Regular,220964859
381,Cliente_381,1996-12-10,83715012,3837468465,Calle 31 #4-43,cliente381@email.com,Excelente,185154979
382,Cliente_382,2015-07-01,27584297,3609241268,Calle 16 #30-20,cliente382@email.com,Excelente,180755937
383,Cliente_383,1997-09-30,48658617,3172083844,Calle 21 #26-44,cliente383@email.com,Regular,253072520
384,Cliente_384,2006-08-22,68802946,3197951867,Calle 65 #46-50,cliente384@email.com,Regular,156005198
385,Cliente_385,1999-04-07,75056916,3993108266,Calle 40 #45-8,cliente385@email.com,Bueno,135419072
386,Cliente_386,2006-02-06,26297533,3191659287,Calle 82 #19-24,cliente386@email.com,Regular,50097508
387,Cliente_387,1996-07-11,13874790,3200105056,Calle 79 #15-15,cliente387@email.com,Bueno,118830512
388,Cliente_388,1981-06-02,94560158,3563723880,Calle 18 #31-10,cliente388@email.com,Excelente,83074490
389,Cliente_389,1987-03-19,91721371,3203685265,Calle 59 #48-39,cliente389@email.com,Bueno,68504344
390,Cliente_390,2007-09-21,42117961,3899496315,Calle 48 #27-45,cliente390@email.com,Bueno,93435405
391,Cliente_391,2004-01-06,31257157,3893276164,Calle 71 #31-49,cliente391@email.com,Regular,66724573
392,Cliente_392,1985-08-12,51708177,3500126515,Calle 69 #43-14,cliente392@email.com,Excelente,98248146
393,Cliente_393,1996-12-31,83932360,3971630639,Calle 98 #16-44,cliente393@email.com,Bueno,251359308
394,Cliente_394,2006-06-07,11835355,3239710404,Calle 97 #39-6,cliente394@email.com,Excelente,260211434
395,Cliente_395,2019-02-27,84121929,3697398528,Calle 68 #29-34,cliente395@email.com,Bueno,178595339
396,Cliente_396,1970-01-14,64759583,3164404084,Calle 91 #24-5,cliente396@email.com,Excelente,228244764
397,Cliente_397,1997-04-06,22510327,3729712082,Calle 73 #8-4,cliente397@email.com,Bueno,74820041
398,Cliente_398,1995-09-28,40158811,3702998820,Calle 71 #33-13,cliente398@email.com,Excelente,297722302
399,Cliente_399,1988-11-09,25228493,3703102938,Calle 74 #35-10,cliente399@email.com,Bueno,202354105
400,Cliente_400,2008-07-26,71934487,3453954673,Calle 22 #21-34,cliente400@email.com,Excelente,121473849
401,Cliente_401,1998-11-29,25766039,3819421270,Calle 57 #8-44,cliente401@email.com,Bueno,252621134
402,Cliente_402,2011-09-19,96934122,3231244840,Calle 27 #46-38,cliente402@email.com,Regular,175521444
403,Cliente_403,2009-08-20,30665654,3541102414,Calle 63 #6-33,cliente403@email.com,Excelente,258757308
404,Cliente_404,2009-09-01,76890827,3479673044,Calle 58 #4-30,cliente404@email.com,Regular,152275045
405,Cliente_405,1989-03-04,49172995,3814403943,Calle 17 #33-27,cliente405@email.com,Regular,74378103
406,Cliente_406,2015-11-11,78299645,3905611583,Calle 59 #37-4,cliente406@email.com,Bueno,58544344
407,Cliente_407,2012-06-14,46698468,3554124989,Calle 72 #30-44,cliente407@email.com,Regular,94619110
408,Cliente_408,1985-03-23,65766169,3874233009,Calle 40 #47-2,cliente408@email.com,Excelente,173324175
409,Cliente_409,1977-08-10,74759996,3155239803,Calle 51 #17-1,cliente409@email.com,Bueno,31651903
410,Cliente_410,1995-06-18,73380266,3408839723,Calle 96 #14-38,cliente410@email.com,Bueno,125438405
411,Cliente_411,2016-03-30,42713008,3744685429,Calle 10 #3-28,cliente411@email.com,Excelente,185982883
412,Cliente_412,2000-01-27,71308842,3435489452,Calle 45 #45-5,cliente412@email.com,Excelente,89630734
413,Cliente_413,1978-05-19,83989546,3477577220,Calle 70 #4-5,cliente413@email.com,Regular,58969554
414,Cliente_414,1991-01-27,29413516,3211240259,Calle 61 #3-19,cliente414@email.com,Regular,143261446
415,Cliente_415,1997-11-06,61484043,3720535283,Calle 53 #12-50,cliente415@email.com,Bueno,200987939
416,Cliente_416,1990-02-26,35583290,3644830077,Calle 18 #50-42,cliente416@email.com,Excelente,222732125
417,Cliente_417,1987-11-13,90447099,3328426553,Calle 94 #42-27,cliente417@email.com,Excelente,285661564
418,Cliente_418,1983-03-22,78214937,3266140258,Calle 48 #25-29,cliente418@email.com,Bueno,36280162
419,Cliente_419,1972-03-11,28321839,3805165232,Calle 49 #25-6,cliente419@email.com,Regular,170438887
420,Cliente_420,1974-02-23,19369750,3617746926,Calle 88 #43-35,cliente420@email.com,Excelente,149675983
421,Cliente_421,1991-12-20,47077298,3340781088,Calle 18 #42-23,cliente421@email.com,Regular,103344531
422,Cliente_422,2012-08-17,65692629,3216198604,Calle 16 #12-35,cliente422@email.com,Regular,26687068
423,Cliente_423,1976-07-14,55617282,3475932035,Calle 51 #34-9,cliente423@email.com,Bueno,227106422
424,Cliente_424,2010-11-10,78147397,3697285504,Calle 94 #15-1,cliente424@email.com,Excelente,252773652
425,Cliente_425,2007-03-08,45859307,3494665673,Calle 97 #2-20,cliente425@email.com,Bueno,144138611
426,Cliente_426,1987-06-12,10344303,3223357166,Calle 60 #44-47,cliente426@email.com,Bueno,60855246
427,Cliente_427,2004-06-13,47962005,3918841563,Calle 70 #28-35,cliente427@email.com,Regular,258057581
428,Cliente_428,2014-05-09,50071487,3399110343,Calle 49 #15-16,cliente428@email.com,Excelente,64711089
429,Cliente_429,2005-11-08,88777447,3716435189,Calle 59 #23-10,cliente429@email.com,Bueno,85050819
430,Cliente_430,1991-11-21,87835998,3342836476,Calle 36 #13-47,cliente430@email.com,Excelente,75204722
431,Cliente_431,1983-03-29,98575748,3966747347,Calle 98 #8-3,cliente431@email.com,Bueno,16419325
432,Cliente_432,1970-07-01,75718414,3560755939,Calle 85 #27-40,cliente432@email.com,Excelente,43108389
433,Cliente_433,1979-07-25,29944139,3702332331,Calle 99 #2-16,cliente433@email.com,Bueno,129340035
434,Cliente_434,2008-02-22,69934576,3924024405,Calle 27 #5-7,cliente434@email.com,Regular,80177210
435,Cliente_435,1989-08-19,82287061,3978779150,Calle 77 #3-29,cliente435@email.com,Regular,116371861
436,Cliente_436,1985-10-12,75007200,3767570850,Calle 77 #44-46,cliente436@email.com,Bueno,225060723
437,Cliente_437,2016-06-20,56321751,3758819288,Calle 7 #16-48,cliente437@email.com,Regular,209844690
438,Cliente_438,2011-09-05,54619335,3824750726,Calle 6 #26-29,cliente438@email.com,Bueno,55118323
439,Cliente_439,1974-07-04,84077101,3790092970,Calle 30 #35-14,cliente439@email.com,Regular,148953276
440,Cliente_440,1992-05-10,82937948,3697794767,Calle 97 #50-4,cliente440@email.com,Excelente,50258438
441,Cliente_441,1980-11-20,60628276,3128189836,Calle 18 #33-19,cliente441@email.com,Regular,21703881
442,Cliente_442,2010-12-14,71115319,3753903309,Calle 30 #47-37,cliente442@email.com,Excelente,44613160
443,Cliente_443,1981-12-18,53188224,3806340901,Calle 41 #37-39,cliente443@email.com,Excelente,116166402
444,Cliente_444,2011-09-08,35320492,3990626742,Calle 99 #44-21,cliente444@email.com,Regular,248065378
445,Cliente_445,2017-08-26,42051937,3844609017,Calle 31 #20-10,cliente445@email.com,Excelente,79144436
446,Cliente_446,1998-06-20,86745380,3387169808,Calle 85 #34-15,cliente446@email.com,Regular,59380653
447,Cliente_447,2009-09-15,61401477,3131088245,Calle 53 #20-18,cliente447@email.com,Excelente,187999494
448,Cliente_448,2015-04-15,41348220,3293720285,Calle 8 #36-38,cliente448@email.com,Regular,75781538
449,Cliente_449,2008-04-14,65133300,3393421844,Calle 95 #12-41,cliente449@email.com,Excelente,32922410
450,Cliente_450,2019-02-25,15858241,3854517058,Calle 87 #28-36,cliente450@email.com,Bueno,257494765
451,Cliente_451,2010-01-02,52704903,3918630985,Calle 64 #4-23,cliente451@email.com,Regular,37185908
452,Cliente_452,1984-04-12,73481797,3431769776,Calle 83 #43-25,cliente452@email.com,Regular,100188516
453,Cliente_453,2012-08-02,61167978,3464883950,Calle 68 #21-45,cliente453@email.com,Regular,242549056
454,Cliente_454,2010-05-18,61818612,3476908532,Calle 54 #27-10,cliente454@email.com,Excelente,222063306
455,Cliente_455,1993-04-03,99078806,3106556040,Calle 39 #25-12,cliente455@email.com,Bueno,276355831
456,Cliente_456,1992-03-07,97512508,3294782734,Calle 97 #35-31,cliente456@email.com,Excelente,25828185
457,Cliente_457,1994-11-17,30415230,3253815116,Calle 31 #15-20,cliente457@email.com,Excelente,215476303
458,Cliente_458,2016-10-07,76481885,3708082645,Calle 91 #10-30,cliente458@email.com,Regular,239063502
459,Cliente_459,2013-06-23,14968688,3805818425,Calle 8 #36-27,cliente459@email.com,Excelente,102775164
460,Cliente_460,1991-06-19,26944487,3530338918,Calle 54 #36-34,cliente460@email.com,Excelente,200021839
461,Cliente_461,1994-08-21,77416376,3174716780,Calle 18 #25-16,cliente461@email.com,Bueno,125274829
462,Cliente_462,2009-06-18,89212676,3252336745,Calle 33 #14-22,cliente462@email.com,Excelente,110475989
463,Cliente_463,1976-12-13,54559574,3895609471,Calle 83 #6-29,cliente463@email.com,Bueno,157629714
464,Cliente_464,1995-08-20,23470708,3779863265,Calle 48 #6-35,cliente464@email.com,Regular,160245768
465,Cliente_465,1991-01-14,69096899,3132917811,Calle 93 #13-4,cliente465@email.com,Bueno,249450562
466,Cliente_466,1994-05-18,23383077,3198524063,Calle 35 #25-44,cliente466@email.com,Bueno,89795880
467,Cliente_467,2000-02-18,80591959,3901131404,Calle 78 #39-3,cliente467@email.com,Regular,28602276
468,Cliente_468,1998-09-07,71327848,3669601448,Calle 10 #13-49,cliente468@email.com,Bueno,141954697
469,Cliente_469,2018-06-17,12059919,3330997172,Calle 76 #47-43,cliente469@email.com,Bueno,168433379
470,Cliente_470,1977-03-25,29348212,3503935666,Calle 72 #14-31,cliente470@email.com,Regular,277840394
471,Cliente_471,1982-06-01,65026398,3550791704,Calle 27 #22-20,cliente471@email.com,Excelente,231186628
472,Cliente_472,1983-07-14,97883261,3587098457,Calle 2 #14-13,cliente472@email.com,Bueno,267177772
473,Cliente_473,1990-09-30,30718012,3466034277,Calle 95 #8-48,cliente473@email.com,Excelente,42737888
474,Cliente_474,2004-05-13,20043277,3269016920,Calle 97 #31-16,cliente474@email.com,Regular,57095148
475,Cliente_475,1983-09-17,73013961,3497341481,Calle 90 #39-46,cliente475@email.com,Regular,160203589
476,Cliente_476,1989-03-12,45570755,3434618074,Calle 27 #26-16,cliente476@email.com,Excelente,215629763
477,Cliente_477,1975-10-06,55440919,3874807770,Calle 71 #21-50,cliente477@email.com,Bueno,83678025
478,Cliente_478,2007-03-22,93652460,3448303473,Calle 37 #25-30,cliente478@email.com,Excelente,235074983
479,Cliente_479,2006-07-27,63349308,3934120892,Calle 69 #42-23,cliente479@email.com,Regular,117083092
480,Cliente_480,1999-09-08,97219599,3709448939,Calle 40 #17-24,cliente480@email.com,Regular,292294273
481,Cliente_481,2018-09-06,20779739,3740190407,Calle 66 #32-30,cliente481@email.com,Bueno,143760181
482,Cliente_482,2011-10-20,54099326,3191221925,Calle 13 #47-31,cliente482@email.com,Regular,20485078
483,Cliente_483,2007-04-21,81621574,3156488296,Calle 98 #21-14,cliente483@email.com,Excelente,215352092
484,Cliente_484,1975-08-03,61003997,3267052653,Calle 48 #21-27,cliente484@email.com,Excelente,202796846
485,Cliente_485,1988-07-22,52501540,3269017588,Calle 6 #37-15,cliente485@email.com,Excelente,267528622
486,Cliente_486,2007-09-11,94127561,3910069356,Calle 95 #10-2,cliente486@email.com,Excelente,270210319
487,Cliente_487,2004-12-10,75491202,3763398699,Calle 34 #36-38,cliente487@email.com,Bueno,194701910
488,Cliente_488,1971-10-03,82613940,3153432064,Calle 75 #47-27,cliente488@email.com,Excelente,279720327
489,Cliente_489,2004-02-16,14818295,3823668399,Calle 38 #10-13,cliente489@email.com,Bueno,182660058
490,Cliente_490,2012-10-16,92874006,3187597497,Calle 43 #15-25,cliente490@email.com,Regular,218510611
491,Cliente_491,1970-07-13,19183277,3392168202,Calle 73 #16-32,cliente491@email.com,Regular,155189055
492,Cliente_492,2001-07-23,41510328,3575788930,Calle 71 #42-44,cliente492@email.com,Bueno,106537912
493,Cliente_493,1996-10-15,94712997,3810751262,Calle 44 #17-49,cliente493@email.com,Bueno,23992450
494,Cliente_494,2004-12-27,48571356,3555282394,Calle 63 #47-42,cliente494@email.com,Regular,181196091
495,Cliente_495,2007-08-05,40532691,3621475287,Calle 95 #32-30,cliente495@email.com,Regular,127585571
496,Cliente_496,2018-04-15,22130508,3751842899,Calle 22 #47-23,cliente496@email.com,Excelente,25732174
497,Cliente_497,2018-12-30,68246664,3574641329,Calle 22 #9-47,cliente497@email.com,Bueno,160824577
498,Cliente_498,1989-10-14,23212812,3544726404,Calle 70 #32-12,cliente498@email.com,Regular,41455927
499,Cliente_499,2013-10-20,95060193,3393310667,Calle 70 #42-4,cliente499@email.com,Bueno,263233627
500,Cliente_500,1989-09-08,23489853,3331465414,Calle 68 #3-5,cliente500@email.com,Regular,294236797
